+ export PYTHONIOENCODING=utf-8 PYTHONPATH=.
+ PYTHONIOENCODING=utf-8
+ PYTHONPATH=.
+ PY=.venv/Scripts/python.exe
++ .venv/Scripts/python.exe -c '
import json; t={x['\''id'\''] for x in json.load(open('\''knowledge/targets.json'\'',encoding='\''utf-8'\'')) if x['\''round'\'']=='\''2'\''}
import glob
print('\'' '\''.join(json.load(open(p,encoding='\''utf-8'\''))['\''id'\''] for p in glob.glob('\''probe/specs/*.json'\'') if json.load(open(p,encoding='\''utf-8'\''))['\''id'\''] in t and not json.load(open(p,encoding='\''utf-8'\'')).get('\''swagger'\'') and '\''openapi.do'\'' in json.load(open(p,encoding='\''utf-8'\''))['\''url'\'']))'
+ IDS='15000115 15000371 15001810 15003823 15004511 15004788 15017667 15028050 15032175 15038775 15040265 15040363 15040871 15048854 15056672 15057131 15057288 15057437 15058316 15058883 15059977 15059991 15062014 15062474 15062787 15062914 15062936 15063444 15073918 15074658 15074722 15075354 15075365 15075386 15076243 15076302 15076798 15077871 15078373 15079225 15079311 15081808 15083709 15084667 15084895 15085516 15086418 15086442 15092289 15094331 15095069 15095073 15095835 15097226 15097233 15097861 15097938 15097970 15098454 15098795 15098825 15098827 15099046 15099100 15099919 15110193 3036708 3045532 3048029 3056955 3066755 3069406 3069985 3074263 3074284'
+ .venv/Scripts/python.exe -m pds.probe.spec_old 15000115 15000371 15001810 15003823 15004511 15004788 15017667 15028050 15032175 15038775 15040265 15040363 15040871 15048854 15056672 15057131 15057288 15057437 15058316 15058883 15059977 15059991 15062014 15062474 15062787 15062914 15062936 15063444 15073918 15074658 15074722 15075354 15075365 15075386 15076243 15076302 15076798 15077871 15078373 15079225 15079311 15081808 15083709 15084667 15084895 15085516 15086418 15086442 15092289 15094331 15095069 15095073 15095835 15097226 15097233 15097861 15097938 15097970 15098454 15098795 15098825 15098827 15099046 15099100 15099919 15110193 3036708 3045532 3048029 3056955 3066755 3069406 3069985 3074263 3074284
+ .venv/Scripts/python.exe -m pds probe-apply 2
{'15048854': 'submitted', '15058316': 'submitted', '15028050': 'no_form', '15058883': 'submitted', '15092289': 'submitted', '15125733': 'submitted', '15155124': 'submitted', '15074658': 'submitted', '15144640': 'submitted', '15095253': 'submitted', '15076243': 'submitted', '3069985': 'submitted', '15017667': 'submitted', '15006969': 'submitted', '15056658': 'submitted', '15155058': 'submitted', '15000371': 'submitted', '15075918': 'submitted', '15047819': 'no_form', '15000115': 'submitted', '15112316': 'submitted', '15076302': 'no_form', '15077871': 'submitted', '15119304': 'submitted', '15056760': 'submitted', '15113986': 'submitted', '15125635': 'submitted', '15076798': 'submitted', '3048029': 'submitted', '15056672': 'submitted', '3074284': 'submitted', '15098526': 'submitted', '15075354': 'submitted', '15032175': 'submitted', '15062474': 'submitted', '15040265': 'submitted', '15095335': 'submitted', '15058410': 'submitted', '15154958': 'submitted', '15084667': 'submitted', '15063444': 'submitted', '15004511': 'submitted', '3069406': 'submitted', '15097938': 'submitted', '3056342': 'submitted', '15003823': 'submitted', '15005710': 'submitted', '15097861': 'submitted', '15057437': 'submitted', '15106208': 'submitted', '15099100': 'submitted', '15097226': 'submitted', '15094331': 'submitted', '15085516': 'submitted', '15140047': 'submitted', '15057288': 'submitted', '15073918': 'submitted', '15108846': 'submitted', '15000943': 'submitted', '15101636': 'submitted', '15098827': 'submitted', '15079311': 'submitted', '3045532': 'submitted', '15158416': 'submitted', '15068991': 'submitted', '15062014': 'submitted', '3056955': 'submitted', '15128555': 'submitted', '15040363': 'submitted', '15155077': 'submitted', '15075386': 'submitted', '15110033': 'submitted', '15124856': 'submitted', '15001810': 'submitted', '15055851': 'submitted', '3066755': 'submitted', '15084895': 'submitted', '15081808': 'no_form', '15098825': 'submitted', '15101589': 'submitted', '15099919': 'submitted', '15104291': 'submitted', '15000997': 'submitted', '15109778': 'submitted', '15110193': 'no_form', '15038775': 'no_form', '15059977': 'submitted', '15062936': 'submitted', '15094798': 'submitted', '15040871': 'submitted', '15047817': 'submitted', '15079264': 'submitted', '15057131': 'submitted', '15139520': 'submitted', '15109495': 'submitted', '3064321': 'submitted', '15074722': 'submitted', '15098795': 'submitted', '15142297': 'submitted', '15109490': 'submitted', '15086418': 'submitted', '15097970': 'submitted', '15155020': 'submitted', '15004788': 'submitted', '15095069': 'submitted', '15079225': 'submitted', '15095073': 'submitted', '15075365': 'submitted', '15059991': 'submitted', '15099046': 'submitted', '15111004': 'submitted', '15062787': 'submitted', '15110547': 'submitted', '15141718': 'submitted', '15098454': 'submitted', '15107356': 'submitted', '15126348': 'submitted', '15134229': 'submitted', '15110441': 'submitted', '15062914': 'submitted', '3036708': 'no_form', '15141079': 'submitted', '15126533': 'submitted', '15104028': 'submitted', '3074263': 'no_form', '15097233': 'submitted', '15086442': 'submitted', '15158944': 'submitted', '15095835': 'submitted', '15078373': 'submitted', '15110882': 'submitted', '15109848': 'submitted', '15121954': 'submitted', '15107409': 'submitted', '15143072': 'submitted', '15157721': 'submitted', '15152884': 'submitted', '15158490': 'submitted', '15110892': 'submitted', '15143589': 'submitted', '15149911': 'submitted', '15159559': 'submitted', '15083709': 'submitted', '15110910': 'submitted', '15143071': 'submitted', '15110530': 'submitted', '15108532': 'submitted', '15157839': 'submitted', '15158948': 'submitted', '15148366': 'submitted'}
+ .venv/Scripts/python.exe -m pds probe-run 2 --max-rows 1000
E:\sources\260928 data_go_mcp\reports\phase2_round2.md
+ .venv/Scripts/python.exe -c '
import asyncio,json
from pds.probe.files import run_files
t=json.load(open('\''knowledge/targets.json'\'',encoding='\''utf-8'\''))
items=[(x['\''id'\''],x['\''url'\'']) for x in t if x['\''round'\'']=='\''2'\'' and x['\''kind'\''] in ('\''STD'\'','\''FILE'\'')]
for r in asyncio.run(run_files(items)): print('\''FILE'\'',r['\''id'\''],r.get('\''rows'\''),r.get('\''error'\'','\'''\'')[:120])
'
FILE 15034532 None TimeoutError('Timeout 180000ms exceeded while waiting for event "download"\n=========================== logs ===========
FILE 15034530 50000 
FILE 15017323 1076 
FILE 15107746 26353 
FILE 15021137 326 
FILE 15107736 1995 
FILE 15107742 50000 
FILE 15107744 3061 
FILE 15107729 1320 
FILE 15025453 58 
FILE 15029071 None TimeoutError('Locator.click: Timeout 30000ms exceeded.\nCall log:\n  - waiting for locator("#stdCsvDownloadBtn").first\n
FILE 15139224 196 
FILE 15107735 None TimeoutError('Locator.click: Timeout 30000ms exceeded.\nCall log:\n  - waiting for locator("#stdCsvDownloadBtn").first\n
FILE 15021149 7140 
FILE 15029187 None TimeoutError('Locator.click: Timeout 30000ms exceeded.\nCall log:\n  - waiting for locator("#stdCsvDownloadBtn").first\n
FILE 15096277 None TimeoutError('Locator.click: Timeout 30000ms exceeded.\nCall log:\n  - waiting for locator("#stdCsvDownloadBtn").first\n
FILE 15139236 3036 
FILE 15139222 783 
FILE 15029174 None TimeoutError('Locator.click: Timeout 30000ms exceeded.\nCall log:\n  - waiting for locator("#stdCsvDownloadBtn").first\n
FILE 15107740 1318 
FILE 15040692 5604706 
FILE 15117029 22 
FILE 15002377 2435 
FILE 15032332 321 
FILE 3075684 2877 
FILE 15012855 137 
FILE 15134068 12 
FILE 15089826 1452 
FILE 15010672 513 
FILE 15048070 13 
FILE 15002987 859 
FILE 15081941 71700 
FILE 15067668 82733 
FILE 15123431 92 
FILE 15070277 55 
FILE 3038661 9 
FILE 15106890 142 
FILE 15050426 1142 
FILE 15025947 4 
FILE 15129308 1127 
FILE 15068276 77 
FILE 15002708 30 
FILE 15061057 11050 
FILE 15137542 None ValueError('다운로드 버튼(fn_fileDataDown) 없음')
FILE 15077685 23 
FILE 15047506 33 
FILE 15049193 66 
FILE 15069760 131 
FILE 15044528 160 
FILE 15117080 18 
FILE 15098572 23452 
FILE 15129688 235585 
FILE 15065783 6 
FILE 15033857 13 
FILE 3057939 13 
FILE 15078756 833 
FILE 15077165 None ImportError('`Import openpyxl` failed.  Use pip or conda to install the openpyxl package.')
FILE 15160384 3 
+ .venv/Scripts/python.exe -m pds probe-report 2
E:\sources\260928 data_go_mcp\reports\phase2_round2.md
+ .venv/Scripts/python.exe -m pds.probe.synth 2
E:\sources\260928 data_go_mcp\pds\probe\synth.py:54: UserWarning: This pattern is interpreted as a regular expression, and has match groups. To actually get the groups, use str.extract.
  if v.str.contains(r"(시|도)\S*\s*\S+(구|군|시)").mean() > 0.6 if not digits.mean() > 0.9 else False:
E:\sources\260928 data_go_mcp\pds\probe\synth.py:54: UserWarning: This pattern is interpreted as a regular expression, and has match groups. To actually get the groups, use str.extract.
  if v.str.contains(r"(시|도)\S*\s*\S+(구|군|시)").mean() > 0.6 if not digits.mean() > 0.9 else False:
E:\sources\260928 data_go_mcp\pds\probe\synth.py:54: UserWarning: This pattern is interpreted as a regular expression, and has match groups. To actually get the groups, use str.extract.
  if v.str.contains(r"(시|도)\S*\s*\S+(구|군|시)").mean() > 0.6 if not digits.mean() > 0.9 else False:
E:\sources\260928 data_go_mcp\pds\probe\synth.py:54: UserWarning: This pattern is interpreted as a regular expression, and has match groups. To actually get the groups, use str.extract.
  if v.str.contains(r"(시|도)\S*\s*\S+(구|군|시)").mean() > 0.6 if not digits.mean() > 0.9 else False:
E:\sources\260928 data_go_mcp\pds\probe\synth.py:54: UserWarning: This pattern is interpreted as a regular expression, and has match groups. To actually get the groups, use str.extract.
  if v.str.contains(r"(시|도)\S*\s*\S+(구|군|시)").mean() > 0.6 if not digits.mean() > 0.9 else False:
E:\sources\260928 data_go_mcp\pds\probe\synth.py:54: UserWarning: This pattern is interpreted as a regular expression, and has match groups. To actually get the groups, use str.extract.
  if v.str.contains(r"(시|도)\S*\s*\S+(구|군|시)").mean() > 0.6 if not digits.mean() > 0.9 else False:
E:\sources\260928 data_go_mcp\pds\probe\synth.py:54: UserWarning: This pattern is interpreted as a regular expression, and has match groups. To actually get the groups, use str.extract.
  if v.str.contains(r"(시|도)\S*\s*\S+(구|군|시)").mean() > 0.6 if not digits.mean() > 0.9 else False:
E:\sources\260928 data_go_mcp\pds\probe\synth.py:54: UserWarning: This pattern is interpreted as a regular expression, and has match groups. To actually get the groups, use str.extract.
  if v.str.contains(r"(시|도)\S*\s*\S+(구|군|시)").mean() > 0.6 if not digits.mean() > 0.9 else False:
E:\sources\260928 data_go_mcp\pds\probe\synth.py:54: UserWarning: This pattern is interpreted as a regular expression, and has match groups. To actually get the groups, use str.extract.
  if v.str.contains(r"(시|도)\S*\s*\S+(구|군|시)").mean() > 0.6 if not digits.mean() > 0.9 else False:
E:\sources\260928 data_go_mcp\pds\probe\synth.py:54: UserWarning: This pattern is interpreted as a regular expression, and has match groups. To actually get the groups, use str.extract.
  if v.str.contains(r"(시|도)\S*\s*\S+(구|군|시)").mean() > 0.6 if not digits.mean() > 0.9 else False:
E:\sources\260928 data_go_mcp\pds\probe\synth.py:54: UserWarning: This pattern is interpreted as a regular expression, and has match groups. To actually get the groups, use str.extract.
  if v.str.contains(r"(시|도)\S*\s*\S+(구|군|시)").mean() > 0.6 if not digits.mean() > 0.9 else False:
E:\sources\260928 data_go_mcp\pds\probe\synth.py:54: UserWarning: This pattern is interpreted as a regular expression, and has match groups. To actually get the groups, use str.extract.
  if v.str.contains(r"(시|도)\S*\s*\S+(구|군|시)").mean() > 0.6 if not digits.mean() > 0.9 else False:
E:\sources\260928 data_go_mcp\pds\probe\synth.py:54: UserWarning: This pattern is interpreted as a regular expression, and has match groups. To actually get the groups, use str.extract.
  if v.str.contains(r"(시|도)\S*\s*\S+(구|군|시)").mean() > 0.6 if not digits.mean() > 0.9 else False:
E:\sources\260928 data_go_mcp\pds\probe\synth.py:54: UserWarning: This pattern is interpreted as a regular expression, and has match groups. To actually get the groups, use str.extract.
  if v.str.contains(r"(시|도)\S*\s*\S+(구|군|시)").mean() > 0.6 if not digits.mean() > 0.9 else False:
E:\sources\260928 data_go_mcp\pds\probe\synth.py:54: UserWarning: This pattern is interpreted as a regular expression, and has match groups. To actually get the groups, use str.extract.
  if v.str.contains(r"(시|도)\S*\s*\S+(구|군|시)").mean() > 0.6 if not digits.mean() > 0.9 else False:
E:\sources\260928 data_go_mcp\pds\probe\synth.py:54: UserWarning: This pattern is interpreted as a regular expression, and has match groups. To actually get the groups, use str.extract.
  if v.str.contains(r"(시|도)\S*\s*\S+(구|군|시)").mean() > 0.6 if not digits.mean() > 0.9 else False:
E:\sources\260928 data_go_mcp\pds\probe\synth.py:54: UserWarning: This pattern is interpreted as a regular expression, and has match groups. To actually get the groups, use str.extract.
  if v.str.contains(r"(시|도)\S*\s*\S+(구|군|시)").mean() > 0.6 if not digits.mean() > 0.9 else False:
E:\sources\260928 data_go_mcp\pds\probe\synth.py:54: UserWarning: This pattern is interpreted as a regular expression, and has match groups. To actually get the groups, use str.extract.
  if v.str.contains(r"(시|도)\S*\s*\S+(구|군|시)").mean() > 0.6 if not digits.mean() > 0.9 else False:
E:\sources\260928 data_go_mcp\pds\probe\synth.py:54: UserWarning: This pattern is interpreted as a regular expression, and has match groups. To actually get the groups, use str.extract.
  if v.str.contains(r"(시|도)\S*\s*\S+(구|군|시)").mean() > 0.6 if not digits.mean() > 0.9 else False:
E:\sources\260928 data_go_mcp\pds\probe\synth.py:54: UserWarning: This pattern is interpreted as a regular expression, and has match groups. To actually get the groups, use str.extract.
  if v.str.contains(r"(시|도)\S*\s*\S+(구|군|시)").mean() > 0.6 if not digits.mean() > 0.9 else False:
E:\sources\260928 data_go_mcp\pds\probe\synth.py:54: UserWarning: This pattern is interpreted as a regular expression, and has match groups. To actually get the groups, use str.extract.
  if v.str.contains(r"(시|도)\S*\s*\S+(구|군|시)").mean() > 0.6 if not digits.mean() > 0.9 else False:
E:\sources\260928 data_go_mcp\pds\probe\synth.py:54: UserWarning: This pattern is interpreted as a regular expression, and has match groups. To actually get the groups, use str.extract.
  if v.str.contains(r"(시|도)\S*\s*\S+(구|군|시)").mean() > 0.6 if not digits.mean() > 0.9 else False:
E:\sources\260928 data_go_mcp\pds\probe\synth.py:54: UserWarning: This pattern is interpreted as a regular expression, and has match groups. To actually get the groups, use str.extract.
  if v.str.contains(r"(시|도)\S*\s*\S+(구|군|시)").mean() > 0.6 if not digits.mean() > 0.9 else False:
E:\sources\260928 data_go_mcp\pds\probe\synth.py:54: UserWarning: This pattern is interpreted as a regular expression, and has match groups. To actually get the groups, use str.extract.
  if v.str.contains(r"(시|도)\S*\s*\S+(구|군|시)").mean() > 0.6 if not digits.mean() > 0.9 else False:
E:\sources\260928 data_go_mcp\pds\probe\synth.py:54: UserWarning: This pattern is interpreted as a regular expression, and has match groups. To actually get the groups, use str.extract.
  if v.str.contains(r"(시|도)\S*\s*\S+(구|군|시)").mean() > 0.6 if not digits.mean() > 0.9 else False:
E:\sources\260928 data_go_mcp\pds\probe\synth.py:54: UserWarning: This pattern is interpreted as a regular expression, and has match groups. To actually get the groups, use str.extract.
  if v.str.contains(r"(시|도)\S*\s*\S+(구|군|시)").mean() > 0.6 if not digits.mean() > 0.9 else False:
E:\sources\260928 data_go_mcp\pds\probe\synth.py:54: UserWarning: This pattern is interpreted as a regular expression, and has match groups. To actually get the groups, use str.extract.
  if v.str.contains(r"(시|도)\S*\s*\S+(구|군|시)").mean() > 0.6 if not digits.mean() > 0.9 else False:
E:\sources\260928 data_go_mcp\pds\probe\synth.py:54: UserWarning: This pattern is interpreted as a regular expression, and has match groups. To actually get the groups, use str.extract.
  if v.str.contains(r"(시|도)\S*\s*\S+(구|군|시)").mean() > 0.6 if not digits.mean() > 0.9 else False:
E:\sources\260928 data_go_mcp\pds\probe\synth.py:54: UserWarning: This pattern is interpreted as a regular expression, and has match groups. To actually get the groups, use str.extract.
  if v.str.contains(r"(시|도)\S*\s*\S+(구|군|시)").mean() > 0.6 if not digits.mean() > 0.9 else False:
E:\sources\260928 data_go_mcp\pds\probe\synth.py:54: UserWarning: This pattern is interpreted as a regular expression, and has match groups. To actually get the groups, use str.extract.
  if v.str.contains(r"(시|도)\S*\s*\S+(구|군|시)").mean() > 0.6 if not digits.mean() > 0.9 else False:
E:\sources\260928 data_go_mcp\pds\probe\synth.py:54: UserWarning: This pattern is interpreted as a regular expression, and has match groups. To actually get the groups, use str.extract.
  if v.str.contains(r"(시|도)\S*\s*\S+(구|군|시)").mean() > 0.6 if not digits.mean() > 0.9 else False:
E:\sources\260928 data_go_mcp\pds\probe\synth.py:54: UserWarning: This pattern is interpreted as a regular expression, and has match groups. To actually get the groups, use str.extract.
  if v.str.contains(r"(시|도)\S*\s*\S+(구|군|시)").mean() > 0.6 if not digits.mean() > 0.9 else False:
E:\sources\260928 data_go_mcp\pds\probe\synth.py:54: UserWarning: This pattern is interpreted as a regular expression, and has match groups. To actually get the groups, use str.extract.
  if v.str.contains(r"(시|도)\S*\s*\S+(구|군|시)").mean() > 0.6 if not digits.mean() > 0.9 else False:
E:\sources\260928 data_go_mcp\pds\probe\synth.py:54: UserWarning: This pattern is interpreted as a regular expression, and has match groups. To actually get the groups, use str.extract.
  if v.str.contains(r"(시|도)\S*\s*\S+(구|군|시)").mean() > 0.6 if not digits.mean() > 0.9 else False:
E:\sources\260928 data_go_mcp\pds\probe\synth.py:54: UserWarning: This pattern is interpreted as a regular expression, and has match groups. To actually get the groups, use str.extract.
  if v.str.contains(r"(시|도)\S*\s*\S+(구|군|시)").mean() > 0.6 if not digits.mean() > 0.9 else False:
E:\sources\260928 data_go_mcp\pds\probe\synth.py:54: UserWarning: This pattern is interpreted as a regular expression, and has match groups. To actually get the groups, use str.extract.
  if v.str.contains(r"(시|도)\S*\s*\S+(구|군|시)").mean() > 0.6 if not digits.mean() > 0.9 else False:
E:\sources\260928 data_go_mcp\pds\probe\synth.py:54: UserWarning: This pattern is interpreted as a regular expression, and has match groups. To actually get the groups, use str.extract.
  if v.str.contains(r"(시|도)\S*\s*\S+(구|군|시)").mean() > 0.6 if not digits.mean() > 0.9 else False:
E:\sources\260928 data_go_mcp\pds\probe\synth.py:54: UserWarning: This pattern is interpreted as a regular expression, and has match groups. To actually get the groups, use str.extract.
  if v.str.contains(r"(시|도)\S*\s*\S+(구|군|시)").mean() > 0.6 if not digits.mean() > 0.9 else False:
E:\sources\260928 data_go_mcp\pds\probe\synth.py:54: UserWarning: This pattern is interpreted as a regular expression, and has match groups. To actually get the groups, use str.extract.
  if v.str.contains(r"(시|도)\S*\s*\S+(구|군|시)").mean() > 0.6 if not digits.mean() > 0.9 else False:
E:\sources\260928 data_go_mcp\pds\probe\synth.py:54: UserWarning: This pattern is interpreted as a regular expression, and has match groups. To actually get the groups, use str.extract.
  if v.str.contains(r"(시|도)\S*\s*\S+(구|군|시)").mean() > 0.6 if not digits.mean() > 0.9 else False:
E:\sources\260928 data_go_mcp\pds\probe\synth.py:54: UserWarning: This pattern is interpreted as a regular expression, and has match groups. To actually get the groups, use str.extract.
  if v.str.contains(r"(시|도)\S*\s*\S+(구|군|시)").mean() > 0.6 if not digits.mean() > 0.9 else False:
E:\sources\260928 data_go_mcp\pds\probe\synth.py:54: UserWarning: This pattern is interpreted as a regular expression, and has match groups. To actually get the groups, use str.extract.
  if v.str.contains(r"(시|도)\S*\s*\S+(구|군|시)").mean() > 0.6 if not digits.mean() > 0.9 else False:
E:\sources\260928 data_go_mcp\pds\probe\synth.py:54: UserWarning: This pattern is interpreted as a regular expression, and has match groups. To actually get the groups, use str.extract.
  if v.str.contains(r"(시|도)\S*\s*\S+(구|군|시)").mean() > 0.6 if not digits.mean() > 0.9 else False:
E:\sources\260928 data_go_mcp\pds\probe\synth.py:54: UserWarning: This pattern is interpreted as a regular expression, and has match groups. To actually get the groups, use str.extract.
  if v.str.contains(r"(시|도)\S*\s*\S+(구|군|시)").mean() > 0.6 if not digits.mean() > 0.9 else False:
E:\sources\260928 data_go_mcp\pds\probe\synth.py:54: UserWarning: This pattern is interpreted as a regular expression, and has match groups. To actually get the groups, use str.extract.
  if v.str.contains(r"(시|도)\S*\s*\S+(구|군|시)").mean() > 0.6 if not digits.mean() > 0.9 else False:
E:\sources\260928 data_go_mcp\pds\probe\synth.py:54: UserWarning: This pattern is interpreted as a regular expression, and has match groups. To actually get the groups, use str.extract.
  if v.str.contains(r"(시|도)\S*\s*\S+(구|군|시)").mean() > 0.6 if not digits.mean() > 0.9 else False:
E:\sources\260928 data_go_mcp\pds\probe\synth.py:54: UserWarning: This pattern is interpreted as a regular expression, and has match groups. To actually get the groups, use str.extract.
  if v.str.contains(r"(시|도)\S*\s*\S+(구|군|시)").mean() > 0.6 if not digits.mean() > 0.9 else False:
E:\sources\260928 data_go_mcp\pds\probe\synth.py:54: UserWarning: This pattern is interpreted as a regular expression, and has match groups. To actually get the groups, use str.extract.
  if v.str.contains(r"(시|도)\S*\s*\S+(구|군|시)").mean() > 0.6 if not digits.mean() > 0.9 else False:
E:\sources\260928 data_go_mcp\pds\probe\synth.py:54: UserWarning: This pattern is interpreted as a regular expression, and has match groups. To actually get the groups, use str.extract.
  if v.str.contains(r"(시|도)\S*\s*\S+(구|군|시)").mean() > 0.6 if not digits.mean() > 0.9 else False:
E:\sources\260928 data_go_mcp\pds\probe\synth.py:54: UserWarning: This pattern is interpreted as a regular expression, and has match groups. To actually get the groups, use str.extract.
  if v.str.contains(r"(시|도)\S*\s*\S+(구|군|시)").mean() > 0.6 if not digits.mean() > 0.9 else False:
E:\sources\260928 data_go_mcp\pds\probe\synth.py:54: UserWarning: This pattern is interpreted as a regular expression, and has match groups. To actually get the groups, use str.extract.
  if v.str.contains(r"(시|도)\S*\s*\S+(구|군|시)").mean() > 0.6 if not digits.mean() > 0.9 else False:
E:\sources\260928 data_go_mcp\pds\probe\synth.py:54: UserWarning: This pattern is interpreted as a regular expression, and has match groups. To actually get the groups, use str.extract.
  if v.str.contains(r"(시|도)\S*\s*\S+(구|군|시)").mean() > 0.6 if not digits.mean() > 0.9 else False:
E:\sources\260928 data_go_mcp\pds\probe\synth.py:54: UserWarning: This pattern is interpreted as a regular expression, and has match groups. To actually get the groups, use str.extract.
  if v.str.contains(r"(시|도)\S*\s*\S+(구|군|시)").mean() > 0.6 if not digits.mean() > 0.9 else False:
E:\sources\260928 data_go_mcp\pds\probe\synth.py:54: UserWarning: This pattern is interpreted as a regular expression, and has match groups. To actually get the groups, use str.extract.
  if v.str.contains(r"(시|도)\S*\s*\S+(구|군|시)").mean() > 0.6 if not digits.mean() > 0.9 else False:
E:\sources\260928 data_go_mcp\pds\probe\synth.py:54: UserWarning: This pattern is interpreted as a regular expression, and has match groups. To actually get the groups, use str.extract.
  if v.str.contains(r"(시|도)\S*\s*\S+(구|군|시)").mean() > 0.6 if not digits.mean() > 0.9 else False:
E:\sources\260928 data_go_mcp\pds\probe\synth.py:54: UserWarning: This pattern is interpreted as a regular expression, and has match groups. To actually get the groups, use str.extract.
  if v.str.contains(r"(시|도)\S*\s*\S+(구|군|시)").mean() > 0.6 if not digits.mean() > 0.9 else False:
E:\sources\260928 data_go_mcp\pds\probe\synth.py:54: UserWarning: This pattern is interpreted as a regular expression, and has match groups. To actually get the groups, use str.extract.
  if v.str.contains(r"(시|도)\S*\s*\S+(구|군|시)").mean() > 0.6 if not digits.mean() > 0.9 else False:
E:\sources\260928 data_go_mcp\pds\probe\synth.py:54: UserWarning: This pattern is interpreted as a regular expression, and has match groups. To actually get the groups, use str.extract.
  if v.str.contains(r"(시|도)\S*\s*\S+(구|군|시)").mean() > 0.6 if not digits.mean() > 0.9 else False:
E:\sources\260928 data_go_mcp\pds\probe\synth.py:54: UserWarning: This pattern is interpreted as a regular expression, and has match groups. To actually get the groups, use str.extract.
  if v.str.contains(r"(시|도)\S*\s*\S+(구|군|시)").mean() > 0.6 if not digits.mean() > 0.9 else False:
E:\sources\260928 data_go_mcp\pds\probe\synth.py:54: UserWarning: This pattern is interpreted as a regular expression, and has match groups. To actually get the groups, use str.extract.
  if v.str.contains(r"(시|도)\S*\s*\S+(구|군|시)").mean() > 0.6 if not digits.mean() > 0.9 else False:
E:\sources\260928 data_go_mcp\pds\probe\synth.py:54: UserWarning: This pattern is interpreted as a regular expression, and has match groups. To actually get the groups, use str.extract.
  if v.str.contains(r"(시|도)\S*\s*\S+(구|군|시)").mean() > 0.6 if not digits.mean() > 0.9 else False:
E:\sources\260928 data_go_mcp\pds\probe\synth.py:54: UserWarning: This pattern is interpreted as a regular expression, and has match groups. To actually get the groups, use str.extract.
  if v.str.contains(r"(시|도)\S*\s*\S+(구|군|시)").mean() > 0.6 if not digits.mean() > 0.9 else False:
E:\sources\260928 data_go_mcp\pds\probe\synth.py:54: UserWarning: This pattern is interpreted as a regular expression, and has match groups. To actually get the groups, use str.extract.
  if v.str.contains(r"(시|도)\S*\s*\S+(구|군|시)").mean() > 0.6 if not digits.mean() > 0.9 else False:
E:\sources\260928 data_go_mcp\pds\probe\synth.py:54: UserWarning: This pattern is interpreted as a regular expression, and has match groups. To actually get the groups, use str.extract.
  if v.str.contains(r"(시|도)\S*\s*\S+(구|군|시)").mean() > 0.6 if not digits.mean() > 0.9 else False:
E:\sources\260928 data_go_mcp\pds\probe\synth.py:54: UserWarning: This pattern is interpreted as a regular expression, and has match groups. To actually get the groups, use str.extract.
  if v.str.contains(r"(시|도)\S*\s*\S+(구|군|시)").mean() > 0.6 if not digits.mean() > 0.9 else False:
E:\sources\260928 data_go_mcp\pds\probe\synth.py:54: UserWarning: This pattern is interpreted as a regular expression, and has match groups. To actually get the groups, use str.extract.
  if v.str.contains(r"(시|도)\S*\s*\S+(구|군|시)").mean() > 0.6 if not digits.mean() > 0.9 else False:
E:\sources\260928 data_go_mcp\pds\probe\synth.py:54: UserWarning: This pattern is interpreted as a regular expression, and has match groups. To actually get the groups, use str.extract.
  if v.str.contains(r"(시|도)\S*\s*\S+(구|군|시)").mean() > 0.6 if not digits.mean() > 0.9 else False:
E:\sources\260928 data_go_mcp\pds\probe\synth.py:54: UserWarning: This pattern is interpreted as a regular expression, and has match groups. To actually get the groups, use str.extract.
  if v.str.contains(r"(시|도)\S*\s*\S+(구|군|시)").mean() > 0.6 if not digits.mean() > 0.9 else False:
E:\sources\260928 data_go_mcp\pds\probe\synth.py:54: UserWarning: This pattern is interpreted as a regular expression, and has match groups. To actually get the groups, use str.extract.
  if v.str.contains(r"(시|도)\S*\s*\S+(구|군|시)").mean() > 0.6 if not digits.mean() > 0.9 else False:
E:\sources\260928 data_go_mcp\pds\probe\synth.py:54: UserWarning: This pattern is interpreted as a regular expression, and has match groups. To actually get the groups, use str.extract.
  if v.str.contains(r"(시|도)\S*\s*\S+(구|군|시)").mean() > 0.6 if not digits.mean() > 0.9 else False:
E:\sources\260928 data_go_mcp\pds\probe\synth.py:54: UserWarning: This pattern is interpreted as a regular expression, and has match groups. To actually get the groups, use str.extract.
  if v.str.contains(r"(시|도)\S*\s*\S+(구|군|시)").mean() > 0.6 if not digits.mean() > 0.9 else False:
E:\sources\260928 data_go_mcp\pds\probe\synth.py:54: UserWarning: This pattern is interpreted as a regular expression, and has match groups. To actually get the groups, use str.extract.
  if v.str.contains(r"(시|도)\S*\s*\S+(구|군|시)").mean() > 0.6 if not digits.mean() > 0.9 else False:
E:\sources\260928 data_go_mcp\pds\probe\synth.py:54: UserWarning: This pattern is interpreted as a regular expression, and has match groups. To actually get the groups, use str.extract.
  if v.str.contains(r"(시|도)\S*\s*\S+(구|군|시)").mean() > 0.6 if not digits.mean() > 0.9 else False:
E:\sources\260928 data_go_mcp\pds\probe\synth.py:54: UserWarning: This pattern is interpreted as a regular expression, and has match groups. To actually get the groups, use str.extract.
  if v.str.contains(r"(시|도)\S*\s*\S+(구|군|시)").mean() > 0.6 if not digits.mean() > 0.9 else False:
E:\sources\260928 data_go_mcp\pds\probe\synth.py:54: UserWarning: This pattern is interpreted as a regular expression, and has match groups. To actually get the groups, use str.extract.
  if v.str.contains(r"(시|도)\S*\s*\S+(구|군|시)").mean() > 0.6 if not digits.mean() > 0.9 else False:
E:\sources\260928 data_go_mcp\pds\probe\synth.py:54: UserWarning: This pattern is interpreted as a regular expression, and has match groups. To actually get the groups, use str.extract.
  if v.str.contains(r"(시|도)\S*\s*\S+(구|군|시)").mean() > 0.6 if not digits.mean() > 0.9 else False:
E:\sources\260928 data_go_mcp\pds\probe\synth.py:54: UserWarning: This pattern is interpreted as a regular expression, and has match groups. To actually get the groups, use str.extract.
  if v.str.contains(r"(시|도)\S*\s*\S+(구|군|시)").mean() > 0.6 if not digits.mean() > 0.9 else False:
E:\sources\260928 data_go_mcp\pds\probe\synth.py:54: UserWarning: This pattern is interpreted as a regular expression, and has match groups. To actually get the groups, use str.extract.
  if v.str.contains(r"(시|도)\S*\s*\S+(구|군|시)").mean() > 0.6 if not digits.mean() > 0.9 else False:
E:\sources\260928 data_go_mcp\pds\probe\synth.py:54: UserWarning: This pattern is interpreted as a regular expression, and has match groups. To actually get the groups, use str.extract.
  if v.str.contains(r"(시|도)\S*\s*\S+(구|군|시)").mean() > 0.6 if not digits.mean() > 0.9 else False:
E:\sources\260928 data_go_mcp\pds\probe\synth.py:54: UserWarning: This pattern is interpreted as a regular expression, and has match groups. To actually get the groups, use str.extract.
  if v.str.contains(r"(시|도)\S*\s*\S+(구|군|시)").mean() > 0.6 if not digits.mean() > 0.9 else False:
E:\sources\260928 data_go_mcp\pds\probe\synth.py:54: UserWarning: This pattern is interpreted as a regular expression, and has match groups. To actually get the groups, use str.extract.
  if v.str.contains(r"(시|도)\S*\s*\S+(구|군|시)").mean() > 0.6 if not digits.mean() > 0.9 else False:
E:\sources\260928 data_go_mcp\pds\probe\synth.py:54: UserWarning: This pattern is interpreted as a regular expression, and has match groups. To actually get the groups, use str.extract.
  if v.str.contains(r"(시|도)\S*\s*\S+(구|군|시)").mean() > 0.6 if not digits.mean() > 0.9 else False:
E:\sources\260928 data_go_mcp\pds\probe\synth.py:54: UserWarning: This pattern is interpreted as a regular expression, and has match groups. To actually get the groups, use str.extract.
  if v.str.contains(r"(시|도)\S*\s*\S+(구|군|시)").mean() > 0.6 if not digits.mean() > 0.9 else False:
E:\sources\260928 data_go_mcp\pds\probe\synth.py:54: UserWarning: This pattern is interpreted as a regular expression, and has match groups. To actually get the groups, use str.extract.
  if v.str.contains(r"(시|도)\S*\s*\S+(구|군|시)").mean() > 0.6 if not digits.mean() > 0.9 else False:
E:\sources\260928 data_go_mcp\pds\probe\synth.py:54: UserWarning: This pattern is interpreted as a regular expression, and has match groups. To actually get the groups, use str.extract.
  if v.str.contains(r"(시|도)\S*\s*\S+(구|군|시)").mean() > 0.6 if not digits.mean() > 0.9 else False:
E:\sources\260928 data_go_mcp\pds\probe\synth.py:54: UserWarning: This pattern is interpreted as a regular expression, and has match groups. To actually get the groups, use str.extract.
  if v.str.contains(r"(시|도)\S*\s*\S+(구|군|시)").mean() > 0.6 if not digits.mean() > 0.9 else False:
E:\sources\260928 data_go_mcp\pds\probe\synth.py:54: UserWarning: This pattern is interpreted as a regular expression, and has match groups. To actually get the groups, use str.extract.
  if v.str.contains(r"(시|도)\S*\s*\S+(구|군|시)").mean() > 0.6 if not digits.mean() > 0.9 else False:
E:\sources\260928 data_go_mcp\pds\probe\synth.py:54: UserWarning: This pattern is interpreted as a regular expression, and has match groups. To actually get the groups, use str.extract.
  if v.str.contains(r"(시|도)\S*\s*\S+(구|군|시)").mean() > 0.6 if not digits.mean() > 0.9 else False:
E:\sources\260928 data_go_mcp\pds\probe\synth.py:54: UserWarning: This pattern is interpreted as a regular expression, and has match groups. To actually get the groups, use str.extract.
  if v.str.contains(r"(시|도)\S*\s*\S+(구|군|시)").mean() > 0.6 if not digits.mean() > 0.9 else False:
E:\sources\260928 data_go_mcp\pds\probe\synth.py:54: UserWarning: This pattern is interpreted as a regular expression, and has match groups. To actually get the groups, use str.extract.
  if v.str.contains(r"(시|도)\S*\s*\S+(구|군|시)").mean() > 0.6 if not digits.mean() > 0.9 else False:
E:\sources\260928 data_go_mcp\pds\probe\synth.py:54: UserWarning: This pattern is interpreted as a regular expression, and has match groups. To actually get the groups, use str.extract.
  if v.str.contains(r"(시|도)\S*\s*\S+(구|군|시)").mean() > 0.6 if not digits.mean() > 0.9 else False:
E:\sources\260928 data_go_mcp\pds\probe\synth.py:54: UserWarning: This pattern is interpreted as a regular expression, and has match groups. To actually get the groups, use str.extract.
  if v.str.contains(r"(시|도)\S*\s*\S+(구|군|시)").mean() > 0.6 if not digits.mean() > 0.9 else False:
E:\sources\260928 data_go_mcp\pds\probe\synth.py:54: UserWarning: This pattern is interpreted as a regular expression, and has match groups. To actually get the groups, use str.extract.
  if v.str.contains(r"(시|도)\S*\s*\S+(구|군|시)").mean() > 0.6 if not digits.mean() > 0.9 else False:
E:\sources\260928 data_go_mcp\pds\probe\synth.py:54: UserWarning: This pattern is interpreted as a regular expression, and has match groups. To actually get the groups, use str.extract.
  if v.str.contains(r"(시|도)\S*\s*\S+(구|군|시)").mean() > 0.6 if not digits.mean() > 0.9 else False:
E:\sources\260928 data_go_mcp\pds\probe\synth.py:54: UserWarning: This pattern is interpreted as a regular expression, and has match groups. To actually get the groups, use str.extract.
  if v.str.contains(r"(시|도)\S*\s*\S+(구|군|시)").mean() > 0.6 if not digits.mean() > 0.9 else False:
E:\sources\260928 data_go_mcp\pds\probe\synth.py:54: UserWarning: This pattern is interpreted as a regular expression, and has match groups. To actually get the groups, use str.extract.
  if v.str.contains(r"(시|도)\S*\s*\S+(구|군|시)").mean() > 0.6 if not digits.mean() > 0.9 else False:
E:\sources\260928 data_go_mcp\pds\probe\synth.py:54: UserWarning: This pattern is interpreted as a regular expression, and has match groups. To actually get the groups, use str.extract.
  if v.str.contains(r"(시|도)\S*\s*\S+(구|군|시)").mean() > 0.6 if not digits.mean() > 0.9 else False:
E:\sources\260928 data_go_mcp\pds\probe\synth.py:54: UserWarning: This pattern is interpreted as a regular expression, and has match groups. To actually get the groups, use str.extract.
  if v.str.contains(r"(시|도)\S*\s*\S+(구|군|시)").mean() > 0.6 if not digits.mean() > 0.9 else False:
E:\sources\260928 data_go_mcp\pds\probe\synth.py:54: UserWarning: This pattern is interpreted as a regular expression, and has match groups. To actually get the groups, use str.extract.
  if v.str.contains(r"(시|도)\S*\s*\S+(구|군|시)").mean() > 0.6 if not digits.mean() > 0.9 else False:
E:\sources\260928 data_go_mcp\pds\probe\synth.py:54: UserWarning: This pattern is interpreted as a regular expression, and has match groups. To actually get the groups, use str.extract.
  if v.str.contains(r"(시|도)\S*\s*\S+(구|군|시)").mean() > 0.6 if not digits.mean() > 0.9 else False:
E:\sources\260928 data_go_mcp\pds\probe\synth.py:54: UserWarning: This pattern is interpreted as a regular expression, and has match groups. To actually get the groups, use str.extract.
  if v.str.contains(r"(시|도)\S*\s*\S+(구|군|시)").mean() > 0.6 if not digits.mean() > 0.9 else False:
E:\sources\260928 data_go_mcp\pds\probe\synth.py:54: UserWarning: This pattern is interpreted as a regular expression, and has match groups. To actually get the groups, use str.extract.
  if v.str.contains(r"(시|도)\S*\s*\S+(구|군|시)").mean() > 0.6 if not digits.mean() > 0.9 else False:
E:\sources\260928 data_go_mcp\pds\probe\synth.py:54: UserWarning: This pattern is interpreted as a regular expression, and has match groups. To actually get the groups, use str.extract.
  if v.str.contains(r"(시|도)\S*\s*\S+(구|군|시)").mean() > 0.6 if not digits.mean() > 0.9 else False:
E:\sources\260928 data_go_mcp\pds\probe\synth.py:54: UserWarning: This pattern is interpreted as a regular expression, and has match groups. To actually get the groups, use str.extract.
  if v.str.contains(r"(시|도)\S*\s*\S+(구|군|시)").mean() > 0.6 if not digits.mean() > 0.9 else False:
E:\sources\260928 data_go_mcp\pds\probe\synth.py:54: UserWarning: This pattern is interpreted as a regular expression, and has match groups. To actually get the groups, use str.extract.
  if v.str.contains(r"(시|도)\S*\s*\S+(구|군|시)").mean() > 0.6 if not digits.mean() > 0.9 else False:
E:\sources\260928 data_go_mcp\pds\probe\synth.py:54: UserWarning: This pattern is interpreted as a regular expression, and has match groups. To actually get the groups, use str.extract.
  if v.str.contains(r"(시|도)\S*\s*\S+(구|군|시)").mean() > 0.6 if not digits.mean() > 0.9 else False:
E:\sources\260928 data_go_mcp\pds\probe\synth.py:54: UserWarning: This pattern is interpreted as a regular expression, and has match groups. To actually get the groups, use str.extract.
  if v.str.contains(r"(시|도)\S*\s*\S+(구|군|시)").mean() > 0.6 if not digits.mean() > 0.9 else False:
E:\sources\260928 data_go_mcp\pds\probe\synth.py:54: UserWarning: This pattern is interpreted as a regular expression, and has match groups. To actually get the groups, use str.extract.
  if v.str.contains(r"(시|도)\S*\s*\S+(구|군|시)").mean() > 0.6 if not digits.mean() > 0.9 else False:
E:\sources\260928 data_go_mcp\pds\probe\synth.py:54: UserWarning: This pattern is interpreted as a regular expression, and has match groups. To actually get the groups, use str.extract.
  if v.str.contains(r"(시|도)\S*\s*\S+(구|군|시)").mean() > 0.6 if not digits.mean() > 0.9 else False:
E:\sources\260928 data_go_mcp\pds\probe\synth.py:54: UserWarning: This pattern is interpreted as a regular expression, and has match groups. To actually get the groups, use str.extract.
  if v.str.contains(r"(시|도)\S*\s*\S+(구|군|시)").mean() > 0.6 if not digits.mean() > 0.9 else False:
E:\sources\260928 data_go_mcp\pds\probe\synth.py:54: UserWarning: This pattern is interpreted as a regular expression, and has match groups. To actually get the groups, use str.extract.
  if v.str.contains(r"(시|도)\S*\s*\S+(구|군|시)").mean() > 0.6 if not digits.mean() > 0.9 else False:
E:\sources\260928 data_go_mcp\pds\probe\synth.py:54: UserWarning: This pattern is interpreted as a regular expression, and has match groups. To actually get the groups, use str.extract.
  if v.str.contains(r"(시|도)\S*\s*\S+(구|군|시)").mean() > 0.6 if not digits.mean() > 0.9 else False:
E:\sources\260928 data_go_mcp\pds\probe\synth.py:54: UserWarning: This pattern is interpreted as a regular expression, and has match groups. To actually get the groups, use str.extract.
  if v.str.contains(r"(시|도)\S*\s*\S+(구|군|시)").mean() > 0.6 if not digits.mean() > 0.9 else False:
E:\sources\260928 data_go_mcp\pds\probe\synth.py:54: UserWarning: This pattern is interpreted as a regular expression, and has match groups. To actually get the groups, use str.extract.
  if v.str.contains(r"(시|도)\S*\s*\S+(구|군|시)").mean() > 0.6 if not digits.mean() > 0.9 else False:
E:\sources\260928 data_go_mcp\pds\probe\synth.py:54: UserWarning: This pattern is interpreted as a regular expression, and has match groups. To actually get the groups, use str.extract.
  if v.str.contains(r"(시|도)\S*\s*\S+(구|군|시)").mean() > 0.6 if not digits.mean() > 0.9 else False:
E:\sources\260928 data_go_mcp\pds\probe\synth.py:54: UserWarning: This pattern is interpreted as a regular expression, and has match groups. To actually get the groups, use str.extract.
  if v.str.contains(r"(시|도)\S*\s*\S+(구|군|시)").mean() > 0.6 if not digits.mean() > 0.9 else False:
E:\sources\260928 data_go_mcp\pds\probe\synth.py:54: UserWarning: This pattern is interpreted as a regular expression, and has match groups. To actually get the groups, use str.extract.
  if v.str.contains(r"(시|도)\S*\s*\S+(구|군|시)").mean() > 0.6 if not digits.mean() > 0.9 else False:
E:\sources\260928 data_go_mcp\pds\probe\synth.py:54: UserWarning: This pattern is interpreted as a regular expression, and has match groups. To actually get the groups, use str.extract.
  if v.str.contains(r"(시|도)\S*\s*\S+(구|군|시)").mean() > 0.6 if not digits.mean() > 0.9 else False:
E:\sources\260928 data_go_mcp\pds\probe\synth.py:54: UserWarning: This pattern is interpreted as a regular expression, and has match groups. To actually get the groups, use str.extract.
  if v.str.contains(r"(시|도)\S*\s*\S+(구|군|시)").mean() > 0.6 if not digits.mean() > 0.9 else False:
E:\sources\260928 data_go_mcp\pds\probe\synth.py:54: UserWarning: This pattern is interpreted as a regular expression, and has match groups. To actually get the groups, use str.extract.
  if v.str.contains(r"(시|도)\S*\s*\S+(구|군|시)").mean() > 0.6 if not digits.mean() > 0.9 else False:
E:\sources\260928 data_go_mcp\pds\probe\synth.py:54: UserWarning: This pattern is interpreted as a regular expression, and has match groups. To actually get the groups, use str.extract.
  if v.str.contains(r"(시|도)\S*\s*\S+(구|군|시)").mean() > 0.6 if not digits.mean() > 0.9 else False:
E:\sources\260928 data_go_mcp\pds\probe\synth.py:54: UserWarning: This pattern is interpreted as a regular expression, and has match groups. To actually get the groups, use str.extract.
  if v.str.contains(r"(시|도)\S*\s*\S+(구|군|시)").mean() > 0.6 if not digits.mean() > 0.9 else False:
E:\sources\260928 data_go_mcp\pds\probe\synth.py:54: UserWarning: This pattern is interpreted as a regular expression, and has match groups. To actually get the groups, use str.extract.
  if v.str.contains(r"(시|도)\S*\s*\S+(구|군|시)").mean() > 0.6 if not digits.mean() > 0.9 else False:
E:\sources\260928 data_go_mcp\pds\probe\synth.py:54: UserWarning: This pattern is interpreted as a regular expression, and has match groups. To actually get the groups, use str.extract.
  if v.str.contains(r"(시|도)\S*\s*\S+(구|군|시)").mean() > 0.6 if not digits.mean() > 0.9 else False:
E:\sources\260928 data_go_mcp\pds\probe\synth.py:54: UserWarning: This pattern is interpreted as a regular expression, and has match groups. To actually get the groups, use str.extract.
  if v.str.contains(r"(시|도)\S*\s*\S+(구|군|시)").mean() > 0.6 if not digits.mean() > 0.9 else False:
E:\sources\260928 data_go_mcp\pds\probe\synth.py:54: UserWarning: This pattern is interpreted as a regular expression, and has match groups. To actually get the groups, use str.extract.
  if v.str.contains(r"(시|도)\S*\s*\S+(구|군|시)").mean() > 0.6 if not digits.mean() > 0.9 else False:
E:\sources\260928 data_go_mcp\pds\probe\synth.py:54: UserWarning: This pattern is interpreted as a regular expression, and has match groups. To actually get the groups, use str.extract.
  if v.str.contains(r"(시|도)\S*\s*\S+(구|군|시)").mean() > 0.6 if not digits.mean() > 0.9 else False:
E:\sources\260928 data_go_mcp\pds\probe\synth.py:54: UserWarning: This pattern is interpreted as a regular expression, and has match groups. To actually get the groups, use str.extract.
  if v.str.contains(r"(시|도)\S*\s*\S+(구|군|시)").mean() > 0.6 if not digits.mean() > 0.9 else False:
E:\sources\260928 data_go_mcp\pds\probe\synth.py:54: UserWarning: This pattern is interpreted as a regular expression, and has match groups. To actually get the groups, use str.extract.
  if v.str.contains(r"(시|도)\S*\s*\S+(구|군|시)").mean() > 0.6 if not digits.mean() > 0.9 else False:
E:\sources\260928 data_go_mcp\pds\probe\synth.py:54: UserWarning: This pattern is interpreted as a regular expression, and has match groups. To actually get the groups, use str.extract.
  if v.str.contains(r"(시|도)\S*\s*\S+(구|군|시)").mean() > 0.6 if not digits.mean() > 0.9 else False:
E:\sources\260928 data_go_mcp\pds\probe\synth.py:54: UserWarning: This pattern is interpreted as a regular expression, and has match groups. To actually get the groups, use str.extract.
  if v.str.contains(r"(시|도)\S*\s*\S+(구|군|시)").mean() > 0.6 if not digits.mean() > 0.9 else False:
E:\sources\260928 data_go_mcp\pds\probe\synth.py:54: UserWarning: This pattern is interpreted as a regular expression, and has match groups. To actually get the groups, use str.extract.
  if v.str.contains(r"(시|도)\S*\s*\S+(구|군|시)").mean() > 0.6 if not digits.mean() > 0.9 else False:
E:\sources\260928 data_go_mcp\pds\probe\synth.py:54: UserWarning: This pattern is interpreted as a regular expression, and has match groups. To actually get the groups, use str.extract.
  if v.str.contains(r"(시|도)\S*\s*\S+(구|군|시)").mean() > 0.6 if not digits.mean() > 0.9 else False:
E:\sources\260928 data_go_mcp\pds\probe\synth.py:54: UserWarning: This pattern is interpreted as a regular expression, and has match groups. To actually get the groups, use str.extract.
  if v.str.contains(r"(시|도)\S*\s*\S+(구|군|시)").mean() > 0.6 if not digits.mean() > 0.9 else False:
E:\sources\260928 data_go_mcp\pds\probe\synth.py:54: UserWarning: This pattern is interpreted as a regular expression, and has match groups. To actually get the groups, use str.extract.
  if v.str.contains(r"(시|도)\S*\s*\S+(구|군|시)").mean() > 0.6 if not digits.mean() > 0.9 else False:
E:\sources\260928 data_go_mcp\pds\probe\synth.py:54: UserWarning: This pattern is interpreted as a regular expression, and has match groups. To actually get the groups, use str.extract.
  if v.str.contains(r"(시|도)\S*\s*\S+(구|군|시)").mean() > 0.6 if not digits.mean() > 0.9 else False:
E:\sources\260928 data_go_mcp\pds\probe\synth.py:54: UserWarning: This pattern is interpreted as a regular expression, and has match groups. To actually get the groups, use str.extract.
  if v.str.contains(r"(시|도)\S*\s*\S+(구|군|시)").mean() > 0.6 if not digits.mean() > 0.9 else False:
E:\sources\260928 data_go_mcp\pds\probe\synth.py:54: UserWarning: This pattern is interpreted as a regular expression, and has match groups. To actually get the groups, use str.extract.
  if v.str.contains(r"(시|도)\S*\s*\S+(구|군|시)").mean() > 0.6 if not digits.mean() > 0.9 else False:
E:\sources\260928 data_go_mcp\pds\probe\synth.py:54: UserWarning: This pattern is interpreted as a regular expression, and has match groups. To actually get the groups, use str.extract.
  if v.str.contains(r"(시|도)\S*\s*\S+(구|군|시)").mean() > 0.6 if not digits.mean() > 0.9 else False:
E:\sources\260928 data_go_mcp\pds\probe\synth.py:54: UserWarning: This pattern is interpreted as a regular expression, and has match groups. To actually get the groups, use str.extract.
  if v.str.contains(r"(시|도)\S*\s*\S+(구|군|시)").mean() > 0.6 if not digits.mean() > 0.9 else False:
E:\sources\260928 data_go_mcp\pds\probe\synth.py:54: UserWarning: This pattern is interpreted as a regular expression, and has match groups. To actually get the groups, use str.extract.
  if v.str.contains(r"(시|도)\S*\s*\S+(구|군|시)").mean() > 0.6 if not digits.mean() > 0.9 else False:
E:\sources\260928 data_go_mcp\pds\probe\synth.py:54: UserWarning: This pattern is interpreted as a regular expression, and has match groups. To actually get the groups, use str.extract.
  if v.str.contains(r"(시|도)\S*\s*\S+(구|군|시)").mean() > 0.6 if not digits.mean() > 0.9 else False:
E:\sources\260928 data_go_mcp\pds\probe\synth.py:54: UserWarning: This pattern is interpreted as a regular expression, and has match groups. To actually get the groups, use str.extract.
  if v.str.contains(r"(시|도)\S*\s*\S+(구|군|시)").mean() > 0.6 if not digits.mean() > 0.9 else False:
E:\sources\260928 data_go_mcp\pds\probe\synth.py:54: UserWarning: This pattern is interpreted as a regular expression, and has match groups. To actually get the groups, use str.extract.
  if v.str.contains(r"(시|도)\S*\s*\S+(구|군|시)").mean() > 0.6 if not digits.mean() > 0.9 else False:
E:\sources\260928 data_go_mcp\pds\probe\synth.py:54: UserWarning: This pattern is interpreted as a regular expression, and has match groups. To actually get the groups, use str.extract.
  if v.str.contains(r"(시|도)\S*\s*\S+(구|군|시)").mean() > 0.6 if not digits.mean() > 0.9 else False:
E:\sources\260928 data_go_mcp\pds\probe\synth.py:54: UserWarning: This pattern is interpreted as a regular expression, and has match groups. To actually get the groups, use str.extract.
  if v.str.contains(r"(시|도)\S*\s*\S+(구|군|시)").mean() > 0.6 if not digits.mean() > 0.9 else False:
E:\sources\260928 data_go_mcp\pds\probe\synth.py:54: UserWarning: This pattern is interpreted as a regular expression, and has match groups. To actually get the groups, use str.extract.
  if v.str.contains(r"(시|도)\S*\s*\S+(구|군|시)").mean() > 0.6 if not digits.mean() > 0.9 else False:
E:\sources\260928 data_go_mcp\pds\probe\synth.py:54: UserWarning: This pattern is interpreted as a regular expression, and has match groups. To actually get the groups, use str.extract.
  if v.str.contains(r"(시|도)\S*\s*\S+(구|군|시)").mean() > 0.6 if not digits.mean() > 0.9 else False:
E:\sources\260928 data_go_mcp\pds\probe\synth.py:54: UserWarning: This pattern is interpreted as a regular expression, and has match groups. To actually get the groups, use str.extract.
  if v.str.contains(r"(시|도)\S*\s*\S+(구|군|시)").mean() > 0.6 if not digits.mean() > 0.9 else False:
E:\sources\260928 data_go_mcp\pds\probe\synth.py:54: UserWarning: This pattern is interpreted as a regular expression, and has match groups. To actually get the groups, use str.extract.
  if v.str.contains(r"(시|도)\S*\s*\S+(구|군|시)").mean() > 0.6 if not digits.mean() > 0.9 else False:
E:\sources\260928 data_go_mcp\pds\probe\synth.py:54: UserWarning: This pattern is interpreted as a regular expression, and has match groups. To actually get the groups, use str.extract.
  if v.str.contains(r"(시|도)\S*\s*\S+(구|군|시)").mean() > 0.6 if not digits.mean() > 0.9 else False:
E:\sources\260928 data_go_mcp\pds\probe\synth.py:54: UserWarning: This pattern is interpreted as a regular expression, and has match groups. To actually get the groups, use str.extract.
  if v.str.contains(r"(시|도)\S*\s*\S+(구|군|시)").mean() > 0.6 if not digits.mean() > 0.9 else False:
E:\sources\260928 data_go_mcp\pds\probe\synth.py:54: UserWarning: This pattern is interpreted as a regular expression, and has match groups. To actually get the groups, use str.extract.
  if v.str.contains(r"(시|도)\S*\s*\S+(구|군|시)").mean() > 0.6 if not digits.mean() > 0.9 else False:
E:\sources\260928 data_go_mcp\pds\probe\synth.py:54: UserWarning: This pattern is interpreted as a regular expression, and has match groups. To actually get the groups, use str.extract.
  if v.str.contains(r"(시|도)\S*\s*\S+(구|군|시)").mean() > 0.6 if not digits.mean() > 0.9 else False:
E:\sources\260928 data_go_mcp\pds\probe\synth.py:54: UserWarning: This pattern is interpreted as a regular expression, and has match groups. To actually get the groups, use str.extract.
  if v.str.contains(r"(시|도)\S*\s*\S+(구|군|시)").mean() > 0.6 if not digits.mean() > 0.9 else False:
E:\sources\260928 data_go_mcp\pds\probe\synth.py:54: UserWarning: This pattern is interpreted as a regular expression, and has match groups. To actually get the groups, use str.extract.
  if v.str.contains(r"(시|도)\S*\s*\S+(구|군|시)").mean() > 0.6 if not digits.mean() > 0.9 else False:
E:\sources\260928 data_go_mcp\pds\probe\synth.py:54: UserWarning: This pattern is interpreted as a regular expression, and has match groups. To actually get the groups, use str.extract.
  if v.str.contains(r"(시|도)\S*\s*\S+(구|군|시)").mean() > 0.6 if not digits.mean() > 0.9 else False:
E:\sources\260928 data_go_mcp\pds\probe\synth.py:54: UserWarning: This pattern is interpreted as a regular expression, and has match groups. To actually get the groups, use str.extract.
  if v.str.contains(r"(시|도)\S*\s*\S+(구|군|시)").mean() > 0.6 if not digits.mean() > 0.9 else False:
E:\sources\260928 data_go_mcp\pds\probe\synth.py:54: UserWarning: This pattern is interpreted as a regular expression, and has match groups. To actually get the groups, use str.extract.
  if v.str.contains(r"(시|도)\S*\s*\S+(구|군|시)").mean() > 0.6 if not digits.mean() > 0.9 else False:
E:\sources\260928 data_go_mcp\pds\probe\synth.py:54: UserWarning: This pattern is interpreted as a regular expression, and has match groups. To actually get the groups, use str.extract.
  if v.str.contains(r"(시|도)\S*\s*\S+(구|군|시)").mean() > 0.6 if not digits.mean() > 0.9 else False:
E:\sources\260928 data_go_mcp\pds\probe\synth.py:54: UserWarning: This pattern is interpreted as a regular expression, and has match groups. To actually get the groups, use str.extract.
  if v.str.contains(r"(시|도)\S*\s*\S+(구|군|시)").mean() > 0.6 if not digits.mean() > 0.9 else False:
E:\sources\260928 data_go_mcp\pds\probe\synth.py:54: UserWarning: This pattern is interpreted as a regular expression, and has match groups. To actually get the groups, use str.extract.
  if v.str.contains(r"(시|도)\S*\s*\S+(구|군|시)").mean() > 0.6 if not digits.mean() > 0.9 else False:
E:\sources\260928 data_go_mcp\pds\probe\synth.py:54: UserWarning: This pattern is interpreted as a regular expression, and has match groups. To actually get the groups, use str.extract.
  if v.str.contains(r"(시|도)\S*\s*\S+(구|군|시)").mean() > 0.6 if not digits.mean() > 0.9 else False:
E:\sources\260928 data_go_mcp\pds\probe\synth.py:54: UserWarning: This pattern is interpreted as a regular expression, and has match groups. To actually get the groups, use str.extract.
  if v.str.contains(r"(시|도)\S*\s*\S+(구|군|시)").mean() > 0.6 if not digits.mean() > 0.9 else False:
E:\sources\260928 data_go_mcp\pds\probe\synth.py:54: UserWarning: This pattern is interpreted as a regular expression, and has match groups. To actually get the groups, use str.extract.
  if v.str.contains(r"(시|도)\S*\s*\S+(구|군|시)").mean() > 0.6 if not digits.mean() > 0.9 else False:
E:\sources\260928 data_go_mcp\pds\probe\synth.py:54: UserWarning: This pattern is interpreted as a regular expression, and has match groups. To actually get the groups, use str.extract.
  if v.str.contains(r"(시|도)\S*\s*\S+(구|군|시)").mean() > 0.6 if not digits.mean() > 0.9 else False:
E:\sources\260928 data_go_mcp\pds\probe\synth.py:54: UserWarning: This pattern is interpreted as a regular expression, and has match groups. To actually get the groups, use str.extract.
  if v.str.contains(r"(시|도)\S*\s*\S+(구|군|시)").mean() > 0.6 if not digits.mean() > 0.9 else False:
E:\sources\260928 data_go_mcp\pds\probe\synth.py:54: UserWarning: This pattern is interpreted as a regular expression, and has match groups. To actually get the groups, use str.extract.
  if v.str.contains(r"(시|도)\S*\s*\S+(구|군|시)").mean() > 0.6 if not digits.mean() > 0.9 else False:
E:\sources\260928 data_go_mcp\pds\probe\synth.py:54: UserWarning: This pattern is interpreted as a regular expression, and has match groups. To actually get the groups, use str.extract.
  if v.str.contains(r"(시|도)\S*\s*\S+(구|군|시)").mean() > 0.6 if not digits.mean() > 0.9 else False:
E:\sources\260928 data_go_mcp\pds\probe\synth.py:54: UserWarning: This pattern is interpreted as a regular expression, and has match groups. To actually get the groups, use str.extract.
  if v.str.contains(r"(시|도)\S*\s*\S+(구|군|시)").mean() > 0.6 if not digits.mean() > 0.9 else False:
E:\sources\260928 data_go_mcp\pds\probe\synth.py:54: UserWarning: This pattern is interpreted as a regular expression, and has match groups. To actually get the groups, use str.extract.
  if v.str.contains(r"(시|도)\S*\s*\S+(구|군|시)").mean() > 0.6 if not digits.mean() > 0.9 else False:
E:\sources\260928 data_go_mcp\pds\probe\synth.py:54: UserWarning: This pattern is interpreted as a regular expression, and has match groups. To actually get the groups, use str.extract.
  if v.str.contains(r"(시|도)\S*\s*\S+(구|군|시)").mean() > 0.6 if not digits.mean() > 0.9 else False:
E:\sources\260928 data_go_mcp\pds\probe\synth.py:54: UserWarning: This pattern is interpreted as a regular expression, and has match groups. To actually get the groups, use str.extract.
  if v.str.contains(r"(시|도)\S*\s*\S+(구|군|시)").mean() > 0.6 if not digits.mean() > 0.9 else False:
E:\sources\260928 data_go_mcp\pds\probe\synth.py:54: UserWarning: This pattern is interpreted as a regular expression, and has match groups. To actually get the groups, use str.extract.
  if v.str.contains(r"(시|도)\S*\s*\S+(구|군|시)").mean() > 0.6 if not digits.mean() > 0.9 else False:
E:\sources\260928 data_go_mcp\pds\probe\synth.py:54: UserWarning: This pattern is interpreted as a regular expression, and has match groups. To actually get the groups, use str.extract.
  if v.str.contains(r"(시|도)\S*\s*\S+(구|군|시)").mean() > 0.6 if not digits.mean() > 0.9 else False:
E:\sources\260928 data_go_mcp\pds\probe\synth.py:54: UserWarning: This pattern is interpreted as a regular expression, and has match groups. To actually get the groups, use str.extract.
  if v.str.contains(r"(시|도)\S*\s*\S+(구|군|시)").mean() > 0.6 if not digits.mean() > 0.9 else False:
E:\sources\260928 data_go_mcp\pds\probe\synth.py:54: UserWarning: This pattern is interpreted as a regular expression, and has match groups. To actually get the groups, use str.extract.
  if v.str.contains(r"(시|도)\S*\s*\S+(구|군|시)").mean() > 0.6 if not digits.mean() > 0.9 else False:
E:\sources\260928 data_go_mcp\pds\probe\synth.py:54: UserWarning: This pattern is interpreted as a regular expression, and has match groups. To actually get the groups, use str.extract.
  if v.str.contains(r"(시|도)\S*\s*\S+(구|군|시)").mean() > 0.6 if not digits.mean() > 0.9 else False:
E:\sources\260928 data_go_mcp\pds\probe\synth.py:54: UserWarning: This pattern is interpreted as a regular expression, and has match groups. To actually get the groups, use str.extract.
  if v.str.contains(r"(시|도)\S*\s*\S+(구|군|시)").mean() > 0.6 if not digits.mean() > 0.9 else False:
E:\sources\260928 data_go_mcp\pds\probe\synth.py:54: UserWarning: This pattern is interpreted as a regular expression, and has match groups. To actually get the groups, use str.extract.
  if v.str.contains(r"(시|도)\S*\s*\S+(구|군|시)").mean() > 0.6 if not digits.mean() > 0.9 else False:
E:\sources\260928 data_go_mcp\pds\probe\synth.py:54: UserWarning: This pattern is interpreted as a regular expression, and has match groups. To actually get the groups, use str.extract.
  if v.str.contains(r"(시|도)\S*\s*\S+(구|군|시)").mean() > 0.6 if not digits.mean() > 0.9 else False:
E:\sources\260928 data_go_mcp\pds\probe\synth.py:54: UserWarning: This pattern is interpreted as a regular expression, and has match groups. To actually get the groups, use str.extract.
  if v.str.contains(r"(시|도)\S*\s*\S+(구|군|시)").mean() > 0.6 if not digits.mean() > 0.9 else False:
E:\sources\260928 data_go_mcp\pds\probe\synth.py:54: UserWarning: This pattern is interpreted as a regular expression, and has match groups. To actually get the groups, use str.extract.
  if v.str.contains(r"(시|도)\S*\s*\S+(구|군|시)").mean() > 0.6 if not digits.mean() > 0.9 else False:
E:\sources\260928 data_go_mcp\pds\probe\synth.py:54: UserWarning: This pattern is interpreted as a regular expression, and has match groups. To actually get the groups, use str.extract.
  if v.str.contains(r"(시|도)\S*\s*\S+(구|군|시)").mean() > 0.6 if not digits.mean() > 0.9 else False:
E:\sources\260928 data_go_mcp\pds\probe\synth.py:54: UserWarning: This pattern is interpreted as a regular expression, and has match groups. To actually get the groups, use str.extract.
  if v.str.contains(r"(시|도)\S*\s*\S+(구|군|시)").mean() > 0.6 if not digits.mean() > 0.9 else False:
E:\sources\260928 data_go_mcp\pds\probe\synth.py:54: UserWarning: This pattern is interpreted as a regular expression, and has match groups. To actually get the groups, use str.extract.
  if v.str.contains(r"(시|도)\S*\s*\S+(구|군|시)").mean() > 0.6 if not digits.mean() > 0.9 else False:
E:\sources\260928 data_go_mcp\pds\probe\synth.py:54: UserWarning: This pattern is interpreted as a regular expression, and has match groups. To actually get the groups, use str.extract.
  if v.str.contains(r"(시|도)\S*\s*\S+(구|군|시)").mean() > 0.6 if not digits.mean() > 0.9 else False:
E:\sources\260928 data_go_mcp\pds\probe\synth.py:54: UserWarning: This pattern is interpreted as a regular expression, and has match groups. To actually get the groups, use str.extract.
  if v.str.contains(r"(시|도)\S*\s*\S+(구|군|시)").mean() > 0.6 if not digits.mean() > 0.9 else False:
E:\sources\260928 data_go_mcp\pds\probe\synth.py:54: UserWarning: This pattern is interpreted as a regular expression, and has match groups. To actually get the groups, use str.extract.
  if v.str.contains(r"(시|도)\S*\s*\S+(구|군|시)").mean() > 0.6 if not digits.mean() > 0.9 else False:
E:\sources\260928 data_go_mcp\pds\probe\synth.py:54: UserWarning: This pattern is interpreted as a regular expression, and has match groups. To actually get the groups, use str.extract.
  if v.str.contains(r"(시|도)\S*\s*\S+(구|군|시)").mean() > 0.6 if not digits.mean() > 0.9 else False:
E:\sources\260928 data_go_mcp\pds\probe\synth.py:54: UserWarning: This pattern is interpreted as a regular expression, and has match groups. To actually get the groups, use str.extract.
  if v.str.contains(r"(시|도)\S*\s*\S+(구|군|시)").mean() > 0.6 if not digits.mean() > 0.9 else False:
E:\sources\260928 data_go_mcp\pds\probe\synth.py:54: UserWarning: This pattern is interpreted as a regular expression, and has match groups. To actually get the groups, use str.extract.
  if v.str.contains(r"(시|도)\S*\s*\S+(구|군|시)").mean() > 0.6 if not digits.mean() > 0.9 else False:
E:\sources\260928 data_go_mcp\pds\probe\synth.py:54: UserWarning: This pattern is interpreted as a regular expression, and has match groups. To actually get the groups, use str.extract.
  if v.str.contains(r"(시|도)\S*\s*\S+(구|군|시)").mean() > 0.6 if not digits.mean() > 0.9 else False:
E:\sources\260928 data_go_mcp\pds\probe\synth.py:54: UserWarning: This pattern is interpreted as a regular expression, and has match groups. To actually get the groups, use str.extract.
  if v.str.contains(r"(시|도)\S*\s*\S+(구|군|시)").mean() > 0.6 if not digits.mean() > 0.9 else False:
E:\sources\260928 data_go_mcp\pds\probe\synth.py:54: UserWarning: This pattern is interpreted as a regular expression, and has match groups. To actually get the groups, use str.extract.
  if v.str.contains(r"(시|도)\S*\s*\S+(구|군|시)").mean() > 0.6 if not digits.mean() > 0.9 else False:
E:\sources\260928 data_go_mcp\pds\probe\synth.py:54: UserWarning: This pattern is interpreted as a regular expression, and has match groups. To actually get the groups, use str.extract.
  if v.str.contains(r"(시|도)\S*\s*\S+(구|군|시)").mean() > 0.6 if not digits.mean() > 0.9 else False:
E:\sources\260928 data_go_mcp\pds\probe\synth.py:54: UserWarning: This pattern is interpreted as a regular expression, and has match groups. To actually get the groups, use str.extract.
  if v.str.contains(r"(시|도)\S*\s*\S+(구|군|시)").mean() > 0.6 if not digits.mean() > 0.9 else False:
E:\sources\260928 data_go_mcp\pds\probe\synth.py:54: UserWarning: This pattern is interpreted as a regular expression, and has match groups. To actually get the groups, use str.extract.
  if v.str.contains(r"(시|도)\S*\s*\S+(구|군|시)").mean() > 0.6 if not digits.mean() > 0.9 else False:
E:\sources\260928 data_go_mcp\pds\probe\synth.py:54: UserWarning: This pattern is interpreted as a regular expression, and has match groups. To actually get the groups, use str.extract.
  if v.str.contains(r"(시|도)\S*\s*\S+(구|군|시)").mean() > 0.6 if not digits.mean() > 0.9 else False:
E:\sources\260928 data_go_mcp\pds\probe\synth.py:54: UserWarning: This pattern is interpreted as a regular expression, and has match groups. To actually get the groups, use str.extract.
  if v.str.contains(r"(시|도)\S*\s*\S+(구|군|시)").mean() > 0.6 if not digits.mean() > 0.9 else False:
E:\sources\260928 data_go_mcp\pds\probe\synth.py:54: UserWarning: This pattern is interpreted as a regular expression, and has match groups. To actually get the groups, use str.extract.
  if v.str.contains(r"(시|도)\S*\s*\S+(구|군|시)").mean() > 0.6 if not digits.mean() > 0.9 else False:
E:\sources\260928 data_go_mcp\pds\probe\synth.py:54: UserWarning: This pattern is interpreted as a regular expression, and has match groups. To actually get the groups, use str.extract.
  if v.str.contains(r"(시|도)\S*\s*\S+(구|군|시)").mean() > 0.6 if not digits.mean() > 0.9 else False:
E:\sources\260928 data_go_mcp\pds\probe\synth.py:54: UserWarning: This pattern is interpreted as a regular expression, and has match groups. To actually get the groups, use str.extract.
  if v.str.contains(r"(시|도)\S*\s*\S+(구|군|시)").mean() > 0.6 if not digits.mean() > 0.9 else False:
E:\sources\260928 data_go_mcp\pds\probe\synth.py:54: UserWarning: This pattern is interpreted as a regular expression, and has match groups. To actually get the groups, use str.extract.
  if v.str.contains(r"(시|도)\S*\s*\S+(구|군|시)").mean() > 0.6 if not digits.mean() > 0.9 else False:
E:\sources\260928 data_go_mcp\pds\probe\synth.py:54: UserWarning: This pattern is interpreted as a regular expression, and has match groups. To actually get the groups, use str.extract.
  if v.str.contains(r"(시|도)\S*\s*\S+(구|군|시)").mean() > 0.6 if not digits.mean() > 0.9 else False:
E:\sources\260928 data_go_mcp\pds\probe\synth.py:54: UserWarning: This pattern is interpreted as a regular expression, and has match groups. To actually get the groups, use str.extract.
  if v.str.contains(r"(시|도)\S*\s*\S+(구|군|시)").mean() > 0.6 if not digits.mean() > 0.9 else False:
E:\sources\260928 data_go_mcp\pds\probe\synth.py:54: UserWarning: This pattern is interpreted as a regular expression, and has match groups. To actually get the groups, use str.extract.
  if v.str.contains(r"(시|도)\S*\s*\S+(구|군|시)").mean() > 0.6 if not digits.mean() > 0.9 else False:
E:\sources\260928 data_go_mcp\pds\probe\synth.py:54: UserWarning: This pattern is interpreted as a regular expression, and has match groups. To actually get the groups, use str.extract.
  if v.str.contains(r"(시|도)\S*\s*\S+(구|군|시)").mean() > 0.6 if not digits.mean() > 0.9 else False:
E:\sources\260928 data_go_mcp\pds\probe\synth.py:54: UserWarning: This pattern is interpreted as a regular expression, and has match groups. To actually get the groups, use str.extract.
  if v.str.contains(r"(시|도)\S*\s*\S+(구|군|시)").mean() > 0.6 if not digits.mean() > 0.9 else False:
E:\sources\260928 data_go_mcp\pds\probe\synth.py:54: UserWarning: This pattern is interpreted as a regular expression, and has match groups. To actually get the groups, use str.extract.
  if v.str.contains(r"(시|도)\S*\s*\S+(구|군|시)").mean() > 0.6 if not digits.mean() > 0.9 else False:
E:\sources\260928 data_go_mcp\pds\probe\synth.py:54: UserWarning: This pattern is interpreted as a regular expression, and has match groups. To actually get the groups, use str.extract.
  if v.str.contains(r"(시|도)\S*\s*\S+(구|군|시)").mean() > 0.6 if not digits.mean() > 0.9 else False:
E:\sources\260928 data_go_mcp\pds\probe\synth.py:54: UserWarning: This pattern is interpreted as a regular expression, and has match groups. To actually get the groups, use str.extract.
  if v.str.contains(r"(시|도)\S*\s*\S+(구|군|시)").mean() > 0.6 if not digits.mean() > 0.9 else False:
E:\sources\260928 data_go_mcp\pds\probe\synth.py:54: UserWarning: This pattern is interpreted as a regular expression, and has match groups. To actually get the groups, use str.extract.
  if v.str.contains(r"(시|도)\S*\s*\S+(구|군|시)").mean() > 0.6 if not digits.mean() > 0.9 else False:
E:\sources\260928 data_go_mcp\pds\probe\synth.py:54: UserWarning: This pattern is interpreted as a regular expression, and has match groups. To actually get the groups, use str.extract.
  if v.str.contains(r"(시|도)\S*\s*\S+(구|군|시)").mean() > 0.6 if not digits.mean() > 0.9 else False:
E:\sources\260928 data_go_mcp\pds\probe\synth.py:54: UserWarning: This pattern is interpreted as a regular expression, and has match groups. To actually get the groups, use str.extract.
  if v.str.contains(r"(시|도)\S*\s*\S+(구|군|시)").mean() > 0.6 if not digits.mean() > 0.9 else False:
E:\sources\260928 data_go_mcp\pds\probe\synth.py:54: UserWarning: This pattern is interpreted as a regular expression, and has match groups. To actually get the groups, use str.extract.
  if v.str.contains(r"(시|도)\S*\s*\S+(구|군|시)").mean() > 0.6 if not digits.mean() > 0.9 else False:
E:\sources\260928 data_go_mcp\pds\probe\synth.py:54: UserWarning: This pattern is interpreted as a regular expression, and has match groups. To actually get the groups, use str.extract.
  if v.str.contains(r"(시|도)\S*\s*\S+(구|군|시)").mean() > 0.6 if not digits.mean() > 0.9 else False:
E:\sources\260928 data_go_mcp\pds\probe\synth.py:54: UserWarning: This pattern is interpreted as a regular expression, and has match groups. To actually get the groups, use str.extract.
  if v.str.contains(r"(시|도)\S*\s*\S+(구|군|시)").mean() > 0.6 if not digits.mean() > 0.9 else False:
E:\sources\260928 data_go_mcp\pds\probe\synth.py:54: UserWarning: This pattern is interpreted as a regular expression, and has match groups. To actually get the groups, use str.extract.
  if v.str.contains(r"(시|도)\S*\s*\S+(구|군|시)").mean() > 0.6 if not digits.mean() > 0.9 else False:
E:\sources\260928 data_go_mcp\pds\probe\synth.py:54: UserWarning: This pattern is interpreted as a regular expression, and has match groups. To actually get the groups, use str.extract.
  if v.str.contains(r"(시|도)\S*\s*\S+(구|군|시)").mean() > 0.6 if not digits.mean() > 0.9 else False:
E:\sources\260928 data_go_mcp\pds\probe\synth.py:54: UserWarning: This pattern is interpreted as a regular expression, and has match groups. To actually get the groups, use str.extract.
  if v.str.contains(r"(시|도)\S*\s*\S+(구|군|시)").mean() > 0.6 if not digits.mean() > 0.9 else False:
E:\sources\260928 data_go_mcp\pds\probe\synth.py:54: UserWarning: This pattern is interpreted as a regular expression, and has match groups. To actually get the groups, use str.extract.
  if v.str.contains(r"(시|도)\S*\s*\S+(구|군|시)").mean() > 0.6 if not digits.mean() > 0.9 else False:
E:\sources\260928 data_go_mcp\pds\probe\synth.py:54: UserWarning: This pattern is interpreted as a regular expression, and has match groups. To actually get the groups, use str.extract.
  if v.str.contains(r"(시|도)\S*\s*\S+(구|군|시)").mean() > 0.6 if not digits.mean() > 0.9 else False:
E:\sources\260928 data_go_mcp\pds\probe\synth.py:54: UserWarning: This pattern is interpreted as a regular expression, and has match groups. To actually get the groups, use str.extract.
  if v.str.contains(r"(시|도)\S*\s*\S+(구|군|시)").mean() > 0.6 if not digits.mean() > 0.9 else False:
E:\sources\260928 data_go_mcp\pds\probe\synth.py:54: UserWarning: This pattern is interpreted as a regular expression, and has match groups. To actually get the groups, use str.extract.
  if v.str.contains(r"(시|도)\S*\s*\S+(구|군|시)").mean() > 0.6 if not digits.mean() > 0.9 else False:
E:\sources\260928 data_go_mcp\pds\probe\synth.py:54: UserWarning: This pattern is interpreted as a regular expression, and has match groups. To actually get the groups, use str.extract.
  if v.str.contains(r"(시|도)\S*\s*\S+(구|군|시)").mean() > 0.6 if not digits.mean() > 0.9 else False:
E:\sources\260928 data_go_mcp\pds\probe\synth.py:54: UserWarning: This pattern is interpreted as a regular expression, and has match groups. To actually get the groups, use str.extract.
  if v.str.contains(r"(시|도)\S*\s*\S+(구|군|시)").mean() > 0.6 if not digits.mean() > 0.9 else False:
E:\sources\260928 data_go_mcp\pds\probe\synth.py:54: UserWarning: This pattern is interpreted as a regular expression, and has match groups. To actually get the groups, use str.extract.
  if v.str.contains(r"(시|도)\S*\s*\S+(구|군|시)").mean() > 0.6 if not digits.mean() > 0.9 else False:
E:\sources\260928 data_go_mcp\pds\probe\synth.py:54: UserWarning: This pattern is interpreted as a regular expression, and has match groups. To actually get the groups, use str.extract.
  if v.str.contains(r"(시|도)\S*\s*\S+(구|군|시)").mean() > 0.6 if not digits.mean() > 0.9 else False:
E:\sources\260928 data_go_mcp\pds\probe\synth.py:54: UserWarning: This pattern is interpreted as a regular expression, and has match groups. To actually get the groups, use str.extract.
  if v.str.contains(r"(시|도)\S*\s*\S+(구|군|시)").mean() > 0.6 if not digits.mean() > 0.9 else False:
E:\sources\260928 data_go_mcp\pds\probe\synth.py:54: UserWarning: This pattern is interpreted as a regular expression, and has match groups. To actually get the groups, use str.extract.
  if v.str.contains(r"(시|도)\S*\s*\S+(구|군|시)").mean() > 0.6 if not digits.mean() > 0.9 else False:
E:\sources\260928 data_go_mcp\pds\probe\synth.py:54: UserWarning: This pattern is interpreted as a regular expression, and has match groups. To actually get the groups, use str.extract.
  if v.str.contains(r"(시|도)\S*\s*\S+(구|군|시)").mean() > 0.6 if not digits.mean() > 0.9 else False:
E:\sources\260928 data_go_mcp\pds\probe\synth.py:54: UserWarning: This pattern is interpreted as a regular expression, and has match groups. To actually get the groups, use str.extract.
  if v.str.contains(r"(시|도)\S*\s*\S+(구|군|시)").mean() > 0.6 if not digits.mean() > 0.9 else False:
E:\sources\260928 data_go_mcp\pds\probe\synth.py:54: UserWarning: This pattern is interpreted as a regular expression, and has match groups. To actually get the groups, use str.extract.
  if v.str.contains(r"(시|도)\S*\s*\S+(구|군|시)").mean() > 0.6 if not digits.mean() > 0.9 else False:
E:\sources\260928 data_go_mcp\pds\probe\synth.py:54: UserWarning: This pattern is interpreted as a regular expression, and has match groups. To actually get the groups, use str.extract.
  if v.str.contains(r"(시|도)\S*\s*\S+(구|군|시)").mean() > 0.6 if not digits.mean() > 0.9 else False:
E:\sources\260928 data_go_mcp\pds\probe\synth.py:54: UserWarning: This pattern is interpreted as a regular expression, and has match groups. To actually get the groups, use str.extract.
  if v.str.contains(r"(시|도)\S*\s*\S+(구|군|시)").mean() > 0.6 if not digits.mean() > 0.9 else False:
E:\sources\260928 data_go_mcp\pds\probe\synth.py:54: UserWarning: This pattern is interpreted as a regular expression, and has match groups. To actually get the groups, use str.extract.
  if v.str.contains(r"(시|도)\S*\s*\S+(구|군|시)").mean() > 0.6 if not digits.mean() > 0.9 else False:
E:\sources\260928 data_go_mcp\pds\probe\synth.py:54: UserWarning: This pattern is interpreted as a regular expression, and has match groups. To actually get the groups, use str.extract.
  if v.str.contains(r"(시|도)\S*\s*\S+(구|군|시)").mean() > 0.6 if not digits.mean() > 0.9 else False:
E:\sources\260928 data_go_mcp\pds\probe\synth.py:54: UserWarning: This pattern is interpreted as a regular expression, and has match groups. To actually get the groups, use str.extract.
  if v.str.contains(r"(시|도)\S*\s*\S+(구|군|시)").mean() > 0.6 if not digits.mean() > 0.9 else False:
E:\sources\260928 data_go_mcp\pds\probe\synth.py:54: UserWarning: This pattern is interpreted as a regular expression, and has match groups. To actually get the groups, use str.extract.
  if v.str.contains(r"(시|도)\S*\s*\S+(구|군|시)").mean() > 0.6 if not digits.mean() > 0.9 else False:
E:\sources\260928 data_go_mcp\pds\probe\synth.py:54: UserWarning: This pattern is interpreted as a regular expression, and has match groups. To actually get the groups, use str.extract.
  if v.str.contains(r"(시|도)\S*\s*\S+(구|군|시)").mean() > 0.6 if not digits.mean() > 0.9 else False:
E:\sources\260928 data_go_mcp\pds\probe\synth.py:54: UserWarning: This pattern is interpreted as a regular expression, and has match groups. To actually get the groups, use str.extract.
  if v.str.contains(r"(시|도)\S*\s*\S+(구|군|시)").mean() > 0.6 if not digits.mean() > 0.9 else False:
E:\sources\260928 data_go_mcp\pds\probe\synth.py:54: UserWarning: This pattern is interpreted as a regular expression, and has match groups. To actually get the groups, use str.extract.
  if v.str.contains(r"(시|도)\S*\s*\S+(구|군|시)").mean() > 0.6 if not digits.mean() > 0.9 else False:
E:\sources\260928 data_go_mcp\pds\probe\synth.py:54: UserWarning: This pattern is interpreted as a regular expression, and has match groups. To actually get the groups, use str.extract.
  if v.str.contains(r"(시|도)\S*\s*\S+(구|군|시)").mean() > 0.6 if not digits.mean() > 0.9 else False:
E:\sources\260928 data_go_mcp\pds\probe\synth.py:54: UserWarning: This pattern is interpreted as a regular expression, and has match groups. To actually get the groups, use str.extract.
  if v.str.contains(r"(시|도)\S*\s*\S+(구|군|시)").mean() > 0.6 if not digits.mean() > 0.9 else False:
E:\sources\260928 data_go_mcp\pds\probe\synth.py:54: UserWarning: This pattern is interpreted as a regular expression, and has match groups. To actually get the groups, use str.extract.
  if v.str.contains(r"(시|도)\S*\s*\S+(구|군|시)").mean() > 0.6 if not digits.mean() > 0.9 else False:
E:\sources\260928 data_go_mcp\pds\probe\synth.py:54: UserWarning: This pattern is interpreted as a regular expression, and has match groups. To actually get the groups, use str.extract.
  if v.str.contains(r"(시|도)\S*\s*\S+(구|군|시)").mean() > 0.6 if not digits.mean() > 0.9 else False:
E:\sources\260928 data_go_mcp\pds\probe\synth.py:54: UserWarning: This pattern is interpreted as a regular expression, and has match groups. To actually get the groups, use str.extract.
  if v.str.contains(r"(시|도)\S*\s*\S+(구|군|시)").mean() > 0.6 if not digits.mean() > 0.9 else False:
E:\sources\260928 data_go_mcp\pds\probe\synth.py:54: UserWarning: This pattern is interpreted as a regular expression, and has match groups. To actually get the groups, use str.extract.
  if v.str.contains(r"(시|도)\S*\s*\S+(구|군|시)").mean() > 0.6 if not digits.mean() > 0.9 else False:
E:\sources\260928 data_go_mcp\pds\probe\synth.py:54: UserWarning: This pattern is interpreted as a regular expression, and has match groups. To actually get the groups, use str.extract.
  if v.str.contains(r"(시|도)\S*\s*\S+(구|군|시)").mean() > 0.6 if not digits.mean() > 0.9 else False:
E:\sources\260928 data_go_mcp\pds\probe\synth.py:54: UserWarning: This pattern is interpreted as a regular expression, and has match groups. To actually get the groups, use str.extract.
  if v.str.contains(r"(시|도)\S*\s*\S+(구|군|시)").mean() > 0.6 if not digits.mean() > 0.9 else False:
E:\sources\260928 data_go_mcp\pds\probe\synth.py:54: UserWarning: This pattern is interpreted as a regular expression, and has match groups. To actually get the groups, use str.extract.
  if v.str.contains(r"(시|도)\S*\s*\S+(구|군|시)").mean() > 0.6 if not digits.mean() > 0.9 else False:
E:\sources\260928 data_go_mcp\pds\probe\synth.py:54: UserWarning: This pattern is interpreted as a regular expression, and has match groups. To actually get the groups, use str.extract.
  if v.str.contains(r"(시|도)\S*\s*\S+(구|군|시)").mean() > 0.6 if not digits.mean() > 0.9 else False:
E:\sources\260928 data_go_mcp\pds\probe\synth.py:54: UserWarning: This pattern is interpreted as a regular expression, and has match groups. To actually get the groups, use str.extract.
  if v.str.contains(r"(시|도)\S*\s*\S+(구|군|시)").mean() > 0.6 if not digits.mean() > 0.9 else False:
E:\sources\260928 data_go_mcp\pds\probe\synth.py:54: UserWarning: This pattern is interpreted as a regular expression, and has match groups. To actually get the groups, use str.extract.
  if v.str.contains(r"(시|도)\S*\s*\S+(구|군|시)").mean() > 0.6 if not digits.mean() > 0.9 else False:
E:\sources\260928 data_go_mcp\pds\probe\synth.py:54: UserWarning: This pattern is interpreted as a regular expression, and has match groups. To actually get the groups, use str.extract.
  if v.str.contains(r"(시|도)\S*\s*\S+(구|군|시)").mean() > 0.6 if not digits.mean() > 0.9 else False:
E:\sources\260928 data_go_mcp\pds\probe\synth.py:54: UserWarning: This pattern is interpreted as a regular expression, and has match groups. To actually get the groups, use str.extract.
  if v.str.contains(r"(시|도)\S*\s*\S+(구|군|시)").mean() > 0.6 if not digits.mean() > 0.9 else False:
E:\sources\260928 data_go_mcp\pds\probe\synth.py:54: UserWarning: This pattern is interpreted as a regular expression, and has match groups. To actually get the groups, use str.extract.
  if v.str.contains(r"(시|도)\S*\s*\S+(구|군|시)").mean() > 0.6 if not digits.mean() > 0.9 else False:
E:\sources\260928 data_go_mcp\pds\probe\synth.py:54: UserWarning: This pattern is interpreted as a regular expression, and has match groups. To actually get the groups, use str.extract.
  if v.str.contains(r"(시|도)\S*\s*\S+(구|군|시)").mean() > 0.6 if not digits.mean() > 0.9 else False:
E:\sources\260928 data_go_mcp\pds\probe\synth.py:54: UserWarning: This pattern is interpreted as a regular expression, and has match groups. To actually get the groups, use str.extract.
  if v.str.contains(r"(시|도)\S*\s*\S+(구|군|시)").mean() > 0.6 if not digits.mean() > 0.9 else False:
E:\sources\260928 data_go_mcp\pds\probe\synth.py:54: UserWarning: This pattern is interpreted as a regular expression, and has match groups. To actually get the groups, use str.extract.
  if v.str.contains(r"(시|도)\S*\s*\S+(구|군|시)").mean() > 0.6 if not digits.mean() > 0.9 else False:
E:\sources\260928 data_go_mcp\pds\probe\synth.py:54: UserWarning: This pattern is interpreted as a regular expression, and has match groups. To actually get the groups, use str.extract.
  if v.str.contains(r"(시|도)\S*\s*\S+(구|군|시)").mean() > 0.6 if not digits.mean() > 0.9 else False:
E:\sources\260928 data_go_mcp\pds\probe\synth.py:54: UserWarning: This pattern is interpreted as a regular expression, and has match groups. To actually get the groups, use str.extract.
  if v.str.contains(r"(시|도)\S*\s*\S+(구|군|시)").mean() > 0.6 if not digits.mean() > 0.9 else False:
E:\sources\260928 data_go_mcp\pds\probe\synth.py:54: UserWarning: This pattern is interpreted as a regular expression, and has match groups. To actually get the groups, use str.extract.
  if v.str.contains(r"(시|도)\S*\s*\S+(구|군|시)").mean() > 0.6 if not digits.mean() > 0.9 else False:
E:\sources\260928 data_go_mcp\pds\probe\synth.py:54: UserWarning: This pattern is interpreted as a regular expression, and has match groups. To actually get the groups, use str.extract.
  if v.str.contains(r"(시|도)\S*\s*\S+(구|군|시)").mean() > 0.6 if not digits.mean() > 0.9 else False:
E:\sources\260928 data_go_mcp\pds\probe\synth.py:54: UserWarning: This pattern is interpreted as a regular expression, and has match groups. To actually get the groups, use str.extract.
  if v.str.contains(r"(시|도)\S*\s*\S+(구|군|시)").mean() > 0.6 if not digits.mean() > 0.9 else False:
E:\sources\260928 data_go_mcp\pds\probe\synth.py:54: UserWarning: This pattern is interpreted as a regular expression, and has match groups. To actually get the groups, use str.extract.
  if v.str.contains(r"(시|도)\S*\s*\S+(구|군|시)").mean() > 0.6 if not digits.mean() > 0.9 else False:
E:\sources\260928 data_go_mcp\pds\probe\synth.py:54: UserWarning: This pattern is interpreted as a regular expression, and has match groups. To actually get the groups, use str.extract.
  if v.str.contains(r"(시|도)\S*\s*\S+(구|군|시)").mean() > 0.6 if not digits.mean() > 0.9 else False:
E:\sources\260928 data_go_mcp\pds\probe\synth.py:54: UserWarning: This pattern is interpreted as a regular expression, and has match groups. To actually get the groups, use str.extract.
  if v.str.contains(r"(시|도)\S*\s*\S+(구|군|시)").mean() > 0.6 if not digits.mean() > 0.9 else False:
E:\sources\260928 data_go_mcp\pds\probe\synth.py:54: UserWarning: This pattern is interpreted as a regular expression, and has match groups. To actually get the groups, use str.extract.
  if v.str.contains(r"(시|도)\S*\s*\S+(구|군|시)").mean() > 0.6 if not digits.mean() > 0.9 else False:
E:\sources\260928 data_go_mcp\pds\probe\synth.py:54: UserWarning: This pattern is interpreted as a regular expression, and has match groups. To actually get the groups, use str.extract.
  if v.str.contains(r"(시|도)\S*\s*\S+(구|군|시)").mean() > 0.6 if not digits.mean() > 0.9 else False:
E:\sources\260928 data_go_mcp\pds\probe\synth.py:54: UserWarning: This pattern is interpreted as a regular expression, and has match groups. To actually get the groups, use str.extract.
  if v.str.contains(r"(시|도)\S*\s*\S+(구|군|시)").mean() > 0.6 if not digits.mean() > 0.9 else False:
E:\sources\260928 data_go_mcp\pds\probe\synth.py:54: UserWarning: This pattern is interpreted as a regular expression, and has match groups. To actually get the groups, use str.extract.
  if v.str.contains(r"(시|도)\S*\s*\S+(구|군|시)").mean() > 0.6 if not digits.mean() > 0.9 else False:
E:\sources\260928 data_go_mcp\pds\probe\synth.py:54: UserWarning: This pattern is interpreted as a regular expression, and has match groups. To actually get the groups, use str.extract.
  if v.str.contains(r"(시|도)\S*\s*\S+(구|군|시)").mean() > 0.6 if not digits.mean() > 0.9 else False:
E:\sources\260928 data_go_mcp\pds\probe\synth.py:54: UserWarning: This pattern is interpreted as a regular expression, and has match groups. To actually get the groups, use str.extract.
  if v.str.contains(r"(시|도)\S*\s*\S+(구|군|시)").mean() > 0.6 if not digits.mean() > 0.9 else False:
E:\sources\260928 data_go_mcp\pds\probe\synth.py:54: UserWarning: This pattern is interpreted as a regular expression, and has match groups. To actually get the groups, use str.extract.
  if v.str.contains(r"(시|도)\S*\s*\S+(구|군|시)").mean() > 0.6 if not digits.mean() > 0.9 else False:
E:\sources\260928 data_go_mcp\pds\probe\synth.py:54: UserWarning: This pattern is interpreted as a regular expression, and has match groups. To actually get the groups, use str.extract.
  if v.str.contains(r"(시|도)\S*\s*\S+(구|군|시)").mean() > 0.6 if not digits.mean() > 0.9 else False:
E:\sources\260928 data_go_mcp\pds\probe\synth.py:54: UserWarning: This pattern is interpreted as a regular expression, and has match groups. To actually get the groups, use str.extract.
  if v.str.contains(r"(시|도)\S*\s*\S+(구|군|시)").mean() > 0.6 if not digits.mean() > 0.9 else False:
E:\sources\260928 data_go_mcp\pds\probe\synth.py:54: UserWarning: This pattern is interpreted as a regular expression, and has match groups. To actually get the groups, use str.extract.
  if v.str.contains(r"(시|도)\S*\s*\S+(구|군|시)").mean() > 0.6 if not digits.mean() > 0.9 else False:
E:\sources\260928 data_go_mcp\pds\probe\synth.py:54: UserWarning: This pattern is interpreted as a regular expression, and has match groups. To actually get the groups, use str.extract.
  if v.str.contains(r"(시|도)\S*\s*\S+(구|군|시)").mean() > 0.6 if not digits.mean() > 0.9 else False:
E:\sources\260928 data_go_mcp\pds\probe\synth.py:54: UserWarning: This pattern is interpreted as a regular expression, and has match groups. To actually get the groups, use str.extract.
  if v.str.contains(r"(시|도)\S*\s*\S+(구|군|시)").mean() > 0.6 if not digits.mean() > 0.9 else False:
E:\sources\260928 data_go_mcp\pds\probe\synth.py:54: UserWarning: This pattern is interpreted as a regular expression, and has match groups. To actually get the groups, use str.extract.
  if v.str.contains(r"(시|도)\S*\s*\S+(구|군|시)").mean() > 0.6 if not digits.mean() > 0.9 else False:
E:\sources\260928 data_go_mcp\pds\probe\synth.py:54: UserWarning: This pattern is interpreted as a regular expression, and has match groups. To actually get the groups, use str.extract.
  if v.str.contains(r"(시|도)\S*\s*\S+(구|군|시)").mean() > 0.6 if not digits.mean() > 0.9 else False:
E:\sources\260928 data_go_mcp\pds\probe\synth.py:54: UserWarning: This pattern is interpreted as a regular expression, and has match groups. To actually get the groups, use str.extract.
  if v.str.contains(r"(시|도)\S*\s*\S+(구|군|시)").mean() > 0.6 if not digits.mean() > 0.9 else False:
E:\sources\260928 data_go_mcp\pds\probe\synth.py:54: UserWarning: This pattern is interpreted as a regular expression, and has match groups. To actually get the groups, use str.extract.
  if v.str.contains(r"(시|도)\S*\s*\S+(구|군|시)").mean() > 0.6 if not digits.mean() > 0.9 else False:
E:\sources\260928 data_go_mcp\pds\probe\synth.py:54: UserWarning: This pattern is interpreted as a regular expression, and has match groups. To actually get the groups, use str.extract.
  if v.str.contains(r"(시|도)\S*\s*\S+(구|군|시)").mean() > 0.6 if not digits.mean() > 0.9 else False:
E:\sources\260928 data_go_mcp\pds\probe\synth.py:54: UserWarning: This pattern is interpreted as a regular expression, and has match groups. To actually get the groups, use str.extract.
  if v.str.contains(r"(시|도)\S*\s*\S+(구|군|시)").mean() > 0.6 if not digits.mean() > 0.9 else False:
E:\sources\260928 data_go_mcp\pds\probe\synth.py:54: UserWarning: This pattern is interpreted as a regular expression, and has match groups. To actually get the groups, use str.extract.
  if v.str.contains(r"(시|도)\S*\s*\S+(구|군|시)").mean() > 0.6 if not digits.mean() > 0.9 else False:
E:\sources\260928 data_go_mcp\pds\probe\synth.py:54: UserWarning: This pattern is interpreted as a regular expression, and has match groups. To actually get the groups, use str.extract.
  if v.str.contains(r"(시|도)\S*\s*\S+(구|군|시)").mean() > 0.6 if not digits.mean() > 0.9 else False:
E:\sources\260928 data_go_mcp\pds\probe\synth.py:54: UserWarning: This pattern is interpreted as a regular expression, and has match groups. To actually get the groups, use str.extract.
  if v.str.contains(r"(시|도)\S*\s*\S+(구|군|시)").mean() > 0.6 if not digits.mean() > 0.9 else False:
E:\sources\260928 data_go_mcp\pds\probe\synth.py:54: UserWarning: This pattern is interpreted as a regular expression, and has match groups. To actually get the groups, use str.extract.
  if v.str.contains(r"(시|도)\S*\s*\S+(구|군|시)").mean() > 0.6 if not digits.mean() > 0.9 else False:
E:\sources\260928 data_go_mcp\pds\probe\synth.py:54: UserWarning: This pattern is interpreted as a regular expression, and has match groups. To actually get the groups, use str.extract.
  if v.str.contains(r"(시|도)\S*\s*\S+(구|군|시)").mean() > 0.6 if not digits.mean() > 0.9 else False:
E:\sources\260928 data_go_mcp\pds\probe\synth.py:54: UserWarning: This pattern is interpreted as a regular expression, and has match groups. To actually get the groups, use str.extract.
  if v.str.contains(r"(시|도)\S*\s*\S+(구|군|시)").mean() > 0.6 if not digits.mean() > 0.9 else False:
E:\sources\260928 data_go_mcp\pds\probe\synth.py:54: UserWarning: This pattern is interpreted as a regular expression, and has match groups. To actually get the groups, use str.extract.
  if v.str.contains(r"(시|도)\S*\s*\S+(구|군|시)").mean() > 0.6 if not digits.mean() > 0.9 else False:
E:\sources\260928 data_go_mcp\pds\probe\synth.py:54: UserWarning: This pattern is interpreted as a regular expression, and has match groups. To actually get the groups, use str.extract.
  if v.str.contains(r"(시|도)\S*\s*\S+(구|군|시)").mean() > 0.6 if not digits.mean() > 0.9 else False:
E:\sources\260928 data_go_mcp\pds\probe\synth.py:54: UserWarning: This pattern is interpreted as a regular expression, and has match groups. To actually get the groups, use str.extract.
  if v.str.contains(r"(시|도)\S*\s*\S+(구|군|시)").mean() > 0.6 if not digits.mean() > 0.9 else False:
E:\sources\260928 data_go_mcp\pds\probe\synth.py:54: UserWarning: This pattern is interpreted as a regular expression, and has match groups. To actually get the groups, use str.extract.
  if v.str.contains(r"(시|도)\S*\s*\S+(구|군|시)").mean() > 0.6 if not digits.mean() > 0.9 else False:
E:\sources\260928 data_go_mcp\pds\probe\synth.py:54: UserWarning: This pattern is interpreted as a regular expression, and has match groups. To actually get the groups, use str.extract.
  if v.str.contains(r"(시|도)\S*\s*\S+(구|군|시)").mean() > 0.6 if not digits.mean() > 0.9 else False:
E:\sources\260928 data_go_mcp\pds\probe\synth.py:54: UserWarning: This pattern is interpreted as a regular expression, and has match groups. To actually get the groups, use str.extract.
  if v.str.contains(r"(시|도)\S*\s*\S+(구|군|시)").mean() > 0.6 if not digits.mean() > 0.9 else False:
E:\sources\260928 data_go_mcp\pds\probe\synth.py:54: UserWarning: This pattern is interpreted as a regular expression, and has match groups. To actually get the groups, use str.extract.
  if v.str.contains(r"(시|도)\S*\s*\S+(구|군|시)").mean() > 0.6 if not digits.mean() > 0.9 else False:
E:\sources\260928 data_go_mcp\pds\probe\synth.py:54: UserWarning: This pattern is interpreted as a regular expression, and has match groups. To actually get the groups, use str.extract.
  if v.str.contains(r"(시|도)\S*\s*\S+(구|군|시)").mean() > 0.6 if not digits.mean() > 0.9 else False:
E:\sources\260928 data_go_mcp\pds\probe\synth.py:54: UserWarning: This pattern is interpreted as a regular expression, and has match groups. To actually get the groups, use str.extract.
  if v.str.contains(r"(시|도)\S*\s*\S+(구|군|시)").mean() > 0.6 if not digits.mean() > 0.9 else False:
E:\sources\260928 data_go_mcp\pds\probe\synth.py:54: UserWarning: This pattern is interpreted as a regular expression, and has match groups. To actually get the groups, use str.extract.
  if v.str.contains(r"(시|도)\S*\s*\S+(구|군|시)").mean() > 0.6 if not digits.mean() > 0.9 else False:
E:\sources\260928 data_go_mcp\pds\probe\synth.py:54: UserWarning: This pattern is interpreted as a regular expression, and has match groups. To actually get the groups, use str.extract.
  if v.str.contains(r"(시|도)\S*\s*\S+(구|군|시)").mean() > 0.6 if not digits.mean() > 0.9 else False:
E:\sources\260928 data_go_mcp\pds\probe\synth.py:54: UserWarning: This pattern is interpreted as a regular expression, and has match groups. To actually get the groups, use str.extract.
  if v.str.contains(r"(시|도)\S*\s*\S+(구|군|시)").mean() > 0.6 if not digits.mean() > 0.9 else False:
E:\sources\260928 data_go_mcp\pds\probe\synth.py:54: UserWarning: This pattern is interpreted as a regular expression, and has match groups. To actually get the groups, use str.extract.
  if v.str.contains(r"(시|도)\S*\s*\S+(구|군|시)").mean() > 0.6 if not digits.mean() > 0.9 else False:
E:\sources\260928 data_go_mcp\pds\probe\synth.py:54: UserWarning: This pattern is interpreted as a regular expression, and has match groups. To actually get the groups, use str.extract.
  if v.str.contains(r"(시|도)\S*\s*\S+(구|군|시)").mean() > 0.6 if not digits.mean() > 0.9 else False:
E:\sources\260928 data_go_mcp\pds\probe\synth.py:54: UserWarning: This pattern is interpreted as a regular expression, and has match groups. To actually get the groups, use str.extract.
  if v.str.contains(r"(시|도)\S*\s*\S+(구|군|시)").mean() > 0.6 if not digits.mean() > 0.9 else False:
E:\sources\260928 data_go_mcp\pds\probe\synth.py:54: UserWarning: This pattern is interpreted as a regular expression, and has match groups. To actually get the groups, use str.extract.
  if v.str.contains(r"(시|도)\S*\s*\S+(구|군|시)").mean() > 0.6 if not digits.mean() > 0.9 else False:
E:\sources\260928 data_go_mcp\pds\probe\synth.py:54: UserWarning: This pattern is interpreted as a regular expression, and has match groups. To actually get the groups, use str.extract.
  if v.str.contains(r"(시|도)\S*\s*\S+(구|군|시)").mean() > 0.6 if not digits.mean() > 0.9 else False:
E:\sources\260928 data_go_mcp\pds\probe\synth.py:54: UserWarning: This pattern is interpreted as a regular expression, and has match groups. To actually get the groups, use str.extract.
  if v.str.contains(r"(시|도)\S*\s*\S+(구|군|시)").mean() > 0.6 if not digits.mean() > 0.9 else False:
E:\sources\260928 data_go_mcp\pds\probe\synth.py:54: UserWarning: This pattern is interpreted as a regular expression, and has match groups. To actually get the groups, use str.extract.
  if v.str.contains(r"(시|도)\S*\s*\S+(구|군|시)").mean() > 0.6 if not digits.mean() > 0.9 else False:
E:\sources\260928 data_go_mcp\pds\probe\synth.py:54: UserWarning: This pattern is interpreted as a regular expression, and has match groups. To actually get the groups, use str.extract.
  if v.str.contains(r"(시|도)\S*\s*\S+(구|군|시)").mean() > 0.6 if not digits.mean() > 0.9 else False:
E:\sources\260928 data_go_mcp\pds\probe\synth.py:54: UserWarning: This pattern is interpreted as a regular expression, and has match groups. To actually get the groups, use str.extract.
  if v.str.contains(r"(시|도)\S*\s*\S+(구|군|시)").mean() > 0.6 if not digits.mean() > 0.9 else False:
E:\sources\260928 data_go_mcp\pds\probe\synth.py:54: UserWarning: This pattern is interpreted as a regular expression, and has match groups. To actually get the groups, use str.extract.
  if v.str.contains(r"(시|도)\S*\s*\S+(구|군|시)").mean() > 0.6 if not digits.mean() > 0.9 else False:
E:\sources\260928 data_go_mcp\pds\probe\synth.py:54: UserWarning: This pattern is interpreted as a regular expression, and has match groups. To actually get the groups, use str.extract.
  if v.str.contains(r"(시|도)\S*\s*\S+(구|군|시)").mean() > 0.6 if not digits.mean() > 0.9 else False:
E:\sources\260928 data_go_mcp\pds\probe\synth.py:54: UserWarning: This pattern is interpreted as a regular expression, and has match groups. To actually get the groups, use str.extract.
  if v.str.contains(r"(시|도)\S*\s*\S+(구|군|시)").mean() > 0.6 if not digits.mean() > 0.9 else False:
E:\sources\260928 data_go_mcp\pds\probe\synth.py:54: UserWarning: This pattern is interpreted as a regular expression, and has match groups. To actually get the groups, use str.extract.
  if v.str.contains(r"(시|도)\S*\s*\S+(구|군|시)").mean() > 0.6 if not digits.mean() > 0.9 else False:
E:\sources\260928 data_go_mcp\pds\probe\synth.py:54: UserWarning: This pattern is interpreted as a regular expression, and has match groups. To actually get the groups, use str.extract.
  if v.str.contains(r"(시|도)\S*\s*\S+(구|군|시)").mean() > 0.6 if not digits.mean() > 0.9 else False:
E:\sources\260928 data_go_mcp\pds\probe\synth.py:54: UserWarning: This pattern is interpreted as a regular expression, and has match groups. To actually get the groups, use str.extract.
  if v.str.contains(r"(시|도)\S*\s*\S+(구|군|시)").mean() > 0.6 if not digits.mean() > 0.9 else False:
E:\sources\260928 data_go_mcp\pds\probe\synth.py:54: UserWarning: This pattern is interpreted as a regular expression, and has match groups. To actually get the groups, use str.extract.
  if v.str.contains(r"(시|도)\S*\s*\S+(구|군|시)").mean() > 0.6 if not digits.mean() > 0.9 else False:
E:\sources\260928 data_go_mcp\pds\probe\synth.py:54: UserWarning: This pattern is interpreted as a regular expression, and has match groups. To actually get the groups, use str.extract.
  if v.str.contains(r"(시|도)\S*\s*\S+(구|군|시)").mean() > 0.6 if not digits.mean() > 0.9 else False:
E:\sources\260928 data_go_mcp\pds\probe\synth.py:54: UserWarning: This pattern is interpreted as a regular expression, and has match groups. To actually get the groups, use str.extract.
  if v.str.contains(r"(시|도)\S*\s*\S+(구|군|시)").mean() > 0.6 if not digits.mean() > 0.9 else False:
E:\sources\260928 data_go_mcp\pds\probe\synth.py:54: UserWarning: This pattern is interpreted as a regular expression, and has match groups. To actually get the groups, use str.extract.
  if v.str.contains(r"(시|도)\S*\s*\S+(구|군|시)").mean() > 0.6 if not digits.mean() > 0.9 else False:
E:\sources\260928 data_go_mcp\pds\probe\synth.py:54: UserWarning: This pattern is interpreted as a regular expression, and has match groups. To actually get the groups, use str.extract.
  if v.str.contains(r"(시|도)\S*\s*\S+(구|군|시)").mean() > 0.6 if not digits.mean() > 0.9 else False:
E:\sources\260928 data_go_mcp\pds\probe\synth.py:54: UserWarning: This pattern is interpreted as a regular expression, and has match groups. To actually get the groups, use str.extract.
  if v.str.contains(r"(시|도)\S*\s*\S+(구|군|시)").mean() > 0.6 if not digits.mean() > 0.9 else False:
E:\sources\260928 data_go_mcp\pds\probe\synth.py:54: UserWarning: This pattern is interpreted as a regular expression, and has match groups. To actually get the groups, use str.extract.
  if v.str.contains(r"(시|도)\S*\s*\S+(구|군|시)").mean() > 0.6 if not digits.mean() > 0.9 else False:
E:\sources\260928 data_go_mcp\pds\probe\synth.py:54: UserWarning: This pattern is interpreted as a regular expression, and has match groups. To actually get the groups, use str.extract.
  if v.str.contains(r"(시|도)\S*\s*\S+(구|군|시)").mean() > 0.6 if not digits.mean() > 0.9 else False:
E:\sources\260928 data_go_mcp\pds\probe\synth.py:54: UserWarning: This pattern is interpreted as a regular expression, and has match groups. To actually get the groups, use str.extract.
  if v.str.contains(r"(시|도)\S*\s*\S+(구|군|시)").mean() > 0.6 if not digits.mean() > 0.9 else False:
E:\sources\260928 data_go_mcp\pds\probe\synth.py:54: UserWarning: This pattern is interpreted as a regular expression, and has match groups. To actually get the groups, use str.extract.
  if v.str.contains(r"(시|도)\S*\s*\S+(구|군|시)").mean() > 0.6 if not digits.mean() > 0.9 else False:
E:\sources\260928 data_go_mcp\pds\probe\synth.py:54: UserWarning: This pattern is interpreted as a regular expression, and has match groups. To actually get the groups, use str.extract.
  if v.str.contains(r"(시|도)\S*\s*\S+(구|군|시)").mean() > 0.6 if not digits.mean() > 0.9 else False:
E:\sources\260928 data_go_mcp\pds\probe\synth.py:54: UserWarning: This pattern is interpreted as a regular expression, and has match groups. To actually get the groups, use str.extract.
  if v.str.contains(r"(시|도)\S*\s*\S+(구|군|시)").mean() > 0.6 if not digits.mean() > 0.9 else False:
E:\sources\260928 data_go_mcp\pds\probe\synth.py:54: UserWarning: This pattern is interpreted as a regular expression, and has match groups. To actually get the groups, use str.extract.
  if v.str.contains(r"(시|도)\S*\s*\S+(구|군|시)").mean() > 0.6 if not digits.mean() > 0.9 else False:
E:\sources\260928 data_go_mcp\pds\probe\synth.py:54: UserWarning: This pattern is interpreted as a regular expression, and has match groups. To actually get the groups, use str.extract.
  if v.str.contains(r"(시|도)\S*\s*\S+(구|군|시)").mean() > 0.6 if not digits.mean() > 0.9 else False:
E:\sources\260928 data_go_mcp\pds\probe\synth.py:54: UserWarning: This pattern is interpreted as a regular expression, and has match groups. To actually get the groups, use str.extract.
  if v.str.contains(r"(시|도)\S*\s*\S+(구|군|시)").mean() > 0.6 if not digits.mean() > 0.9 else False:
E:\sources\260928 data_go_mcp\pds\probe\synth.py:54: UserWarning: This pattern is interpreted as a regular expression, and has match groups. To actually get the groups, use str.extract.
  if v.str.contains(r"(시|도)\S*\s*\S+(구|군|시)").mean() > 0.6 if not digits.mean() > 0.9 else False:
E:\sources\260928 data_go_mcp\pds\probe\synth.py:54: UserWarning: This pattern is interpreted as a regular expression, and has match groups. To actually get the groups, use str.extract.
  if v.str.contains(r"(시|도)\S*\s*\S+(구|군|시)").mean() > 0.6 if not digits.mean() > 0.9 else False:
E:\sources\260928 data_go_mcp\pds\probe\synth.py:54: UserWarning: This pattern is interpreted as a regular expression, and has match groups. To actually get the groups, use str.extract.
  if v.str.contains(r"(시|도)\S*\s*\S+(구|군|시)").mean() > 0.6 if not digits.mean() > 0.9 else False:
E:\sources\260928 data_go_mcp\pds\probe\synth.py:54: UserWarning: This pattern is interpreted as a regular expression, and has match groups. To actually get the groups, use str.extract.
  if v.str.contains(r"(시|도)\S*\s*\S+(구|군|시)").mean() > 0.6 if not digits.mean() > 0.9 else False:
E:\sources\260928 data_go_mcp\pds\probe\synth.py:54: UserWarning: This pattern is interpreted as a regular expression, and has match groups. To actually get the groups, use str.extract.
  if v.str.contains(r"(시|도)\S*\s*\S+(구|군|시)").mean() > 0.6 if not digits.mean() > 0.9 else False:
E:\sources\260928 data_go_mcp\pds\probe\synth.py:54: UserWarning: This pattern is interpreted as a regular expression, and has match groups. To actually get the groups, use str.extract.
  if v.str.contains(r"(시|도)\S*\s*\S+(구|군|시)").mean() > 0.6 if not digits.mean() > 0.9 else False:
E:\sources\260928 data_go_mcp\pds\probe\synth.py:54: UserWarning: This pattern is interpreted as a regular expression, and has match groups. To actually get the groups, use str.extract.
  if v.str.contains(r"(시|도)\S*\s*\S+(구|군|시)").mean() > 0.6 if not digits.mean() > 0.9 else False:
E:\sources\260928 data_go_mcp\pds\probe\synth.py:54: UserWarning: This pattern is interpreted as a regular expression, and has match groups. To actually get the groups, use str.extract.
  if v.str.contains(r"(시|도)\S*\s*\S+(구|군|시)").mean() > 0.6 if not digits.mean() > 0.9 else False:
E:\sources\260928 data_go_mcp\pds\probe\synth.py:54: UserWarning: This pattern is interpreted as a regular expression, and has match groups. To actually get the groups, use str.extract.
  if v.str.contains(r"(시|도)\S*\s*\S+(구|군|시)").mean() > 0.6 if not digits.mean() > 0.9 else False:
E:\sources\260928 data_go_mcp\pds\probe\synth.py:54: UserWarning: This pattern is interpreted as a regular expression, and has match groups. To actually get the groups, use str.extract.
  if v.str.contains(r"(시|도)\S*\s*\S+(구|군|시)").mean() > 0.6 if not digits.mean() > 0.9 else False:
E:\sources\260928 data_go_mcp\pds\probe\synth.py:54: UserWarning: This pattern is interpreted as a regular expression, and has match groups. To actually get the groups, use str.extract.
  if v.str.contains(r"(시|도)\S*\s*\S+(구|군|시)").mean() > 0.6 if not digits.mean() > 0.9 else False:
E:\sources\260928 data_go_mcp\pds\probe\synth.py:54: UserWarning: This pattern is interpreted as a regular expression, and has match groups. To actually get the groups, use str.extract.
  if v.str.contains(r"(시|도)\S*\s*\S+(구|군|시)").mean() > 0.6 if not digits.mean() > 0.9 else False:
E:\sources\260928 data_go_mcp\pds\probe\synth.py:54: UserWarning: This pattern is interpreted as a regular expression, and has match groups. To actually get the groups, use str.extract.
  if v.str.contains(r"(시|도)\S*\s*\S+(구|군|시)").mean() > 0.6 if not digits.mean() > 0.9 else False:
E:\sources\260928 data_go_mcp\pds\probe\synth.py:54: UserWarning: This pattern is interpreted as a regular expression, and has match groups. To actually get the groups, use str.extract.
  if v.str.contains(r"(시|도)\S*\s*\S+(구|군|시)").mean() > 0.6 if not digits.mean() > 0.9 else False:
E:\sources\260928 data_go_mcp\pds\probe\synth.py:54: UserWarning: This pattern is interpreted as a regular expression, and has match groups. To actually get the groups, use str.extract.
  if v.str.contains(r"(시|도)\S*\s*\S+(구|군|시)").mean() > 0.6 if not digits.mean() > 0.9 else False:
E:\sources\260928 data_go_mcp\pds\probe\synth.py:54: UserWarning: This pattern is interpreted as a regular expression, and has match groups. To actually get the groups, use str.extract.
  if v.str.contains(r"(시|도)\S*\s*\S+(구|군|시)").mean() > 0.6 if not digits.mean() > 0.9 else False:
E:\sources\260928 data_go_mcp\pds\probe\synth.py:54: UserWarning: This pattern is interpreted as a regular expression, and has match groups. To actually get the groups, use str.extract.
  if v.str.contains(r"(시|도)\S*\s*\S+(구|군|시)").mean() > 0.6 if not digits.mean() > 0.9 else False:
E:\sources\260928 data_go_mcp\pds\probe\synth.py:54: UserWarning: This pattern is interpreted as a regular expression, and has match groups. To actually get the groups, use str.extract.
  if v.str.contains(r"(시|도)\S*\s*\S+(구|군|시)").mean() > 0.6 if not digits.mean() > 0.9 else False:
E:\sources\260928 data_go_mcp\pds\probe\synth.py:54: UserWarning: This pattern is interpreted as a regular expression, and has match groups. To actually get the groups, use str.extract.
  if v.str.contains(r"(시|도)\S*\s*\S+(구|군|시)").mean() > 0.6 if not digits.mean() > 0.9 else False:
E:\sources\260928 data_go_mcp\pds\probe\synth.py:54: UserWarning: This pattern is interpreted as a regular expression, and has match groups. To actually get the groups, use str.extract.
  if v.str.contains(r"(시|도)\S*\s*\S+(구|군|시)").mean() > 0.6 if not digits.mean() > 0.9 else False:
E:\sources\260928 data_go_mcp\pds\probe\synth.py:54: UserWarning: This pattern is interpreted as a regular expression, and has match groups. To actually get the groups, use str.extract.
  if v.str.contains(r"(시|도)\S*\s*\S+(구|군|시)").mean() > 0.6 if not digits.mean() > 0.9 else False:
E:\sources\260928 data_go_mcp\pds\probe\synth.py:54: UserWarning: This pattern is interpreted as a regular expression, and has match groups. To actually get the groups, use str.extract.
  if v.str.contains(r"(시|도)\S*\s*\S+(구|군|시)").mean() > 0.6 if not digits.mean() > 0.9 else False:
E:\sources\260928 data_go_mcp\pds\probe\synth.py:54: UserWarning: This pattern is interpreted as a regular expression, and has match groups. To actually get the groups, use str.extract.
  if v.str.contains(r"(시|도)\S*\s*\S+(구|군|시)").mean() > 0.6 if not digits.mean() > 0.9 else False:
E:\sources\260928 data_go_mcp\pds\probe\synth.py:54: UserWarning: This pattern is interpreted as a regular expression, and has match groups. To actually get the groups, use str.extract.
  if v.str.contains(r"(시|도)\S*\s*\S+(구|군|시)").mean() > 0.6 if not digits.mean() > 0.9 else False:
E:\sources\260928 data_go_mcp\pds\probe\synth.py:54: UserWarning: This pattern is interpreted as a regular expression, and has match groups. To actually get the groups, use str.extract.
  if v.str.contains(r"(시|도)\S*\s*\S+(구|군|시)").mean() > 0.6 if not digits.mean() > 0.9 else False:
E:\sources\260928 data_go_mcp\pds\probe\synth.py:54: UserWarning: This pattern is interpreted as a regular expression, and has match groups. To actually get the groups, use str.extract.
  if v.str.contains(r"(시|도)\S*\s*\S+(구|군|시)").mean() > 0.6 if not digits.mean() > 0.9 else False:
E:\sources\260928 data_go_mcp\pds\probe\synth.py:54: UserWarning: This pattern is interpreted as a regular expression, and has match groups. To actually get the groups, use str.extract.
  if v.str.contains(r"(시|도)\S*\s*\S+(구|군|시)").mean() > 0.6 if not digits.mean() > 0.9 else False:
E:\sources\260928 data_go_mcp\pds\probe\synth.py:54: UserWarning: This pattern is interpreted as a regular expression, and has match groups. To actually get the groups, use str.extract.
  if v.str.contains(r"(시|도)\S*\s*\S+(구|군|시)").mean() > 0.6 if not digits.mean() > 0.9 else False:
E:\sources\260928 data_go_mcp\pds\probe\synth.py:54: UserWarning: This pattern is interpreted as a regular expression, and has match groups. To actually get the groups, use str.extract.
  if v.str.contains(r"(시|도)\S*\s*\S+(구|군|시)").mean() > 0.6 if not digits.mean() > 0.9 else False:
E:\sources\260928 data_go_mcp\pds\probe\synth.py:54: UserWarning: This pattern is interpreted as a regular expression, and has match groups. To actually get the groups, use str.extract.
  if v.str.contains(r"(시|도)\S*\s*\S+(구|군|시)").mean() > 0.6 if not digits.mean() > 0.9 else False:
E:\sources\260928 data_go_mcp\pds\probe\synth.py:54: UserWarning: This pattern is interpreted as a regular expression, and has match groups. To actually get the groups, use str.extract.
  if v.str.contains(r"(시|도)\S*\s*\S+(구|군|시)").mean() > 0.6 if not digits.mean() > 0.9 else False:
E:\sources\260928 data_go_mcp\pds\probe\synth.py:54: UserWarning: This pattern is interpreted as a regular expression, and has match groups. To actually get the groups, use str.extract.
  if v.str.contains(r"(시|도)\S*\s*\S+(구|군|시)").mean() > 0.6 if not digits.mean() > 0.9 else False:
E:\sources\260928 data_go_mcp\pds\probe\synth.py:54: UserWarning: This pattern is interpreted as a regular expression, and has match groups. To actually get the groups, use str.extract.
  if v.str.contains(r"(시|도)\S*\s*\S+(구|군|시)").mean() > 0.6 if not digits.mean() > 0.9 else False:
E:\sources\260928 data_go_mcp\pds\probe\synth.py:54: UserWarning: This pattern is interpreted as a regular expression, and has match groups. To actually get the groups, use str.extract.
  if v.str.contains(r"(시|도)\S*\s*\S+(구|군|시)").mean() > 0.6 if not digits.mean() > 0.9 else False:
E:\sources\260928 data_go_mcp\pds\probe\synth.py:54: UserWarning: This pattern is interpreted as a regular expression, and has match groups. To actually get the groups, use str.extract.
  if v.str.contains(r"(시|도)\S*\s*\S+(구|군|시)").mean() > 0.6 if not digits.mean() > 0.9 else False:
E:\sources\260928 data_go_mcp\pds\probe\synth.py:54: UserWarning: This pattern is interpreted as a regular expression, and has match groups. To actually get the groups, use str.extract.
  if v.str.contains(r"(시|도)\S*\s*\S+(구|군|시)").mean() > 0.6 if not digits.mean() > 0.9 else False:
E:\sources\260928 data_go_mcp\pds\probe\synth.py:54: UserWarning: This pattern is interpreted as a regular expression, and has match groups. To actually get the groups, use str.extract.
  if v.str.contains(r"(시|도)\S*\s*\S+(구|군|시)").mean() > 0.6 if not digits.mean() > 0.9 else False:
E:\sources\260928 data_go_mcp\pds\probe\synth.py:54: UserWarning: This pattern is interpreted as a regular expression, and has match groups. To actually get the groups, use str.extract.
  if v.str.contains(r"(시|도)\S*\s*\S+(구|군|시)").mean() > 0.6 if not digits.mean() > 0.9 else False:
E:\sources\260928 data_go_mcp\pds\probe\synth.py:54: UserWarning: This pattern is interpreted as a regular expression, and has match groups. To actually get the groups, use str.extract.
  if v.str.contains(r"(시|도)\S*\s*\S+(구|군|시)").mean() > 0.6 if not digits.mean() > 0.9 else False:
E:\sources\260928 data_go_mcp\pds\probe\synth.py:54: UserWarning: This pattern is interpreted as a regular expression, and has match groups. To actually get the groups, use str.extract.
  if v.str.contains(r"(시|도)\S*\s*\S+(구|군|시)").mean() > 0.6 if not digits.mean() > 0.9 else False:
E:\sources\260928 data_go_mcp\pds\probe\synth.py:54: UserWarning: This pattern is interpreted as a regular expression, and has match groups. To actually get the groups, use str.extract.
  if v.str.contains(r"(시|도)\S*\s*\S+(구|군|시)").mean() > 0.6 if not digits.mean() > 0.9 else False:
E:\sources\260928 data_go_mcp\pds\probe\synth.py:54: UserWarning: This pattern is interpreted as a regular expression, and has match groups. To actually get the groups, use str.extract.
  if v.str.contains(r"(시|도)\S*\s*\S+(구|군|시)").mean() > 0.6 if not digits.mean() > 0.9 else False:
E:\sources\260928 data_go_mcp\pds\probe\synth.py:54: UserWarning: This pattern is interpreted as a regular expression, and has match groups. To actually get the groups, use str.extract.
  if v.str.contains(r"(시|도)\S*\s*\S+(구|군|시)").mean() > 0.6 if not digits.mean() > 0.9 else False:
E:\sources\260928 data_go_mcp\pds\probe\synth.py:54: UserWarning: This pattern is interpreted as a regular expression, and has match groups. To actually get the groups, use str.extract.
  if v.str.contains(r"(시|도)\S*\s*\S+(구|군|시)").mean() > 0.6 if not digits.mean() > 0.9 else False:
E:\sources\260928 data_go_mcp\pds\probe\synth.py:54: UserWarning: This pattern is interpreted as a regular expression, and has match groups. To actually get the groups, use str.extract.
  if v.str.contains(r"(시|도)\S*\s*\S+(구|군|시)").mean() > 0.6 if not digits.mean() > 0.9 else False:
E:\sources\260928 data_go_mcp\pds\probe\synth.py:54: UserWarning: This pattern is interpreted as a regular expression, and has match groups. To actually get the groups, use str.extract.
  if v.str.contains(r"(시|도)\S*\s*\S+(구|군|시)").mean() > 0.6 if not digits.mean() > 0.9 else False:
E:\sources\260928 data_go_mcp\pds\probe\synth.py:54: UserWarning: This pattern is interpreted as a regular expression, and has match groups. To actually get the groups, use str.extract.
  if v.str.contains(r"(시|도)\S*\s*\S+(구|군|시)").mean() > 0.6 if not digits.mean() > 0.9 else False:
E:\sources\260928 data_go_mcp\pds\probe\synth.py:54: UserWarning: This pattern is interpreted as a regular expression, and has match groups. To actually get the groups, use str.extract.
  if v.str.contains(r"(시|도)\S*\s*\S+(구|군|시)").mean() > 0.6 if not digits.mean() > 0.9 else False:
E:\sources\260928 data_go_mcp\pds\probe\synth.py:54: UserWarning: This pattern is interpreted as a regular expression, and has match groups. To actually get the groups, use str.extract.
  if v.str.contains(r"(시|도)\S*\s*\S+(구|군|시)").mean() > 0.6 if not digits.mean() > 0.9 else False:
E:\sources\260928 data_go_mcp\pds\probe\synth.py:54: UserWarning: This pattern is interpreted as a regular expression, and has match groups. To actually get the groups, use str.extract.
  if v.str.contains(r"(시|도)\S*\s*\S+(구|군|시)").mean() > 0.6 if not digits.mean() > 0.9 else False:
E:\sources\260928 data_go_mcp\pds\probe\synth.py:54: UserWarning: This pattern is interpreted as a regular expression, and has match groups. To actually get the groups, use str.extract.
  if v.str.contains(r"(시|도)\S*\s*\S+(구|군|시)").mean() > 0.6 if not digits.mean() > 0.9 else False:
E:\sources\260928 data_go_mcp\pds\probe\synth.py:54: UserWarning: This pattern is interpreted as a regular expression, and has match groups. To actually get the groups, use str.extract.
  if v.str.contains(r"(시|도)\S*\s*\S+(구|군|시)").mean() > 0.6 if not digits.mean() > 0.9 else False:
E:\sources\260928 data_go_mcp\pds\probe\synth.py:54: UserWarning: This pattern is interpreted as a regular expression, and has match groups. To actually get the groups, use str.extract.
  if v.str.contains(r"(시|도)\S*\s*\S+(구|군|시)").mean() > 0.6 if not digits.mean() > 0.9 else False:
E:\sources\260928 data_go_mcp\pds\probe\synth.py:54: UserWarning: This pattern is interpreted as a regular expression, and has match groups. To actually get the groups, use str.extract.
  if v.str.contains(r"(시|도)\S*\s*\S+(구|군|시)").mean() > 0.6 if not digits.mean() > 0.9 else False:
E:\sources\260928 data_go_mcp\pds\probe\synth.py:54: UserWarning: This pattern is interpreted as a regular expression, and has match groups. To actually get the groups, use str.extract.
  if v.str.contains(r"(시|도)\S*\s*\S+(구|군|시)").mean() > 0.6 if not digits.mean() > 0.9 else False:
E:\sources\260928 data_go_mcp\pds\probe\synth.py:54: UserWarning: This pattern is interpreted as a regular expression, and has match groups. To actually get the groups, use str.extract.
  if v.str.contains(r"(시|도)\S*\s*\S+(구|군|시)").mean() > 0.6 if not digits.mean() > 0.9 else False:
E:\sources\260928 data_go_mcp\pds\probe\synth.py:54: UserWarning: This pattern is interpreted as a regular expression, and has match groups. To actually get the groups, use str.extract.
  if v.str.contains(r"(시|도)\S*\s*\S+(구|군|시)").mean() > 0.6 if not digits.mean() > 0.9 else False:
E:\sources\260928 data_go_mcp\pds\probe\synth.py:54: UserWarning: This pattern is interpreted as a regular expression, and has match groups. To actually get the groups, use str.extract.
  if v.str.contains(r"(시|도)\S*\s*\S+(구|군|시)").mean() > 0.6 if not digits.mean() > 0.9 else False:
E:\sources\260928 data_go_mcp\pds\probe\synth.py:54: UserWarning: This pattern is interpreted as a regular expression, and has match groups. To actually get the groups, use str.extract.
  if v.str.contains(r"(시|도)\S*\s*\S+(구|군|시)").mean() > 0.6 if not digits.mean() > 0.9 else False:
E:\sources\260928 data_go_mcp\pds\probe\synth.py:54: UserWarning: This pattern is interpreted as a regular expression, and has match groups. To actually get the groups, use str.extract.
  if v.str.contains(r"(시|도)\S*\s*\S+(구|군|시)").mean() > 0.6 if not digits.mean() > 0.9 else False:
E:\sources\260928 data_go_mcp\pds\probe\synth.py:54: UserWarning: This pattern is interpreted as a regular expression, and has match groups. To actually get the groups, use str.extract.
  if v.str.contains(r"(시|도)\S*\s*\S+(구|군|시)").mean() > 0.6 if not digits.mean() > 0.9 else False:
E:\sources\260928 data_go_mcp\pds\probe\synth.py:54: UserWarning: This pattern is interpreted as a regular expression, and has match groups. To actually get the groups, use str.extract.
  if v.str.contains(r"(시|도)\S*\s*\S+(구|군|시)").mean() > 0.6 if not digits.mean() > 0.9 else False:
E:\sources\260928 data_go_mcp\pds\probe\synth.py:54: UserWarning: This pattern is interpreted as a regular expression, and has match groups. To actually get the groups, use str.extract.
  if v.str.contains(r"(시|도)\S*\s*\S+(구|군|시)").mean() > 0.6 if not digits.mean() > 0.9 else False:
E:\sources\260928 data_go_mcp\pds\probe\synth.py:54: UserWarning: This pattern is interpreted as a regular expression, and has match groups. To actually get the groups, use str.extract.
  if v.str.contains(r"(시|도)\S*\s*\S+(구|군|시)").mean() > 0.6 if not digits.mean() > 0.9 else False:
E:\sources\260928 data_go_mcp\pds\probe\synth.py:54: UserWarning: This pattern is interpreted as a regular expression, and has match groups. To actually get the groups, use str.extract.
  if v.str.contains(r"(시|도)\S*\s*\S+(구|군|시)").mean() > 0.6 if not digits.mean() > 0.9 else False:
E:\sources\260928 data_go_mcp\pds\probe\synth.py:54: UserWarning: This pattern is interpreted as a regular expression, and has match groups. To actually get the groups, use str.extract.
  if v.str.contains(r"(시|도)\S*\s*\S+(구|군|시)").mean() > 0.6 if not digits.mean() > 0.9 else False:
E:\sources\260928 data_go_mcp\pds\probe\synth.py:54: UserWarning: This pattern is interpreted as a regular expression, and has match groups. To actually get the groups, use str.extract.
  if v.str.contains(r"(시|도)\S*\s*\S+(구|군|시)").mean() > 0.6 if not digits.mean() > 0.9 else False:
E:\sources\260928 data_go_mcp\pds\probe\synth.py:54: UserWarning: This pattern is interpreted as a regular expression, and has match groups. To actually get the groups, use str.extract.
  if v.str.contains(r"(시|도)\S*\s*\S+(구|군|시)").mean() > 0.6 if not digits.mean() > 0.9 else False:
E:\sources\260928 data_go_mcp\pds\probe\synth.py:54: UserWarning: This pattern is interpreted as a regular expression, and has match groups. To actually get the groups, use str.extract.
  if v.str.contains(r"(시|도)\S*\s*\S+(구|군|시)").mean() > 0.6 if not digits.mean() > 0.9 else False:
E:\sources\260928 data_go_mcp\pds\probe\synth.py:54: UserWarning: This pattern is interpreted as a regular expression, and has match groups. To actually get the groups, use str.extract.
  if v.str.contains(r"(시|도)\S*\s*\S+(구|군|시)").mean() > 0.6 if not digits.mean() > 0.9 else False:
E:\sources\260928 data_go_mcp\pds\probe\synth.py:54: UserWarning: This pattern is interpreted as a regular expression, and has match groups. To actually get the groups, use str.extract.
  if v.str.contains(r"(시|도)\S*\s*\S+(구|군|시)").mean() > 0.6 if not digits.mean() > 0.9 else False:
E:\sources\260928 data_go_mcp\pds\probe\synth.py:54: UserWarning: This pattern is interpreted as a regular expression, and has match groups. To actually get the groups, use str.extract.
  if v.str.contains(r"(시|도)\S*\s*\S+(구|군|시)").mean() > 0.6 if not digits.mean() > 0.9 else False:
E:\sources\260928 data_go_mcp\pds\probe\synth.py:54: UserWarning: This pattern is interpreted as a regular expression, and has match groups. To actually get the groups, use str.extract.
  if v.str.contains(r"(시|도)\S*\s*\S+(구|군|시)").mean() > 0.6 if not digits.mean() > 0.9 else False:
E:\sources\260928 data_go_mcp\pds\probe\synth.py:54: UserWarning: This pattern is interpreted as a regular expression, and has match groups. To actually get the groups, use str.extract.
  if v.str.contains(r"(시|도)\S*\s*\S+(구|군|시)").mean() > 0.6 if not digits.mean() > 0.9 else False:
E:\sources\260928 data_go_mcp\pds\probe\synth.py:54: UserWarning: This pattern is interpreted as a regular expression, and has match groups. To actually get the groups, use str.extract.
  if v.str.contains(r"(시|도)\S*\s*\S+(구|군|시)").mean() > 0.6 if not digits.mean() > 0.9 else False:
E:\sources\260928 data_go_mcp\pds\probe\synth.py:54: UserWarning: This pattern is interpreted as a regular expression, and has match groups. To actually get the groups, use str.extract.
  if v.str.contains(r"(시|도)\S*\s*\S+(구|군|시)").mean() > 0.6 if not digits.mean() > 0.9 else False:
E:\sources\260928 data_go_mcp\pds\probe\synth.py:54: UserWarning: This pattern is interpreted as a regular expression, and has match groups. To actually get the groups, use str.extract.
  if v.str.contains(r"(시|도)\S*\s*\S+(구|군|시)").mean() > 0.6 if not digits.mean() > 0.9 else False:
E:\sources\260928 data_go_mcp\pds\probe\synth.py:54: UserWarning: This pattern is interpreted as a regular expression, and has match groups. To actually get the groups, use str.extract.
  if v.str.contains(r"(시|도)\S*\s*\S+(구|군|시)").mean() > 0.6 if not digits.mean() > 0.9 else False:
E:\sources\260928 data_go_mcp\pds\probe\synth.py:54: UserWarning: This pattern is interpreted as a regular expression, and has match groups. To actually get the groups, use str.extract.
  if v.str.contains(r"(시|도)\S*\s*\S+(구|군|시)").mean() > 0.6 if not digits.mean() > 0.9 else False:
E:\sources\260928 data_go_mcp\pds\probe\synth.py:54: UserWarning: This pattern is interpreted as a regular expression, and has match groups. To actually get the groups, use str.extract.
  if v.str.contains(r"(시|도)\S*\s*\S+(구|군|시)").mean() > 0.6 if not digits.mean() > 0.9 else False:
E:\sources\260928 data_go_mcp\pds\probe\synth.py:54: UserWarning: This pattern is interpreted as a regular expression, and has match groups. To actually get the groups, use str.extract.
  if v.str.contains(r"(시|도)\S*\s*\S+(구|군|시)").mean() > 0.6 if not digits.mean() > 0.9 else False:
E:\sources\260928 data_go_mcp\pds\probe\synth.py:54: UserWarning: This pattern is interpreted as a regular expression, and has match groups. To actually get the groups, use str.extract.
  if v.str.contains(r"(시|도)\S*\s*\S+(구|군|시)").mean() > 0.6 if not digits.mean() > 0.9 else False:
E:\sources\260928 data_go_mcp\pds\probe\synth.py:54: UserWarning: This pattern is interpreted as a regular expression, and has match groups. To actually get the groups, use str.extract.
  if v.str.contains(r"(시|도)\S*\s*\S+(구|군|시)").mean() > 0.6 if not digits.mean() > 0.9 else False:
E:\sources\260928 data_go_mcp\pds\probe\synth.py:54: UserWarning: This pattern is interpreted as a regular expression, and has match groups. To actually get the groups, use str.extract.
  if v.str.contains(r"(시|도)\S*\s*\S+(구|군|시)").mean() > 0.6 if not digits.mean() > 0.9 else False:
E:\sources\260928 data_go_mcp\pds\probe\synth.py:54: UserWarning: This pattern is interpreted as a regular expression, and has match groups. To actually get the groups, use str.extract.
  if v.str.contains(r"(시|도)\S*\s*\S+(구|군|시)").mean() > 0.6 if not digits.mean() > 0.9 else False:
E:\sources\260928 data_go_mcp\pds\probe\synth.py:54: UserWarning: This pattern is interpreted as a regular expression, and has match groups. To actually get the groups, use str.extract.
  if v.str.contains(r"(시|도)\S*\s*\S+(구|군|시)").mean() > 0.6 if not digits.mean() > 0.9 else False:
E:\sources\260928 data_go_mcp\pds\probe\synth.py:54: UserWarning: This pattern is interpreted as a regular expression, and has match groups. To actually get the groups, use str.extract.
  if v.str.contains(r"(시|도)\S*\s*\S+(구|군|시)").mean() > 0.6 if not digits.mean() > 0.9 else False:
E:\sources\260928 data_go_mcp\pds\probe\synth.py:54: UserWarning: This pattern is interpreted as a regular expression, and has match groups. To actually get the groups, use str.extract.
  if v.str.contains(r"(시|도)\S*\s*\S+(구|군|시)").mean() > 0.6 if not digits.mean() > 0.9 else False:
E:\sources\260928 data_go_mcp\pds\probe\synth.py:54: UserWarning: This pattern is interpreted as a regular expression, and has match groups. To actually get the groups, use str.extract.
  if v.str.contains(r"(시|도)\S*\s*\S+(구|군|시)").mean() > 0.6 if not digits.mean() > 0.9 else False:
E:\sources\260928 data_go_mcp\pds\probe\synth.py:54: UserWarning: This pattern is interpreted as a regular expression, and has match groups. To actually get the groups, use str.extract.
  if v.str.contains(r"(시|도)\S*\s*\S+(구|군|시)").mean() > 0.6 if not digits.mean() > 0.9 else False:
E:\sources\260928 data_go_mcp\pds\probe\synth.py:54: UserWarning: This pattern is interpreted as a regular expression, and has match groups. To actually get the groups, use str.extract.
  if v.str.contains(r"(시|도)\S*\s*\S+(구|군|시)").mean() > 0.6 if not digits.mean() > 0.9 else False:
E:\sources\260928 data_go_mcp\pds\probe\synth.py:54: UserWarning: This pattern is interpreted as a regular expression, and has match groups. To actually get the groups, use str.extract.
  if v.str.contains(r"(시|도)\S*\s*\S+(구|군|시)").mean() > 0.6 if not digits.mean() > 0.9 else False:
E:\sources\260928 data_go_mcp\pds\probe\synth.py:54: UserWarning: This pattern is interpreted as a regular expression, and has match groups. To actually get the groups, use str.extract.
  if v.str.contains(r"(시|도)\S*\s*\S+(구|군|시)").mean() > 0.6 if not digits.mean() > 0.9 else False:
E:\sources\260928 data_go_mcp\pds\probe\synth.py:54: UserWarning: This pattern is interpreted as a regular expression, and has match groups. To actually get the groups, use str.extract.
  if v.str.contains(r"(시|도)\S*\s*\S+(구|군|시)").mean() > 0.6 if not digits.mean() > 0.9 else False:
E:\sources\260928 data_go_mcp\pds\probe\synth.py:54: UserWarning: This pattern is interpreted as a regular expression, and has match groups. To actually get the groups, use str.extract.
  if v.str.contains(r"(시|도)\S*\s*\S+(구|군|시)").mean() > 0.6 if not digits.mean() > 0.9 else False:
E:\sources\260928 data_go_mcp\pds\probe\synth.py:54: UserWarning: This pattern is interpreted as a regular expression, and has match groups. To actually get the groups, use str.extract.
  if v.str.contains(r"(시|도)\S*\s*\S+(구|군|시)").mean() > 0.6 if not digits.mean() > 0.9 else False:
E:\sources\260928 data_go_mcp\pds\probe\synth.py:54: UserWarning: This pattern is interpreted as a regular expression, and has match groups. To actually get the groups, use str.extract.
  if v.str.contains(r"(시|도)\S*\s*\S+(구|군|시)").mean() > 0.6 if not digits.mean() > 0.9 else False:
E:\sources\260928 data_go_mcp\pds\probe\synth.py:54: UserWarning: This pattern is interpreted as a regular expression, and has match groups. To actually get the groups, use str.extract.
  if v.str.contains(r"(시|도)\S*\s*\S+(구|군|시)").mean() > 0.6 if not digits.mean() > 0.9 else False:
E:\sources\260928 data_go_mcp\pds\probe\synth.py:54: UserWarning: This pattern is interpreted as a regular expression, and has match groups. To actually get the groups, use str.extract.
  if v.str.contains(r"(시|도)\S*\s*\S+(구|군|시)").mean() > 0.6 if not digits.mean() > 0.9 else False:
E:\sources\260928 data_go_mcp\pds\probe\synth.py:54: UserWarning: This pattern is interpreted as a regular expression, and has match groups. To actually get the groups, use str.extract.
  if v.str.contains(r"(시|도)\S*\s*\S+(구|군|시)").mean() > 0.6 if not digits.mean() > 0.9 else False:
E:\sources\260928 data_go_mcp\pds\probe\synth.py:54: UserWarning: This pattern is interpreted as a regular expression, and has match groups. To actually get the groups, use str.extract.
  if v.str.contains(r"(시|도)\S*\s*\S+(구|군|시)").mean() > 0.6 if not digits.mean() > 0.9 else False:
E:\sources\260928 data_go_mcp\pds\probe\synth.py:54: UserWarning: This pattern is interpreted as a regular expression, and has match groups. To actually get the groups, use str.extract.
  if v.str.contains(r"(시|도)\S*\s*\S+(구|군|시)").mean() > 0.6 if not digits.mean() > 0.9 else False:
E:\sources\260928 data_go_mcp\pds\probe\synth.py:54: UserWarning: This pattern is interpreted as a regular expression, and has match groups. To actually get the groups, use str.extract.
  if v.str.contains(r"(시|도)\S*\s*\S+(구|군|시)").mean() > 0.6 if not digits.mean() > 0.9 else False:
E:\sources\260928 data_go_mcp\pds\probe\synth.py:54: UserWarning: This pattern is interpreted as a regular expression, and has match groups. To actually get the groups, use str.extract.
  if v.str.contains(r"(시|도)\S*\s*\S+(구|군|시)").mean() > 0.6 if not digits.mean() > 0.9 else False:
E:\sources\260928 data_go_mcp\pds\probe\synth.py:54: UserWarning: This pattern is interpreted as a regular expression, and has match groups. To actually get the groups, use str.extract.
  if v.str.contains(r"(시|도)\S*\s*\S+(구|군|시)").mean() > 0.6 if not digits.mean() > 0.9 else False:
E:\sources\260928 data_go_mcp\pds\probe\synth.py:54: UserWarning: This pattern is interpreted as a regular expression, and has match groups. To actually get the groups, use str.extract.
  if v.str.contains(r"(시|도)\S*\s*\S+(구|군|시)").mean() > 0.6 if not digits.mean() > 0.9 else False:
E:\sources\260928 data_go_mcp\pds\probe\synth.py:54: UserWarning: This pattern is interpreted as a regular expression, and has match groups. To actually get the groups, use str.extract.
  if v.str.contains(r"(시|도)\S*\s*\S+(구|군|시)").mean() > 0.6 if not digits.mean() > 0.9 else False:
E:\sources\260928 data_go_mcp\pds\probe\synth.py:54: UserWarning: This pattern is interpreted as a regular expression, and has match groups. To actually get the groups, use str.extract.
  if v.str.contains(r"(시|도)\S*\s*\S+(구|군|시)").mean() > 0.6 if not digits.mean() > 0.9 else False:
E:\sources\260928 data_go_mcp\pds\probe\synth.py:54: UserWarning: This pattern is interpreted as a regular expression, and has match groups. To actually get the groups, use str.extract.
  if v.str.contains(r"(시|도)\S*\s*\S+(구|군|시)").mean() > 0.6 if not digits.mean() > 0.9 else False:
E:\sources\260928 data_go_mcp\pds\probe\synth.py:54: UserWarning: This pattern is interpreted as a regular expression, and has match groups. To actually get the groups, use str.extract.
  if v.str.contains(r"(시|도)\S*\s*\S+(구|군|시)").mean() > 0.6 if not digits.mean() > 0.9 else False:
E:\sources\260928 data_go_mcp\pds\probe\synth.py:54: UserWarning: This pattern is interpreted as a regular expression, and has match groups. To actually get the groups, use str.extract.
  if v.str.contains(r"(시|도)\S*\s*\S+(구|군|시)").mean() > 0.6 if not digits.mean() > 0.9 else False:
E:\sources\260928 data_go_mcp\pds\probe\synth.py:54: UserWarning: This pattern is interpreted as a regular expression, and has match groups. To actually get the groups, use str.extract.
  if v.str.contains(r"(시|도)\S*\s*\S+(구|군|시)").mean() > 0.6 if not digits.mean() > 0.9 else False:
E:\sources\260928 data_go_mcp\pds\probe\synth.py:54: UserWarning: This pattern is interpreted as a regular expression, and has match groups. To actually get the groups, use str.extract.
  if v.str.contains(r"(시|도)\S*\s*\S+(구|군|시)").mean() > 0.6 if not digits.mean() > 0.9 else False:
E:\sources\260928 data_go_mcp\pds\probe\synth.py:54: UserWarning: This pattern is interpreted as a regular expression, and has match groups. To actually get the groups, use str.extract.
  if v.str.contains(r"(시|도)\S*\s*\S+(구|군|시)").mean() > 0.6 if not digits.mean() > 0.9 else False:
E:\sources\260928 data_go_mcp\pds\probe\synth.py:54: UserWarning: This pattern is interpreted as a regular expression, and has match groups. To actually get the groups, use str.extract.
  if v.str.contains(r"(시|도)\S*\s*\S+(구|군|시)").mean() > 0.6 if not digits.mean() > 0.9 else False:
E:\sources\260928 data_go_mcp\pds\probe\synth.py:54: UserWarning: This pattern is interpreted as a regular expression, and has match groups. To actually get the groups, use str.extract.
  if v.str.contains(r"(시|도)\S*\s*\S+(구|군|시)").mean() > 0.6 if not digits.mean() > 0.9 else False:
E:\sources\260928 data_go_mcp\pds\probe\synth.py:54: UserWarning: This pattern is interpreted as a regular expression, and has match groups. To actually get the groups, use str.extract.
  if v.str.contains(r"(시|도)\S*\s*\S+(구|군|시)").mean() > 0.6 if not digits.mean() > 0.9 else False:
E:\sources\260928 data_go_mcp\pds\probe\synth.py:54: UserWarning: This pattern is interpreted as a regular expression, and has match groups. To actually get the groups, use str.extract.
  if v.str.contains(r"(시|도)\S*\s*\S+(구|군|시)").mean() > 0.6 if not digits.mean() > 0.9 else False:
E:\sources\260928 data_go_mcp\pds\probe\synth.py:54: UserWarning: This pattern is interpreted as a regular expression, and has match groups. To actually get the groups, use str.extract.
  if v.str.contains(r"(시|도)\S*\s*\S+(구|군|시)").mean() > 0.6 if not digits.mean() > 0.9 else False:
E:\sources\260928 data_go_mcp\pds\probe\synth.py:54: UserWarning: This pattern is interpreted as a regular expression, and has match groups. To actually get the groups, use str.extract.
  if v.str.contains(r"(시|도)\S*\s*\S+(구|군|시)").mean() > 0.6 if not digits.mean() > 0.9 else False:
E:\sources\260928 data_go_mcp\pds\probe\synth.py:54: UserWarning: This pattern is interpreted as a regular expression, and has match groups. To actually get the groups, use str.extract.
  if v.str.contains(r"(시|도)\S*\s*\S+(구|군|시)").mean() > 0.6 if not digits.mean() > 0.9 else False:
E:\sources\260928 data_go_mcp\pds\probe\synth.py:54: UserWarning: This pattern is interpreted as a regular expression, and has match groups. To actually get the groups, use str.extract.
  if v.str.contains(r"(시|도)\S*\s*\S+(구|군|시)").mean() > 0.6 if not digits.mean() > 0.9 else False:
E:\sources\260928 data_go_mcp\pds\probe\synth.py:54: UserWarning: This pattern is interpreted as a regular expression, and has match groups. To actually get the groups, use str.extract.
  if v.str.contains(r"(시|도)\S*\s*\S+(구|군|시)").mean() > 0.6 if not digits.mean() > 0.9 else False:
E:\sources\260928 data_go_mcp\pds\probe\synth.py:54: UserWarning: This pattern is interpreted as a regular expression, and has match groups. To actually get the groups, use str.extract.
  if v.str.contains(r"(시|도)\S*\s*\S+(구|군|시)").mean() > 0.6 if not digits.mean() > 0.9 else False:
E:\sources\260928 data_go_mcp\pds\probe\synth.py:54: UserWarning: This pattern is interpreted as a regular expression, and has match groups. To actually get the groups, use str.extract.
  if v.str.contains(r"(시|도)\S*\s*\S+(구|군|시)").mean() > 0.6 if not digits.mean() > 0.9 else False:
E:\sources\260928 data_go_mcp\pds\probe\synth.py:54: UserWarning: This pattern is interpreted as a regular expression, and has match groups. To actually get the groups, use str.extract.
  if v.str.contains(r"(시|도)\S*\s*\S+(구|군|시)").mean() > 0.6 if not digits.mean() > 0.9 else False:
E:\sources\260928 data_go_mcp\pds\probe\synth.py:54: UserWarning: This pattern is interpreted as a regular expression, and has match groups. To actually get the groups, use str.extract.
  if v.str.contains(r"(시|도)\S*\s*\S+(구|군|시)").mean() > 0.6 if not digits.mean() > 0.9 else False:
E:\sources\260928 data_go_mcp\pds\probe\synth.py:54: UserWarning: This pattern is interpreted as a regular expression, and has match groups. To actually get the groups, use str.extract.
  if v.str.contains(r"(시|도)\S*\s*\S+(구|군|시)").mean() > 0.6 if not digits.mean() > 0.9 else False:
E:\sources\260928 data_go_mcp\pds\probe\synth.py:54: UserWarning: This pattern is interpreted as a regular expression, and has match groups. To actually get the groups, use str.extract.
  if v.str.contains(r"(시|도)\S*\s*\S+(구|군|시)").mean() > 0.6 if not digits.mean() > 0.9 else False:
E:\sources\260928 data_go_mcp\pds\probe\synth.py:54: UserWarning: This pattern is interpreted as a regular expression, and has match groups. To actually get the groups, use str.extract.
  if v.str.contains(r"(시|도)\S*\s*\S+(구|군|시)").mean() > 0.6 if not digits.mean() > 0.9 else False:
E:\sources\260928 data_go_mcp\pds\probe\synth.py:54: UserWarning: This pattern is interpreted as a regular expression, and has match groups. To actually get the groups, use str.extract.
  if v.str.contains(r"(시|도)\S*\s*\S+(구|군|시)").mean() > 0.6 if not digits.mean() > 0.9 else False:
E:\sources\260928 data_go_mcp\pds\probe\synth.py:54: UserWarning: This pattern is interpreted as a regular expression, and has match groups. To actually get the groups, use str.extract.
  if v.str.contains(r"(시|도)\S*\s*\S+(구|군|시)").mean() > 0.6 if not digits.mean() > 0.9 else False:
E:\sources\260928 data_go_mcp\pds\probe\synth.py:54: UserWarning: This pattern is interpreted as a regular expression, and has match groups. To actually get the groups, use str.extract.
  if v.str.contains(r"(시|도)\S*\s*\S+(구|군|시)").mean() > 0.6 if not digits.mean() > 0.9 else False:
E:\sources\260928 data_go_mcp\pds\probe\synth.py:54: UserWarning: This pattern is interpreted as a regular expression, and has match groups. To actually get the groups, use str.extract.
  if v.str.contains(r"(시|도)\S*\s*\S+(구|군|시)").mean() > 0.6 if not digits.mean() > 0.9 else False:
E:\sources\260928 data_go_mcp\pds\probe\synth.py:54: UserWarning: This pattern is interpreted as a regular expression, and has match groups. To actually get the groups, use str.extract.
  if v.str.contains(r"(시|도)\S*\s*\S+(구|군|시)").mean() > 0.6 if not digits.mean() > 0.9 else False:
E:\sources\260928 data_go_mcp\pds\probe\synth.py:54: UserWarning: This pattern is interpreted as a regular expression, and has match groups. To actually get the groups, use str.extract.
  if v.str.contains(r"(시|도)\S*\s*\S+(구|군|시)").mean() > 0.6 if not digits.mean() > 0.9 else False:
E:\sources\260928 data_go_mcp\pds\probe\synth.py:54: UserWarning: This pattern is interpreted as a regular expression, and has match groups. To actually get the groups, use str.extract.
  if v.str.contains(r"(시|도)\S*\s*\S+(구|군|시)").mean() > 0.6 if not digits.mean() > 0.9 else False:
E:\sources\260928 data_go_mcp\pds\probe\synth.py:54: UserWarning: This pattern is interpreted as a regular expression, and has match groups. To actually get the groups, use str.extract.
  if v.str.contains(r"(시|도)\S*\s*\S+(구|군|시)").mean() > 0.6 if not digits.mean() > 0.9 else False:
E:\sources\260928 data_go_mcp\pds\probe\synth.py:54: UserWarning: This pattern is interpreted as a regular expression, and has match groups. To actually get the groups, use str.extract.
  if v.str.contains(r"(시|도)\S*\s*\S+(구|군|시)").mean() > 0.6 if not digits.mean() > 0.9 else False:
E:\sources\260928 data_go_mcp\pds\probe\synth.py:54: UserWarning: This pattern is interpreted as a regular expression, and has match groups. To actually get the groups, use str.extract.
  if v.str.contains(r"(시|도)\S*\s*\S+(구|군|시)").mean() > 0.6 if not digits.mean() > 0.9 else False:
E:\sources\260928 data_go_mcp\pds\probe\synth.py:54: UserWarning: This pattern is interpreted as a regular expression, and has match groups. To actually get the groups, use str.extract.
  if v.str.contains(r"(시|도)\S*\s*\S+(구|군|시)").mean() > 0.6 if not digits.mean() > 0.9 else False:
E:\sources\260928 data_go_mcp\pds\probe\synth.py:54: UserWarning: This pattern is interpreted as a regular expression, and has match groups. To actually get the groups, use str.extract.
  if v.str.contains(r"(시|도)\S*\s*\S+(구|군|시)").mean() > 0.6 if not digits.mean() > 0.9 else False:
E:\sources\260928 data_go_mcp\pds\probe\synth.py:54: UserWarning: This pattern is interpreted as a regular expression, and has match groups. To actually get the groups, use str.extract.
  if v.str.contains(r"(시|도)\S*\s*\S+(구|군|시)").mean() > 0.6 if not digits.mean() > 0.9 else False:
E:\sources\260928 data_go_mcp\pds\probe\synth.py:54: UserWarning: This pattern is interpreted as a regular expression, and has match groups. To actually get the groups, use str.extract.
  if v.str.contains(r"(시|도)\S*\s*\S+(구|군|시)").mean() > 0.6 if not digits.mean() > 0.9 else False:
E:\sources\260928 data_go_mcp\pds\probe\synth.py:54: UserWarning: This pattern is interpreted as a regular expression, and has match groups. To actually get the groups, use str.extract.
  if v.str.contains(r"(시|도)\S*\s*\S+(구|군|시)").mean() > 0.6 if not digits.mean() > 0.9 else False:
E:\sources\260928 data_go_mcp\pds\probe\synth.py:54: UserWarning: This pattern is interpreted as a regular expression, and has match groups. To actually get the groups, use str.extract.
  if v.str.contains(r"(시|도)\S*\s*\S+(구|군|시)").mean() > 0.6 if not digits.mean() > 0.9 else False:
E:\sources\260928 data_go_mcp\pds\probe\synth.py:54: UserWarning: This pattern is interpreted as a regular expression, and has match groups. To actually get the groups, use str.extract.
  if v.str.contains(r"(시|도)\S*\s*\S+(구|군|시)").mean() > 0.6 if not digits.mean() > 0.9 else False:
E:\sources\260928 data_go_mcp\pds\probe\synth.py:54: UserWarning: This pattern is interpreted as a regular expression, and has match groups. To actually get the groups, use str.extract.
  if v.str.contains(r"(시|도)\S*\s*\S+(구|군|시)").mean() > 0.6 if not digits.mean() > 0.9 else False:
E:\sources\260928 data_go_mcp\pds\probe\synth.py:54: UserWarning: This pattern is interpreted as a regular expression, and has match groups. To actually get the groups, use str.extract.
  if v.str.contains(r"(시|도)\S*\s*\S+(구|군|시)").mean() > 0.6 if not digits.mean() > 0.9 else False:
E:\sources\260928 data_go_mcp\pds\probe\synth.py:54: UserWarning: This pattern is interpreted as a regular expression, and has match groups. To actually get the groups, use str.extract.
  if v.str.contains(r"(시|도)\S*\s*\S+(구|군|시)").mean() > 0.6 if not digits.mean() > 0.9 else False:
E:\sources\260928 data_go_mcp\pds\probe\synth.py:54: UserWarning: This pattern is interpreted as a regular expression, and has match groups. To actually get the groups, use str.extract.
  if v.str.contains(r"(시|도)\S*\s*\S+(구|군|시)").mean() > 0.6 if not digits.mean() > 0.9 else False:
E:\sources\260928 data_go_mcp\pds\probe\synth.py:54: UserWarning: This pattern is interpreted as a regular expression, and has match groups. To actually get the groups, use str.extract.
  if v.str.contains(r"(시|도)\S*\s*\S+(구|군|시)").mean() > 0.6 if not digits.mean() > 0.9 else False:
E:\sources\260928 data_go_mcp\pds\probe\synth.py:54: UserWarning: This pattern is interpreted as a regular expression, and has match groups. To actually get the groups, use str.extract.
  if v.str.contains(r"(시|도)\S*\s*\S+(구|군|시)").mean() > 0.6 if not digits.mean() > 0.9 else False:
E:\sources\260928 data_go_mcp\pds\probe\synth.py:54: UserWarning: This pattern is interpreted as a regular expression, and has match groups. To actually get the groups, use str.extract.
  if v.str.contains(r"(시|도)\S*\s*\S+(구|군|시)").mean() > 0.6 if not digits.mean() > 0.9 else False:
E:\sources\260928 data_go_mcp\pds\probe\synth.py:54: UserWarning: This pattern is interpreted as a regular expression, and has match groups. To actually get the groups, use str.extract.
  if v.str.contains(r"(시|도)\S*\s*\S+(구|군|시)").mean() > 0.6 if not digits.mean() > 0.9 else False:
E:\sources\260928 data_go_mcp\pds\probe\synth.py:54: UserWarning: This pattern is interpreted as a regular expression, and has match groups. To actually get the groups, use str.extract.
  if v.str.contains(r"(시|도)\S*\s*\S+(구|군|시)").mean() > 0.6 if not digits.mean() > 0.9 else False:
E:\sources\260928 data_go_mcp\pds\probe\synth.py:54: UserWarning: This pattern is interpreted as a regular expression, and has match groups. To actually get the groups, use str.extract.
  if v.str.contains(r"(시|도)\S*\s*\S+(구|군|시)").mean() > 0.6 if not digits.mean() > 0.9 else False:
E:\sources\260928 data_go_mcp\pds\probe\synth.py:54: UserWarning: This pattern is interpreted as a regular expression, and has match groups. To actually get the groups, use str.extract.
  if v.str.contains(r"(시|도)\S*\s*\S+(구|군|시)").mean() > 0.6 if not digits.mean() > 0.9 else False:
E:\sources\260928 data_go_mcp\pds\probe\synth.py:54: UserWarning: This pattern is interpreted as a regular expression, and has match groups. To actually get the groups, use str.extract.
  if v.str.contains(r"(시|도)\S*\s*\S+(구|군|시)").mean() > 0.6 if not digits.mean() > 0.9 else False:
E:\sources\260928 data_go_mcp\pds\probe\synth.py:54: UserWarning: This pattern is interpreted as a regular expression, and has match groups. To actually get the groups, use str.extract.
  if v.str.contains(r"(시|도)\S*\s*\S+(구|군|시)").mean() > 0.6 if not digits.mean() > 0.9 else False:
E:\sources\260928 data_go_mcp\pds\probe\synth.py:54: UserWarning: This pattern is interpreted as a regular expression, and has match groups. To actually get the groups, use str.extract.
  if v.str.contains(r"(시|도)\S*\s*\S+(구|군|시)").mean() > 0.6 if not digits.mean() > 0.9 else False:
E:\sources\260928 data_go_mcp\pds\probe\synth.py:54: UserWarning: This pattern is interpreted as a regular expression, and has match groups. To actually get the groups, use str.extract.
  if v.str.contains(r"(시|도)\S*\s*\S+(구|군|시)").mean() > 0.6 if not digits.mean() > 0.9 else False:
E:\sources\260928 data_go_mcp\pds\probe\synth.py:54: UserWarning: This pattern is interpreted as a regular expression, and has match groups. To actually get the groups, use str.extract.
  if v.str.contains(r"(시|도)\S*\s*\S+(구|군|시)").mean() > 0.6 if not digits.mean() > 0.9 else False:
E:\sources\260928 data_go_mcp\pds\probe\synth.py:54: UserWarning: This pattern is interpreted as a regular expression, and has match groups. To actually get the groups, use str.extract.
  if v.str.contains(r"(시|도)\S*\s*\S+(구|군|시)").mean() > 0.6 if not digits.mean() > 0.9 else False:
E:\sources\260928 data_go_mcp\pds\probe\synth.py:54: UserWarning: This pattern is interpreted as a regular expression, and has match groups. To actually get the groups, use str.extract.
  if v.str.contains(r"(시|도)\S*\s*\S+(구|군|시)").mean() > 0.6 if not digits.mean() > 0.9 else False:
E:\sources\260928 data_go_mcp\pds\probe\synth.py:54: UserWarning: This pattern is interpreted as a regular expression, and has match groups. To actually get the groups, use str.extract.
  if v.str.contains(r"(시|도)\S*\s*\S+(구|군|시)").mean() > 0.6 if not digits.mean() > 0.9 else False:
E:\sources\260928 data_go_mcp\pds\probe\synth.py:54: UserWarning: This pattern is interpreted as a regular expression, and has match groups. To actually get the groups, use str.extract.
  if v.str.contains(r"(시|도)\S*\s*\S+(구|군|시)").mean() > 0.6 if not digits.mean() > 0.9 else False:
E:\sources\260928 data_go_mcp\pds\probe\synth.py:54: UserWarning: This pattern is interpreted as a regular expression, and has match groups. To actually get the groups, use str.extract.
  if v.str.contains(r"(시|도)\S*\s*\S+(구|군|시)").mean() > 0.6 if not digits.mean() > 0.9 else False:
E:\sources\260928 data_go_mcp\pds\probe\synth.py:54: UserWarning: This pattern is interpreted as a regular expression, and has match groups. To actually get the groups, use str.extract.
  if v.str.contains(r"(시|도)\S*\s*\S+(구|군|시)").mean() > 0.6 if not digits.mean() > 0.9 else False:
E:\sources\260928 data_go_mcp\pds\probe\synth.py:54: UserWarning: This pattern is interpreted as a regular expression, and has match groups. To actually get the groups, use str.extract.
  if v.str.contains(r"(시|도)\S*\s*\S+(구|군|시)").mean() > 0.6 if not digits.mean() > 0.9 else False:
E:\sources\260928 data_go_mcp\pds\probe\synth.py:54: UserWarning: This pattern is interpreted as a regular expression, and has match groups. To actually get the groups, use str.extract.
  if v.str.contains(r"(시|도)\S*\s*\S+(구|군|시)").mean() > 0.6 if not digits.mean() > 0.9 else False:
E:\sources\260928 data_go_mcp\pds\probe\synth.py:54: UserWarning: This pattern is interpreted as a regular expression, and has match groups. To actually get the groups, use str.extract.
  if v.str.contains(r"(시|도)\S*\s*\S+(구|군|시)").mean() > 0.6 if not digits.mean() > 0.9 else False:
E:\sources\260928 data_go_mcp\pds\probe\synth.py:54: UserWarning: This pattern is interpreted as a regular expression, and has match groups. To actually get the groups, use str.extract.
  if v.str.contains(r"(시|도)\S*\s*\S+(구|군|시)").mean() > 0.6 if not digits.mean() > 0.9 else False:
E:\sources\260928 data_go_mcp\pds\probe\synth.py:54: UserWarning: This pattern is interpreted as a regular expression, and has match groups. To actually get the groups, use str.extract.
  if v.str.contains(r"(시|도)\S*\s*\S+(구|군|시)").mean() > 0.6 if not digits.mean() > 0.9 else False:
E:\sources\260928 data_go_mcp\pds\probe\synth.py:54: UserWarning: This pattern is interpreted as a regular expression, and has match groups. To actually get the groups, use str.extract.
  if v.str.contains(r"(시|도)\S*\s*\S+(구|군|시)").mean() > 0.6 if not digits.mean() > 0.9 else False:
E:\sources\260928 data_go_mcp\pds\probe\synth.py:54: UserWarning: This pattern is interpreted as a regular expression, and has match groups. To actually get the groups, use str.extract.
  if v.str.contains(r"(시|도)\S*\s*\S+(구|군|시)").mean() > 0.6 if not digits.mean() > 0.9 else False:
E:\sources\260928 data_go_mcp\pds\probe\synth.py:54: UserWarning: This pattern is interpreted as a regular expression, and has match groups. To actually get the groups, use str.extract.
  if v.str.contains(r"(시|도)\S*\s*\S+(구|군|시)").mean() > 0.6 if not digits.mean() > 0.9 else False:
E:\sources\260928 data_go_mcp\pds\probe\synth.py:54: UserWarning: This pattern is interpreted as a regular expression, and has match groups. To actually get the groups, use str.extract.
  if v.str.contains(r"(시|도)\S*\s*\S+(구|군|시)").mean() > 0.6 if not digits.mean() > 0.9 else False:
E:\sources\260928 data_go_mcp\pds\probe\synth.py:54: UserWarning: This pattern is interpreted as a regular expression, and has match groups. To actually get the groups, use str.extract.
  if v.str.contains(r"(시|도)\S*\s*\S+(구|군|시)").mean() > 0.6 if not digits.mean() > 0.9 else False:
E:\sources\260928 data_go_mcp\pds\probe\synth.py:54: UserWarning: This pattern is interpreted as a regular expression, and has match groups. To actually get the groups, use str.extract.
  if v.str.contains(r"(시|도)\S*\s*\S+(구|군|시)").mean() > 0.6 if not digits.mean() > 0.9 else False:
E:\sources\260928 data_go_mcp\pds\probe\synth.py:54: UserWarning: This pattern is interpreted as a regular expression, and has match groups. To actually get the groups, use str.extract.
  if v.str.contains(r"(시|도)\S*\s*\S+(구|군|시)").mean() > 0.6 if not digits.mean() > 0.9 else False:
E:\sources\260928 data_go_mcp\pds\probe\synth.py:54: UserWarning: This pattern is interpreted as a regular expression, and has match groups. To actually get the groups, use str.extract.
  if v.str.contains(r"(시|도)\S*\s*\S+(구|군|시)").mean() > 0.6 if not digits.mean() > 0.9 else False:
E:\sources\260928 data_go_mcp\pds\probe\synth.py:54: UserWarning: This pattern is interpreted as a regular expression, and has match groups. To actually get the groups, use str.extract.
  if v.str.contains(r"(시|도)\S*\s*\S+(구|군|시)").mean() > 0.6 if not digits.mean() > 0.9 else False:
E:\sources\260928 data_go_mcp\pds\probe\synth.py:54: UserWarning: This pattern is interpreted as a regular expression, and has match groups. To actually get the groups, use str.extract.
  if v.str.contains(r"(시|도)\S*\s*\S+(구|군|시)").mean() > 0.6 if not digits.mean() > 0.9 else False:
E:\sources\260928 data_go_mcp\pds\probe\synth.py:54: UserWarning: This pattern is interpreted as a regular expression, and has match groups. To actually get the groups, use str.extract.
  if v.str.contains(r"(시|도)\S*\s*\S+(구|군|시)").mean() > 0.6 if not digits.mean() > 0.9 else False:
E:\sources\260928 data_go_mcp\pds\probe\synth.py:54: UserWarning: This pattern is interpreted as a regular expression, and has match groups. To actually get the groups, use str.extract.
  if v.str.contains(r"(시|도)\S*\s*\S+(구|군|시)").mean() > 0.6 if not digits.mean() > 0.9 else False:
E:\sources\260928 data_go_mcp\pds\probe\synth.py:54: UserWarning: This pattern is interpreted as a regular expression, and has match groups. To actually get the groups, use str.extract.
  if v.str.contains(r"(시|도)\S*\s*\S+(구|군|시)").mean() > 0.6 if not digits.mean() > 0.9 else False:
E:\sources\260928 data_go_mcp\pds\probe\synth.py:54: UserWarning: This pattern is interpreted as a regular expression, and has match groups. To actually get the groups, use str.extract.
  if v.str.contains(r"(시|도)\S*\s*\S+(구|군|시)").mean() > 0.6 if not digits.mean() > 0.9 else False:
E:\sources\260928 data_go_mcp\pds\probe\synth.py:54: UserWarning: This pattern is interpreted as a regular expression, and has match groups. To actually get the groups, use str.extract.
  if v.str.contains(r"(시|도)\S*\s*\S+(구|군|시)").mean() > 0.6 if not digits.mean() > 0.9 else False:
E:\sources\260928 data_go_mcp\pds\probe\synth.py:54: UserWarning: This pattern is interpreted as a regular expression, and has match groups. To actually get the groups, use str.extract.
  if v.str.contains(r"(시|도)\S*\s*\S+(구|군|시)").mean() > 0.6 if not digits.mean() > 0.9 else False:
E:\sources\260928 data_go_mcp\pds\probe\synth.py:54: UserWarning: This pattern is interpreted as a regular expression, and has match groups. To actually get the groups, use str.extract.
  if v.str.contains(r"(시|도)\S*\s*\S+(구|군|시)").mean() > 0.6 if not digits.mean() > 0.9 else False:
E:\sources\260928 data_go_mcp\pds\probe\synth.py:54: UserWarning: This pattern is interpreted as a regular expression, and has match groups. To actually get the groups, use str.extract.
  if v.str.contains(r"(시|도)\S*\s*\S+(구|군|시)").mean() > 0.6 if not digits.mean() > 0.9 else False:
E:\sources\260928 data_go_mcp\pds\probe\synth.py:54: UserWarning: This pattern is interpreted as a regular expression, and has match groups. To actually get the groups, use str.extract.
  if v.str.contains(r"(시|도)\S*\s*\S+(구|군|시)").mean() > 0.6 if not digits.mean() > 0.9 else False:
E:\sources\260928 data_go_mcp\pds\probe\synth.py:54: UserWarning: This pattern is interpreted as a regular expression, and has match groups. To actually get the groups, use str.extract.
  if v.str.contains(r"(시|도)\S*\s*\S+(구|군|시)").mean() > 0.6 if not digits.mean() > 0.9 else False:
E:\sources\260928 data_go_mcp\pds\probe\synth.py:54: UserWarning: This pattern is interpreted as a regular expression, and has match groups. To actually get the groups, use str.extract.
  if v.str.contains(r"(시|도)\S*\s*\S+(구|군|시)").mean() > 0.6 if not digits.mean() > 0.9 else False:
E:\sources\260928 data_go_mcp\pds\probe\synth.py:54: UserWarning: This pattern is interpreted as a regular expression, and has match groups. To actually get the groups, use str.extract.
  if v.str.contains(r"(시|도)\S*\s*\S+(구|군|시)").mean() > 0.6 if not digits.mean() > 0.9 else False:
E:\sources\260928 data_go_mcp\pds\probe\synth.py:54: UserWarning: This pattern is interpreted as a regular expression, and has match groups. To actually get the groups, use str.extract.
  if v.str.contains(r"(시|도)\S*\s*\S+(구|군|시)").mean() > 0.6 if not digits.mean() > 0.9 else False:
E:\sources\260928 data_go_mcp\pds\probe\synth.py:54: UserWarning: This pattern is interpreted as a regular expression, and has match groups. To actually get the groups, use str.extract.
  if v.str.contains(r"(시|도)\S*\s*\S+(구|군|시)").mean() > 0.6 if not digits.mean() > 0.9 else False:
E:\sources\260928 data_go_mcp\pds\probe\synth.py:54: UserWarning: This pattern is interpreted as a regular expression, and has match groups. To actually get the groups, use str.extract.
  if v.str.contains(r"(시|도)\S*\s*\S+(구|군|시)").mean() > 0.6 if not digits.mean() > 0.9 else False:
E:\sources\260928 data_go_mcp\pds\probe\synth.py:54: UserWarning: This pattern is interpreted as a regular expression, and has match groups. To actually get the groups, use str.extract.
  if v.str.contains(r"(시|도)\S*\s*\S+(구|군|시)").mean() > 0.6 if not digits.mean() > 0.9 else False:
E:\sources\260928 data_go_mcp\pds\probe\synth.py:54: UserWarning: This pattern is interpreted as a regular expression, and has match groups. To actually get the groups, use str.extract.
  if v.str.contains(r"(시|도)\S*\s*\S+(구|군|시)").mean() > 0.6 if not digits.mean() > 0.9 else False:
E:\sources\260928 data_go_mcp\pds\probe\synth.py:54: UserWarning: This pattern is interpreted as a regular expression, and has match groups. To actually get the groups, use str.extract.
  if v.str.contains(r"(시|도)\S*\s*\S+(구|군|시)").mean() > 0.6 if not digits.mean() > 0.9 else False:
E:\sources\260928 data_go_mcp\pds\probe\synth.py:54: UserWarning: This pattern is interpreted as a regular expression, and has match groups. To actually get the groups, use str.extract.
  if v.str.contains(r"(시|도)\S*\s*\S+(구|군|시)").mean() > 0.6 if not digits.mean() > 0.9 else False:
E:\sources\260928 data_go_mcp\pds\probe\synth.py:54: UserWarning: This pattern is interpreted as a regular expression, and has match groups. To actually get the groups, use str.extract.
  if v.str.contains(r"(시|도)\S*\s*\S+(구|군|시)").mean() > 0.6 if not digits.mean() > 0.9 else False:
E:\sources\260928 data_go_mcp\pds\probe\synth.py:54: UserWarning: This pattern is interpreted as a regular expression, and has match groups. To actually get the groups, use str.extract.
  if v.str.contains(r"(시|도)\S*\s*\S+(구|군|시)").mean() > 0.6 if not digits.mean() > 0.9 else False:
E:\sources\260928 data_go_mcp\pds\probe\synth.py:54: UserWarning: This pattern is interpreted as a regular expression, and has match groups. To actually get the groups, use str.extract.
  if v.str.contains(r"(시|도)\S*\s*\S+(구|군|시)").mean() > 0.6 if not digits.mean() > 0.9 else False:
E:\sources\260928 data_go_mcp\pds\probe\synth.py:54: UserWarning: This pattern is interpreted as a regular expression, and has match groups. To actually get the groups, use str.extract.
  if v.str.contains(r"(시|도)\S*\s*\S+(구|군|시)").mean() > 0.6 if not digits.mean() > 0.9 else False:
E:\sources\260928 data_go_mcp\pds\probe\synth.py:54: UserWarning: This pattern is interpreted as a regular expression, and has match groups. To actually get the groups, use str.extract.
  if v.str.contains(r"(시|도)\S*\s*\S+(구|군|시)").mean() > 0.6 if not digits.mean() > 0.9 else False:
E:\sources\260928 data_go_mcp\pds\probe\synth.py:54: UserWarning: This pattern is interpreted as a regular expression, and has match groups. To actually get the groups, use str.extract.
  if v.str.contains(r"(시|도)\S*\s*\S+(구|군|시)").mean() > 0.6 if not digits.mean() > 0.9 else False:
E:\sources\260928 data_go_mcp\pds\probe\synth.py:54: UserWarning: This pattern is interpreted as a regular expression, and has match groups. To actually get the groups, use str.extract.
  if v.str.contains(r"(시|도)\S*\s*\S+(구|군|시)").mean() > 0.6 if not digits.mean() > 0.9 else False:
E:\sources\260928 data_go_mcp\pds\probe\synth.py:54: UserWarning: This pattern is interpreted as a regular expression, and has match groups. To actually get the groups, use str.extract.
  if v.str.contains(r"(시|도)\S*\s*\S+(구|군|시)").mean() > 0.6 if not digits.mean() > 0.9 else False:
E:\sources\260928 data_go_mcp\pds\probe\synth.py:54: UserWarning: This pattern is interpreted as a regular expression, and has match groups. To actually get the groups, use str.extract.
  if v.str.contains(r"(시|도)\S*\s*\S+(구|군|시)").mean() > 0.6 if not digits.mean() > 0.9 else False:
E:\sources\260928 data_go_mcp\pds\probe\synth.py:54: UserWarning: This pattern is interpreted as a regular expression, and has match groups. To actually get the groups, use str.extract.
  if v.str.contains(r"(시|도)\S*\s*\S+(구|군|시)").mean() > 0.6 if not digits.mean() > 0.9 else False:
E:\sources\260928 data_go_mcp\pds\probe\synth.py:54: UserWarning: This pattern is interpreted as a regular expression, and has match groups. To actually get the groups, use str.extract.
  if v.str.contains(r"(시|도)\S*\s*\S+(구|군|시)").mean() > 0.6 if not digits.mean() > 0.9 else False:
E:\sources\260928 data_go_mcp\pds\probe\synth.py:54: UserWarning: This pattern is interpreted as a regular expression, and has match groups. To actually get the groups, use str.extract.
  if v.str.contains(r"(시|도)\S*\s*\S+(구|군|시)").mean() > 0.6 if not digits.mean() > 0.9 else False:
E:\sources\260928 data_go_mcp\pds\probe\synth.py:54: UserWarning: This pattern is interpreted as a regular expression, and has match groups. To actually get the groups, use str.extract.
  if v.str.contains(r"(시|도)\S*\s*\S+(구|군|시)").mean() > 0.6 if not digits.mean() > 0.9 else False:
E:\sources\260928 data_go_mcp\pds\probe\synth.py:54: UserWarning: This pattern is interpreted as a regular expression, and has match groups. To actually get the groups, use str.extract.
  if v.str.contains(r"(시|도)\S*\s*\S+(구|군|시)").mean() > 0.6 if not digits.mean() > 0.9 else False:
E:\sources\260928 data_go_mcp\pds\probe\synth.py:54: UserWarning: This pattern is interpreted as a regular expression, and has match groups. To actually get the groups, use str.extract.
  if v.str.contains(r"(시|도)\S*\s*\S+(구|군|시)").mean() > 0.6 if not digits.mean() > 0.9 else False:
E:\sources\260928 data_go_mcp\pds\probe\synth.py:54: UserWarning: This pattern is interpreted as a regular expression, and has match groups. To actually get the groups, use str.extract.
  if v.str.contains(r"(시|도)\S*\s*\S+(구|군|시)").mean() > 0.6 if not digits.mean() > 0.9 else False:
E:\sources\260928 data_go_mcp\pds\probe\synth.py:54: UserWarning: This pattern is interpreted as a regular expression, and has match groups. To actually get the groups, use str.extract.
  if v.str.contains(r"(시|도)\S*\s*\S+(구|군|시)").mean() > 0.6 if not digits.mean() > 0.9 else False:
E:\sources\260928 data_go_mcp\pds\probe\synth.py:54: UserWarning: This pattern is interpreted as a regular expression, and has match groups. To actually get the groups, use str.extract.
  if v.str.contains(r"(시|도)\S*\s*\S+(구|군|시)").mean() > 0.6 if not digits.mean() > 0.9 else False:
E:\sources\260928 data_go_mcp\pds\probe\synth.py:54: UserWarning: This pattern is interpreted as a regular expression, and has match groups. To actually get the groups, use str.extract.
  if v.str.contains(r"(시|도)\S*\s*\S+(구|군|시)").mean() > 0.6 if not digits.mean() > 0.9 else False:
E:\sources\260928 data_go_mcp\pds\probe\synth.py:54: UserWarning: This pattern is interpreted as a regular expression, and has match groups. To actually get the groups, use str.extract.
  if v.str.contains(r"(시|도)\S*\s*\S+(구|군|시)").mean() > 0.6 if not digits.mean() > 0.9 else False:
E:\sources\260928 data_go_mcp\pds\probe\synth.py:54: UserWarning: This pattern is interpreted as a regular expression, and has match groups. To actually get the groups, use str.extract.
  if v.str.contains(r"(시|도)\S*\s*\S+(구|군|시)").mean() > 0.6 if not digits.mean() > 0.9 else False:
E:\sources\260928 data_go_mcp\pds\probe\synth.py:54: UserWarning: This pattern is interpreted as a regular expression, and has match groups. To actually get the groups, use str.extract.
  if v.str.contains(r"(시|도)\S*\s*\S+(구|군|시)").mean() > 0.6 if not digits.mean() > 0.9 else False:
E:\sources\260928 data_go_mcp\pds\probe\synth.py:54: UserWarning: This pattern is interpreted as a regular expression, and has match groups. To actually get the groups, use str.extract.
  if v.str.contains(r"(시|도)\S*\s*\S+(구|군|시)").mean() > 0.6 if not digits.mean() > 0.9 else False:
E:\sources\260928 data_go_mcp\pds\probe\synth.py:54: UserWarning: This pattern is interpreted as a regular expression, and has match groups. To actually get the groups, use str.extract.
  if v.str.contains(r"(시|도)\S*\s*\S+(구|군|시)").mean() > 0.6 if not digits.mean() > 0.9 else False:
E:\sources\260928 data_go_mcp\pds\probe\synth.py:54: UserWarning: This pattern is interpreted as a regular expression, and has match groups. To actually get the groups, use str.extract.
  if v.str.contains(r"(시|도)\S*\s*\S+(구|군|시)").mean() > 0.6 if not digits.mean() > 0.9 else False:
E:\sources\260928 data_go_mcp\pds\probe\synth.py:54: UserWarning: This pattern is interpreted as a regular expression, and has match groups. To actually get the groups, use str.extract.
  if v.str.contains(r"(시|도)\S*\s*\S+(구|군|시)").mean() > 0.6 if not digits.mean() > 0.9 else False:
E:\sources\260928 data_go_mcp\pds\probe\synth.py:54: UserWarning: This pattern is interpreted as a regular expression, and has match groups. To actually get the groups, use str.extract.
  if v.str.contains(r"(시|도)\S*\s*\S+(구|군|시)").mean() > 0.6 if not digits.mean() > 0.9 else False:
E:\sources\260928 data_go_mcp\pds\probe\synth.py:54: UserWarning: This pattern is interpreted as a regular expression, and has match groups. To actually get the groups, use str.extract.
  if v.str.contains(r"(시|도)\S*\s*\S+(구|군|시)").mean() > 0.6 if not digits.mean() > 0.9 else False:
E:\sources\260928 data_go_mcp\pds\probe\synth.py:54: UserWarning: This pattern is interpreted as a regular expression, and has match groups. To actually get the groups, use str.extract.
  if v.str.contains(r"(시|도)\S*\s*\S+(구|군|시)").mean() > 0.6 if not digits.mean() > 0.9 else False:
E:\sources\260928 data_go_mcp\pds\probe\synth.py:54: UserWarning: This pattern is interpreted as a regular expression, and has match groups. To actually get the groups, use str.extract.
  if v.str.contains(r"(시|도)\S*\s*\S+(구|군|시)").mean() > 0.6 if not digits.mean() > 0.9 else False:
E:\sources\260928 data_go_mcp\pds\probe\synth.py:54: UserWarning: This pattern is interpreted as a regular expression, and has match groups. To actually get the groups, use str.extract.
  if v.str.contains(r"(시|도)\S*\s*\S+(구|군|시)").mean() > 0.6 if not digits.mean() > 0.9 else False:
E:\sources\260928 data_go_mcp\pds\probe\synth.py:54: UserWarning: This pattern is interpreted as a regular expression, and has match groups. To actually get the groups, use str.extract.
  if v.str.contains(r"(시|도)\S*\s*\S+(구|군|시)").mean() > 0.6 if not digits.mean() > 0.9 else False:
E:\sources\260928 data_go_mcp\pds\probe\synth.py:54: UserWarning: This pattern is interpreted as a regular expression, and has match groups. To actually get the groups, use str.extract.
  if v.str.contains(r"(시|도)\S*\s*\S+(구|군|시)").mean() > 0.6 if not digits.mean() > 0.9 else False:
E:\sources\260928 data_go_mcp\pds\probe\synth.py:54: UserWarning: This pattern is interpreted as a regular expression, and has match groups. To actually get the groups, use str.extract.
  if v.str.contains(r"(시|도)\S*\s*\S+(구|군|시)").mean() > 0.6 if not digits.mean() > 0.9 else False:
E:\sources\260928 data_go_mcp\pds\probe\synth.py:54: UserWarning: This pattern is interpreted as a regular expression, and has match groups. To actually get the groups, use str.extract.
  if v.str.contains(r"(시|도)\S*\s*\S+(구|군|시)").mean() > 0.6 if not digits.mean() > 0.9 else False:
E:\sources\260928 data_go_mcp\pds\probe\synth.py:54: UserWarning: This pattern is interpreted as a regular expression, and has match groups. To actually get the groups, use str.extract.
  if v.str.contains(r"(시|도)\S*\s*\S+(구|군|시)").mean() > 0.6 if not digits.mean() > 0.9 else False:
E:\sources\260928 data_go_mcp\pds\probe\synth.py:54: UserWarning: This pattern is interpreted as a regular expression, and has match groups. To actually get the groups, use str.extract.
  if v.str.contains(r"(시|도)\S*\s*\S+(구|군|시)").mean() > 0.6 if not digits.mean() > 0.9 else False:
E:\sources\260928 data_go_mcp\pds\probe\synth.py:54: UserWarning: This pattern is interpreted as a regular expression, and has match groups. To actually get the groups, use str.extract.
  if v.str.contains(r"(시|도)\S*\s*\S+(구|군|시)").mean() > 0.6 if not digits.mean() > 0.9 else False:
E:\sources\260928 data_go_mcp\pds\probe\synth.py:54: UserWarning: This pattern is interpreted as a regular expression, and has match groups. To actually get the groups, use str.extract.
  if v.str.contains(r"(시|도)\S*\s*\S+(구|군|시)").mean() > 0.6 if not digits.mean() > 0.9 else False:
E:\sources\260928 data_go_mcp\pds\probe\synth.py:54: UserWarning: This pattern is interpreted as a regular expression, and has match groups. To actually get the groups, use str.extract.
  if v.str.contains(r"(시|도)\S*\s*\S+(구|군|시)").mean() > 0.6 if not digits.mean() > 0.9 else False:
E:\sources\260928 data_go_mcp\pds\probe\synth.py:54: UserWarning: This pattern is interpreted as a regular expression, and has match groups. To actually get the groups, use str.extract.
  if v.str.contains(r"(시|도)\S*\s*\S+(구|군|시)").mean() > 0.6 if not digits.mean() > 0.9 else False:
E:\sources\260928 data_go_mcp\pds\probe\synth.py:54: UserWarning: This pattern is interpreted as a regular expression, and has match groups. To actually get the groups, use str.extract.
  if v.str.contains(r"(시|도)\S*\s*\S+(구|군|시)").mean() > 0.6 if not digits.mean() > 0.9 else False:
E:\sources\260928 data_go_mcp\pds\probe\synth.py:54: UserWarning: This pattern is interpreted as a regular expression, and has match groups. To actually get the groups, use str.extract.
  if v.str.contains(r"(시|도)\S*\s*\S+(구|군|시)").mean() > 0.6 if not digits.mean() > 0.9 else False:
E:\sources\260928 data_go_mcp\pds\probe\synth.py:54: UserWarning: This pattern is interpreted as a regular expression, and has match groups. To actually get the groups, use str.extract.
  if v.str.contains(r"(시|도)\S*\s*\S+(구|군|시)").mean() > 0.6 if not digits.mean() > 0.9 else False:
E:\sources\260928 data_go_mcp\pds\probe\synth.py:54: UserWarning: This pattern is interpreted as a regular expression, and has match groups. To actually get the groups, use str.extract.
  if v.str.contains(r"(시|도)\S*\s*\S+(구|군|시)").mean() > 0.6 if not digits.mean() > 0.9 else False:
E:\sources\260928 data_go_mcp\pds\probe\synth.py:54: UserWarning: This pattern is interpreted as a regular expression, and has match groups. To actually get the groups, use str.extract.
  if v.str.contains(r"(시|도)\S*\s*\S+(구|군|시)").mean() > 0.6 if not digits.mean() > 0.9 else False:
E:\sources\260928 data_go_mcp\pds\probe\synth.py:54: UserWarning: This pattern is interpreted as a regular expression, and has match groups. To actually get the groups, use str.extract.
  if v.str.contains(r"(시|도)\S*\s*\S+(구|군|시)").mean() > 0.6 if not digits.mean() > 0.9 else False:
E:\sources\260928 data_go_mcp\pds\probe\synth.py:54: UserWarning: This pattern is interpreted as a regular expression, and has match groups. To actually get the groups, use str.extract.
  if v.str.contains(r"(시|도)\S*\s*\S+(구|군|시)").mean() > 0.6 if not digits.mean() > 0.9 else False:
E:\sources\260928 data_go_mcp\pds\probe\synth.py:54: UserWarning: This pattern is interpreted as a regular expression, and has match groups. To actually get the groups, use str.extract.
  if v.str.contains(r"(시|도)\S*\s*\S+(구|군|시)").mean() > 0.6 if not digits.mean() > 0.9 else False:
E:\sources\260928 data_go_mcp\pds\probe\synth.py:54: UserWarning: This pattern is interpreted as a regular expression, and has match groups. To actually get the groups, use str.extract.
  if v.str.contains(r"(시|도)\S*\s*\S+(구|군|시)").mean() > 0.6 if not digits.mean() > 0.9 else False:
E:\sources\260928 data_go_mcp\pds\probe\synth.py:54: UserWarning: This pattern is interpreted as a regular expression, and has match groups. To actually get the groups, use str.extract.
  if v.str.contains(r"(시|도)\S*\s*\S+(구|군|시)").mean() > 0.6 if not digits.mean() > 0.9 else False:
E:\sources\260928 data_go_mcp\pds\probe\synth.py:54: UserWarning: This pattern is interpreted as a regular expression, and has match groups. To actually get the groups, use str.extract.
  if v.str.contains(r"(시|도)\S*\s*\S+(구|군|시)").mean() > 0.6 if not digits.mean() > 0.9 else False:
E:\sources\260928 data_go_mcp\pds\probe\synth.py:54: UserWarning: This pattern is interpreted as a regular expression, and has match groups. To actually get the groups, use str.extract.
  if v.str.contains(r"(시|도)\S*\s*\S+(구|군|시)").mean() > 0.6 if not digits.mean() > 0.9 else False:
E:\sources\260928 data_go_mcp\pds\probe\synth.py:54: UserWarning: This pattern is interpreted as a regular expression, and has match groups. To actually get the groups, use str.extract.
  if v.str.contains(r"(시|도)\S*\s*\S+(구|군|시)").mean() > 0.6 if not digits.mean() > 0.9 else False:
E:\sources\260928 data_go_mcp\pds\probe\synth.py:54: UserWarning: This pattern is interpreted as a regular expression, and has match groups. To actually get the groups, use str.extract.
  if v.str.contains(r"(시|도)\S*\s*\S+(구|군|시)").mean() > 0.6 if not digits.mean() > 0.9 else False:
E:\sources\260928 data_go_mcp\pds\probe\synth.py:54: UserWarning: This pattern is interpreted as a regular expression, and has match groups. To actually get the groups, use str.extract.
  if v.str.contains(r"(시|도)\S*\s*\S+(구|군|시)").mean() > 0.6 if not digits.mean() > 0.9 else False:
E:\sources\260928 data_go_mcp\pds\probe\synth.py:54: UserWarning: This pattern is interpreted as a regular expression, and has match groups. To actually get the groups, use str.extract.
  if v.str.contains(r"(시|도)\S*\s*\S+(구|군|시)").mean() > 0.6 if not digits.mean() > 0.9 else False:
E:\sources\260928 data_go_mcp\pds\probe\synth.py:54: UserWarning: This pattern is interpreted as a regular expression, and has match groups. To actually get the groups, use str.extract.
  if v.str.contains(r"(시|도)\S*\s*\S+(구|군|시)").mean() > 0.6 if not digits.mean() > 0.9 else False:
E:\sources\260928 data_go_mcp\pds\probe\synth.py:54: UserWarning: This pattern is interpreted as a regular expression, and has match groups. To actually get the groups, use str.extract.
  if v.str.contains(r"(시|도)\S*\s*\S+(구|군|시)").mean() > 0.6 if not digits.mean() > 0.9 else False:
E:\sources\260928 data_go_mcp\pds\probe\synth.py:54: UserWarning: This pattern is interpreted as a regular expression, and has match groups. To actually get the groups, use str.extract.
  if v.str.contains(r"(시|도)\S*\s*\S+(구|군|시)").mean() > 0.6 if not digits.mean() > 0.9 else False:
E:\sources\260928 data_go_mcp\pds\probe\synth.py:54: UserWarning: This pattern is interpreted as a regular expression, and has match groups. To actually get the groups, use str.extract.
  if v.str.contains(r"(시|도)\S*\s*\S+(구|군|시)").mean() > 0.6 if not digits.mean() > 0.9 else False:
E:\sources\260928 data_go_mcp\pds\probe\synth.py:54: UserWarning: This pattern is interpreted as a regular expression, and has match groups. To actually get the groups, use str.extract.
  if v.str.contains(r"(시|도)\S*\s*\S+(구|군|시)").mean() > 0.6 if not digits.mean() > 0.9 else False:
E:\sources\260928 data_go_mcp\pds\probe\synth.py:54: UserWarning: This pattern is interpreted as a regular expression, and has match groups. To actually get the groups, use str.extract.
  if v.str.contains(r"(시|도)\S*\s*\S+(구|군|시)").mean() > 0.6 if not digits.mean() > 0.9 else False:
E:\sources\260928 data_go_mcp\pds\probe\synth.py:54: UserWarning: This pattern is interpreted as a regular expression, and has match groups. To actually get the groups, use str.extract.
  if v.str.contains(r"(시|도)\S*\s*\S+(구|군|시)").mean() > 0.6 if not digits.mean() > 0.9 else False:
E:\sources\260928 data_go_mcp\pds\probe\synth.py:54: UserWarning: This pattern is interpreted as a regular expression, and has match groups. To actually get the groups, use str.extract.
  if v.str.contains(r"(시|도)\S*\s*\S+(구|군|시)").mean() > 0.6 if not digits.mean() > 0.9 else False:
E:\sources\260928 data_go_mcp\pds\probe\synth.py:54: UserWarning: This pattern is interpreted as a regular expression, and has match groups. To actually get the groups, use str.extract.
  if v.str.contains(r"(시|도)\S*\s*\S+(구|군|시)").mean() > 0.6 if not digits.mean() > 0.9 else False:
E:\sources\260928 data_go_mcp\pds\probe\synth.py:54: UserWarning: This pattern is interpreted as a regular expression, and has match groups. To actually get the groups, use str.extract.
  if v.str.contains(r"(시|도)\S*\s*\S+(구|군|시)").mean() > 0.6 if not digits.mean() > 0.9 else False:
E:\sources\260928 data_go_mcp\pds\probe\synth.py:54: UserWarning: This pattern is interpreted as a regular expression, and has match groups. To actually get the groups, use str.extract.
  if v.str.contains(r"(시|도)\S*\s*\S+(구|군|시)").mean() > 0.6 if not digits.mean() > 0.9 else False:
E:\sources\260928 data_go_mcp\pds\probe\synth.py:54: UserWarning: This pattern is interpreted as a regular expression, and has match groups. To actually get the groups, use str.extract.
  if v.str.contains(r"(시|도)\S*\s*\S+(구|군|시)").mean() > 0.6 if not digits.mean() > 0.9 else False:
E:\sources\260928 data_go_mcp\pds\probe\synth.py:54: UserWarning: This pattern is interpreted as a regular expression, and has match groups. To actually get the groups, use str.extract.
  if v.str.contains(r"(시|도)\S*\s*\S+(구|군|시)").mean() > 0.6 if not digits.mean() > 0.9 else False:
E:\sources\260928 data_go_mcp\pds\probe\synth.py:54: UserWarning: This pattern is interpreted as a regular expression, and has match groups. To actually get the groups, use str.extract.
  if v.str.contains(r"(시|도)\S*\s*\S+(구|군|시)").mean() > 0.6 if not digits.mean() > 0.9 else False:
E:\sources\260928 data_go_mcp\pds\probe\synth.py:54: UserWarning: This pattern is interpreted as a regular expression, and has match groups. To actually get the groups, use str.extract.
  if v.str.contains(r"(시|도)\S*\s*\S+(구|군|시)").mean() > 0.6 if not digits.mean() > 0.9 else False:
E:\sources\260928 data_go_mcp\pds\probe\synth.py:54: UserWarning: This pattern is interpreted as a regular expression, and has match groups. To actually get the groups, use str.extract.
  if v.str.contains(r"(시|도)\S*\s*\S+(구|군|시)").mean() > 0.6 if not digits.mean() > 0.9 else False:
E:\sources\260928 data_go_mcp\pds\probe\synth.py:54: UserWarning: This pattern is interpreted as a regular expression, and has match groups. To actually get the groups, use str.extract.
  if v.str.contains(r"(시|도)\S*\s*\S+(구|군|시)").mean() > 0.6 if not digits.mean() > 0.9 else False:
E:\sources\260928 data_go_mcp\pds\probe\synth.py:54: UserWarning: This pattern is interpreted as a regular expression, and has match groups. To actually get the groups, use str.extract.
  if v.str.contains(r"(시|도)\S*\s*\S+(구|군|시)").mean() > 0.6 if not digits.mean() > 0.9 else False:
E:\sources\260928 data_go_mcp\pds\probe\synth.py:54: UserWarning: This pattern is interpreted as a regular expression, and has match groups. To actually get the groups, use str.extract.
  if v.str.contains(r"(시|도)\S*\s*\S+(구|군|시)").mean() > 0.6 if not digits.mean() > 0.9 else False:
E:\sources\260928 data_go_mcp\pds\probe\synth.py:54: UserWarning: This pattern is interpreted as a regular expression, and has match groups. To actually get the groups, use str.extract.
  if v.str.contains(r"(시|도)\S*\s*\S+(구|군|시)").mean() > 0.6 if not digits.mean() > 0.9 else False:
E:\sources\260928 data_go_mcp\pds\probe\synth.py:54: UserWarning: This pattern is interpreted as a regular expression, and has match groups. To actually get the groups, use str.extract.
  if v.str.contains(r"(시|도)\S*\s*\S+(구|군|시)").mean() > 0.6 if not digits.mean() > 0.9 else False:
E:\sources\260928 data_go_mcp\pds\probe\synth.py:54: UserWarning: This pattern is interpreted as a regular expression, and has match groups. To actually get the groups, use str.extract.
  if v.str.contains(r"(시|도)\S*\s*\S+(구|군|시)").mean() > 0.6 if not digits.mean() > 0.9 else False:
E:\sources\260928 data_go_mcp\pds\probe\synth.py:54: UserWarning: This pattern is interpreted as a regular expression, and has match groups. To actually get the groups, use str.extract.
  if v.str.contains(r"(시|도)\S*\s*\S+(구|군|시)").mean() > 0.6 if not digits.mean() > 0.9 else False:
E:\sources\260928 data_go_mcp\pds\probe\synth.py:54: UserWarning: This pattern is interpreted as a regular expression, and has match groups. To actually get the groups, use str.extract.
  if v.str.contains(r"(시|도)\S*\s*\S+(구|군|시)").mean() > 0.6 if not digits.mean() > 0.9 else False:
E:\sources\260928 data_go_mcp\pds\probe\synth.py:54: UserWarning: This pattern is interpreted as a regular expression, and has match groups. To actually get the groups, use str.extract.
  if v.str.contains(r"(시|도)\S*\s*\S+(구|군|시)").mean() > 0.6 if not digits.mean() > 0.9 else False:
E:\sources\260928 data_go_mcp\pds\probe\synth.py:54: UserWarning: This pattern is interpreted as a regular expression, and has match groups. To actually get the groups, use str.extract.
  if v.str.contains(r"(시|도)\S*\s*\S+(구|군|시)").mean() > 0.6 if not digits.mean() > 0.9 else False:
E:\sources\260928 data_go_mcp\pds\probe\synth.py:54: UserWarning: This pattern is interpreted as a regular expression, and has match groups. To actually get the groups, use str.extract.
  if v.str.contains(r"(시|도)\S*\s*\S+(구|군|시)").mean() > 0.6 if not digits.mean() > 0.9 else False:
E:\sources\260928 data_go_mcp\pds\probe\synth.py:54: UserWarning: This pattern is interpreted as a regular expression, and has match groups. To actually get the groups, use str.extract.
  if v.str.contains(r"(시|도)\S*\s*\S+(구|군|시)").mean() > 0.6 if not digits.mean() > 0.9 else False:
E:\sources\260928 data_go_mcp\pds\probe\synth.py:54: UserWarning: This pattern is interpreted as a regular expression, and has match groups. To actually get the groups, use str.extract.
  if v.str.contains(r"(시|도)\S*\s*\S+(구|군|시)").mean() > 0.6 if not digits.mean() > 0.9 else False:
E:\sources\260928 data_go_mcp\pds\probe\synth.py:54: UserWarning: This pattern is interpreted as a regular expression, and has match groups. To actually get the groups, use str.extract.
  if v.str.contains(r"(시|도)\S*\s*\S+(구|군|시)").mean() > 0.6 if not digits.mean() > 0.9 else False:
E:\sources\260928 data_go_mcp\pds\probe\synth.py:54: UserWarning: This pattern is interpreted as a regular expression, and has match groups. To actually get the groups, use str.extract.
  if v.str.contains(r"(시|도)\S*\s*\S+(구|군|시)").mean() > 0.6 if not digits.mean() > 0.9 else False:
E:\sources\260928 data_go_mcp\pds\probe\synth.py:54: UserWarning: This pattern is interpreted as a regular expression, and has match groups. To actually get the groups, use str.extract.
  if v.str.contains(r"(시|도)\S*\s*\S+(구|군|시)").mean() > 0.6 if not digits.mean() > 0.9 else False:
E:\sources\260928 data_go_mcp\pds\probe\synth.py:54: UserWarning: This pattern is interpreted as a regular expression, and has match groups. To actually get the groups, use str.extract.
  if v.str.contains(r"(시|도)\S*\s*\S+(구|군|시)").mean() > 0.6 if not digits.mean() > 0.9 else False:
E:\sources\260928 data_go_mcp\pds\probe\synth.py:54: UserWarning: This pattern is interpreted as a regular expression, and has match groups. To actually get the groups, use str.extract.
  if v.str.contains(r"(시|도)\S*\s*\S+(구|군|시)").mean() > 0.6 if not digits.mean() > 0.9 else False:
E:\sources\260928 data_go_mcp\pds\probe\synth.py:54: UserWarning: This pattern is interpreted as a regular expression, and has match groups. To actually get the groups, use str.extract.
  if v.str.contains(r"(시|도)\S*\s*\S+(구|군|시)").mean() > 0.6 if not digits.mean() > 0.9 else False:
E:\sources\260928 data_go_mcp\pds\probe\synth.py:54: UserWarning: This pattern is interpreted as a regular expression, and has match groups. To actually get the groups, use str.extract.
  if v.str.contains(r"(시|도)\S*\s*\S+(구|군|시)").mean() > 0.6 if not digits.mean() > 0.9 else False:
E:\sources\260928 data_go_mcp\pds\probe\synth.py:54: UserWarning: This pattern is interpreted as a regular expression, and has match groups. To actually get the groups, use str.extract.
  if v.str.contains(r"(시|도)\S*\s*\S+(구|군|시)").mean() > 0.6 if not digits.mean() > 0.9 else False:
E:\sources\260928 data_go_mcp\pds\probe\synth.py:54: UserWarning: This pattern is interpreted as a regular expression, and has match groups. To actually get the groups, use str.extract.
  if v.str.contains(r"(시|도)\S*\s*\S+(구|군|시)").mean() > 0.6 if not digits.mean() > 0.9 else False:
E:\sources\260928 data_go_mcp\pds\probe\synth.py:54: UserWarning: This pattern is interpreted as a regular expression, and has match groups. To actually get the groups, use str.extract.
  if v.str.contains(r"(시|도)\S*\s*\S+(구|군|시)").mean() > 0.6 if not digits.mean() > 0.9 else False:
E:\sources\260928 data_go_mcp\pds\probe\synth.py:54: UserWarning: This pattern is interpreted as a regular expression, and has match groups. To actually get the groups, use str.extract.
  if v.str.contains(r"(시|도)\S*\s*\S+(구|군|시)").mean() > 0.6 if not digits.mean() > 0.9 else False:
E:\sources\260928 data_go_mcp\pds\probe\synth.py:54: UserWarning: This pattern is interpreted as a regular expression, and has match groups. To actually get the groups, use str.extract.
  if v.str.contains(r"(시|도)\S*\s*\S+(구|군|시)").mean() > 0.6 if not digits.mean() > 0.9 else False:
E:\sources\260928 data_go_mcp\pds\probe\synth.py:54: UserWarning: This pattern is interpreted as a regular expression, and has match groups. To actually get the groups, use str.extract.
  if v.str.contains(r"(시|도)\S*\s*\S+(구|군|시)").mean() > 0.6 if not digits.mean() > 0.9 else False:
E:\sources\260928 data_go_mcp\pds\probe\synth.py:54: UserWarning: This pattern is interpreted as a regular expression, and has match groups. To actually get the groups, use str.extract.
  if v.str.contains(r"(시|도)\S*\s*\S+(구|군|시)").mean() > 0.6 if not digits.mean() > 0.9 else False:
E:\sources\260928 data_go_mcp\pds\probe\synth.py:54: UserWarning: This pattern is interpreted as a regular expression, and has match groups. To actually get the groups, use str.extract.
  if v.str.contains(r"(시|도)\S*\s*\S+(구|군|시)").mean() > 0.6 if not digits.mean() > 0.9 else False:
E:\sources\260928 data_go_mcp\pds\probe\synth.py:54: UserWarning: This pattern is interpreted as a regular expression, and has match groups. To actually get the groups, use str.extract.
  if v.str.contains(r"(시|도)\S*\s*\S+(구|군|시)").mean() > 0.6 if not digits.mean() > 0.9 else False:
E:\sources\260928 data_go_mcp\pds\probe\synth.py:54: UserWarning: This pattern is interpreted as a regular expression, and has match groups. To actually get the groups, use str.extract.
  if v.str.contains(r"(시|도)\S*\s*\S+(구|군|시)").mean() > 0.6 if not digits.mean() > 0.9 else False:
E:\sources\260928 data_go_mcp\pds\probe\synth.py:54: UserWarning: This pattern is interpreted as a regular expression, and has match groups. To actually get the groups, use str.extract.
  if v.str.contains(r"(시|도)\S*\s*\S+(구|군|시)").mean() > 0.6 if not digits.mean() > 0.9 else False:
E:\sources\260928 data_go_mcp\pds\probe\synth.py:54: UserWarning: This pattern is interpreted as a regular expression, and has match groups. To actually get the groups, use str.extract.
  if v.str.contains(r"(시|도)\S*\s*\S+(구|군|시)").mean() > 0.6 if not digits.mean() > 0.9 else False:
E:\sources\260928 data_go_mcp\pds\probe\synth.py:54: UserWarning: This pattern is interpreted as a regular expression, and has match groups. To actually get the groups, use str.extract.
  if v.str.contains(r"(시|도)\S*\s*\S+(구|군|시)").mean() > 0.6 if not digits.mean() > 0.9 else False:
E:\sources\260928 data_go_mcp\pds\probe\synth.py:54: UserWarning: This pattern is interpreted as a regular expression, and has match groups. To actually get the groups, use str.extract.
  if v.str.contains(r"(시|도)\S*\s*\S+(구|군|시)").mean() > 0.6 if not digits.mean() > 0.9 else False:
E:\sources\260928 data_go_mcp\pds\probe\synth.py:54: UserWarning: This pattern is interpreted as a regular expression, and has match groups. To actually get the groups, use str.extract.
  if v.str.contains(r"(시|도)\S*\s*\S+(구|군|시)").mean() > 0.6 if not digits.mean() > 0.9 else False:
E:\sources\260928 data_go_mcp\pds\probe\synth.py:54: UserWarning: This pattern is interpreted as a regular expression, and has match groups. To actually get the groups, use str.extract.
  if v.str.contains(r"(시|도)\S*\s*\S+(구|군|시)").mean() > 0.6 if not digits.mean() > 0.9 else False:
E:\sources\260928 data_go_mcp\pds\probe\synth.py:54: UserWarning: This pattern is interpreted as a regular expression, and has match groups. To actually get the groups, use str.extract.
  if v.str.contains(r"(시|도)\S*\s*\S+(구|군|시)").mean() > 0.6 if not digits.mean() > 0.9 else False:
E:\sources\260928 data_go_mcp\pds\probe\synth.py:54: UserWarning: This pattern is interpreted as a regular expression, and has match groups. To actually get the groups, use str.extract.
  if v.str.contains(r"(시|도)\S*\s*\S+(구|군|시)").mean() > 0.6 if not digits.mean() > 0.9 else False:
E:\sources\260928 data_go_mcp\pds\probe\synth.py:54: UserWarning: This pattern is interpreted as a regular expression, and has match groups. To actually get the groups, use str.extract.
  if v.str.contains(r"(시|도)\S*\s*\S+(구|군|시)").mean() > 0.6 if not digits.mean() > 0.9 else False:
E:\sources\260928 data_go_mcp\pds\probe\synth.py:54: UserWarning: This pattern is interpreted as a regular expression, and has match groups. To actually get the groups, use str.extract.
  if v.str.contains(r"(시|도)\S*\s*\S+(구|군|시)").mean() > 0.6 if not digits.mean() > 0.9 else False:
E:\sources\260928 data_go_mcp\pds\probe\synth.py:54: UserWarning: This pattern is interpreted as a regular expression, and has match groups. To actually get the groups, use str.extract.
  if v.str.contains(r"(시|도)\S*\s*\S+(구|군|시)").mean() > 0.6 if not digits.mean() > 0.9 else False:
E:\sources\260928 data_go_mcp\pds\probe\synth.py:54: UserWarning: This pattern is interpreted as a regular expression, and has match groups. To actually get the groups, use str.extract.
  if v.str.contains(r"(시|도)\S*\s*\S+(구|군|시)").mean() > 0.6 if not digits.mean() > 0.9 else False:
E:\sources\260928 data_go_mcp\pds\probe\synth.py:54: UserWarning: This pattern is interpreted as a regular expression, and has match groups. To actually get the groups, use str.extract.
  if v.str.contains(r"(시|도)\S*\s*\S+(구|군|시)").mean() > 0.6 if not digits.mean() > 0.9 else False:
E:\sources\260928 data_go_mcp\pds\probe\synth.py:54: UserWarning: This pattern is interpreted as a regular expression, and has match groups. To actually get the groups, use str.extract.
  if v.str.contains(r"(시|도)\S*\s*\S+(구|군|시)").mean() > 0.6 if not digits.mean() > 0.9 else False:
E:\sources\260928 data_go_mcp\pds\probe\synth.py:54: UserWarning: This pattern is interpreted as a regular expression, and has match groups. To actually get the groups, use str.extract.
  if v.str.contains(r"(시|도)\S*\s*\S+(구|군|시)").mean() > 0.6 if not digits.mean() > 0.9 else False:
E:\sources\260928 data_go_mcp\pds\probe\synth.py:54: UserWarning: This pattern is interpreted as a regular expression, and has match groups. To actually get the groups, use str.extract.
  if v.str.contains(r"(시|도)\S*\s*\S+(구|군|시)").mean() > 0.6 if not digits.mean() > 0.9 else False:
E:\sources\260928 data_go_mcp\pds\probe\synth.py:54: UserWarning: This pattern is interpreted as a regular expression, and has match groups. To actually get the groups, use str.extract.
  if v.str.contains(r"(시|도)\S*\s*\S+(구|군|시)").mean() > 0.6 if not digits.mean() > 0.9 else False:
E:\sources\260928 data_go_mcp\pds\probe\synth.py:54: UserWarning: This pattern is interpreted as a regular expression, and has match groups. To actually get the groups, use str.extract.
  if v.str.contains(r"(시|도)\S*\s*\S+(구|군|시)").mean() > 0.6 if not digits.mean() > 0.9 else False:
E:\sources\260928 data_go_mcp\pds\probe\synth.py:54: UserWarning: This pattern is interpreted as a regular expression, and has match groups. To actually get the groups, use str.extract.
  if v.str.contains(r"(시|도)\S*\s*\S+(구|군|시)").mean() > 0.6 if not digits.mean() > 0.9 else False:
E:\sources\260928 data_go_mcp\pds\probe\synth.py:54: UserWarning: This pattern is interpreted as a regular expression, and has match groups. To actually get the groups, use str.extract.
  if v.str.contains(r"(시|도)\S*\s*\S+(구|군|시)").mean() > 0.6 if not digits.mean() > 0.9 else False:
E:\sources\260928 data_go_mcp\pds\probe\synth.py:54: UserWarning: This pattern is interpreted as a regular expression, and has match groups. To actually get the groups, use str.extract.
  if v.str.contains(r"(시|도)\S*\s*\S+(구|군|시)").mean() > 0.6 if not digits.mean() > 0.9 else False:
E:\sources\260928 data_go_mcp\pds\probe\synth.py:54: UserWarning: This pattern is interpreted as a regular expression, and has match groups. To actually get the groups, use str.extract.
  if v.str.contains(r"(시|도)\S*\s*\S+(구|군|시)").mean() > 0.6 if not digits.mean() > 0.9 else False:
E:\sources\260928 data_go_mcp\pds\probe\synth.py:54: UserWarning: This pattern is interpreted as a regular expression, and has match groups. To actually get the groups, use str.extract.
  if v.str.contains(r"(시|도)\S*\s*\S+(구|군|시)").mean() > 0.6 if not digits.mean() > 0.9 else False:
E:\sources\260928 data_go_mcp\pds\probe\synth.py:54: UserWarning: This pattern is interpreted as a regular expression, and has match groups. To actually get the groups, use str.extract.
  if v.str.contains(r"(시|도)\S*\s*\S+(구|군|시)").mean() > 0.6 if not digits.mean() > 0.9 else False:
E:\sources\260928 data_go_mcp\pds\probe\synth.py:54: UserWarning: This pattern is interpreted as a regular expression, and has match groups. To actually get the groups, use str.extract.
  if v.str.contains(r"(시|도)\S*\s*\S+(구|군|시)").mean() > 0.6 if not digits.mean() > 0.9 else False:
E:\sources\260928 data_go_mcp\pds\probe\synth.py:54: UserWarning: This pattern is interpreted as a regular expression, and has match groups. To actually get the groups, use str.extract.
  if v.str.contains(r"(시|도)\S*\s*\S+(구|군|시)").mean() > 0.6 if not digits.mean() > 0.9 else False:
E:\sources\260928 data_go_mcp\pds\probe\synth.py:54: UserWarning: This pattern is interpreted as a regular expression, and has match groups. To actually get the groups, use str.extract.
  if v.str.contains(r"(시|도)\S*\s*\S+(구|군|시)").mean() > 0.6 if not digits.mean() > 0.9 else False:
E:\sources\260928 data_go_mcp\pds\probe\synth.py:54: UserWarning: This pattern is interpreted as a regular expression, and has match groups. To actually get the groups, use str.extract.
  if v.str.contains(r"(시|도)\S*\s*\S+(구|군|시)").mean() > 0.6 if not digits.mean() > 0.9 else False:
E:\sources\260928 data_go_mcp\pds\probe\synth.py:54: UserWarning: This pattern is interpreted as a regular expression, and has match groups. To actually get the groups, use str.extract.
  if v.str.contains(r"(시|도)\S*\s*\S+(구|군|시)").mean() > 0.6 if not digits.mean() > 0.9 else False:
E:\sources\260928 data_go_mcp\pds\probe\synth.py:54: UserWarning: This pattern is interpreted as a regular expression, and has match groups. To actually get the groups, use str.extract.
  if v.str.contains(r"(시|도)\S*\s*\S+(구|군|시)").mean() > 0.6 if not digits.mean() > 0.9 else False:
E:\sources\260928 data_go_mcp\pds\probe\synth.py:54: UserWarning: This pattern is interpreted as a regular expression, and has match groups. To actually get the groups, use str.extract.
  if v.str.contains(r"(시|도)\S*\s*\S+(구|군|시)").mean() > 0.6 if not digits.mean() > 0.9 else False:
E:\sources\260928 data_go_mcp\pds\probe\synth.py:54: UserWarning: This pattern is interpreted as a regular expression, and has match groups. To actually get the groups, use str.extract.
  if v.str.contains(r"(시|도)\S*\s*\S+(구|군|시)").mean() > 0.6 if not digits.mean() > 0.9 else False:
E:\sources\260928 data_go_mcp\pds\probe\synth.py:54: UserWarning: This pattern is interpreted as a regular expression, and has match groups. To actually get the groups, use str.extract.
  if v.str.contains(r"(시|도)\S*\s*\S+(구|군|시)").mean() > 0.6 if not digits.mean() > 0.9 else False:
E:\sources\260928 data_go_mcp\pds\probe\synth.py:54: UserWarning: This pattern is interpreted as a regular expression, and has match groups. To actually get the groups, use str.extract.
  if v.str.contains(r"(시|도)\S*\s*\S+(구|군|시)").mean() > 0.6 if not digits.mean() > 0.9 else False:
E:\sources\260928 data_go_mcp\pds\probe\synth.py:54: UserWarning: This pattern is interpreted as a regular expression, and has match groups. To actually get the groups, use str.extract.
  if v.str.contains(r"(시|도)\S*\s*\S+(구|군|시)").mean() > 0.6 if not digits.mean() > 0.9 else False:
E:\sources\260928 data_go_mcp\pds\probe\synth.py:54: UserWarning: This pattern is interpreted as a regular expression, and has match groups. To actually get the groups, use str.extract.
  if v.str.contains(r"(시|도)\S*\s*\S+(구|군|시)").mean() > 0.6 if not digits.mean() > 0.9 else False:
E:\sources\260928 data_go_mcp\pds\probe\synth.py:54: UserWarning: This pattern is interpreted as a regular expression, and has match groups. To actually get the groups, use str.extract.
  if v.str.contains(r"(시|도)\S*\s*\S+(구|군|시)").mean() > 0.6 if not digits.mean() > 0.9 else False:
E:\sources\260928 data_go_mcp\pds\probe\synth.py:54: UserWarning: This pattern is interpreted as a regular expression, and has match groups. To actually get the groups, use str.extract.
  if v.str.contains(r"(시|도)\S*\s*\S+(구|군|시)").mean() > 0.6 if not digits.mean() > 0.9 else False:
E:\sources\260928 data_go_mcp\pds\probe\synth.py:54: UserWarning: This pattern is interpreted as a regular expression, and has match groups. To actually get the groups, use str.extract.
  if v.str.contains(r"(시|도)\S*\s*\S+(구|군|시)").mean() > 0.6 if not digits.mean() > 0.9 else False:
E:\sources\260928 data_go_mcp\pds\probe\synth.py:54: UserWarning: This pattern is interpreted as a regular expression, and has match groups. To actually get the groups, use str.extract.
  if v.str.contains(r"(시|도)\S*\s*\S+(구|군|시)").mean() > 0.6 if not digits.mean() > 0.9 else False:
E:\sources\260928 data_go_mcp\pds\probe\synth.py:54: UserWarning: This pattern is interpreted as a regular expression, and has match groups. To actually get the groups, use str.extract.
  if v.str.contains(r"(시|도)\S*\s*\S+(구|군|시)").mean() > 0.6 if not digits.mean() > 0.9 else False:
E:\sources\260928 data_go_mcp\pds\probe\synth.py:54: UserWarning: This pattern is interpreted as a regular expression, and has match groups. To actually get the groups, use str.extract.
  if v.str.contains(r"(시|도)\S*\s*\S+(구|군|시)").mean() > 0.6 if not digits.mean() > 0.9 else False:
E:\sources\260928 data_go_mcp\pds\probe\synth.py:54: UserWarning: This pattern is interpreted as a regular expression, and has match groups. To actually get the groups, use str.extract.
  if v.str.contains(r"(시|도)\S*\s*\S+(구|군|시)").mean() > 0.6 if not digits.mean() > 0.9 else False:
E:\sources\260928 data_go_mcp\pds\probe\synth.py:54: UserWarning: This pattern is interpreted as a regular expression, and has match groups. To actually get the groups, use str.extract.
  if v.str.contains(r"(시|도)\S*\s*\S+(구|군|시)").mean() > 0.6 if not digits.mean() > 0.9 else False:
E:\sources\260928 data_go_mcp\pds\probe\synth.py:54: UserWarning: This pattern is interpreted as a regular expression, and has match groups. To actually get the groups, use str.extract.
  if v.str.contains(r"(시|도)\S*\s*\S+(구|군|시)").mean() > 0.6 if not digits.mean() > 0.9 else False:
E:\sources\260928 data_go_mcp\pds\probe\synth.py:54: UserWarning: This pattern is interpreted as a regular expression, and has match groups. To actually get the groups, use str.extract.
  if v.str.contains(r"(시|도)\S*\s*\S+(구|군|시)").mean() > 0.6 if not digits.mean() > 0.9 else False:
E:\sources\260928 data_go_mcp\pds\probe\synth.py:54: UserWarning: This pattern is interpreted as a regular expression, and has match groups. To actually get the groups, use str.extract.
  if v.str.contains(r"(시|도)\S*\s*\S+(구|군|시)").mean() > 0.6 if not digits.mean() > 0.9 else False:
E:\sources\260928 data_go_mcp\pds\probe\synth.py:54: UserWarning: This pattern is interpreted as a regular expression, and has match groups. To actually get the groups, use str.extract.
  if v.str.contains(r"(시|도)\S*\s*\S+(구|군|시)").mean() > 0.6 if not digits.mean() > 0.9 else False:
E:\sources\260928 data_go_mcp\pds\probe\synth.py:54: UserWarning: This pattern is interpreted as a regular expression, and has match groups. To actually get the groups, use str.extract.
  if v.str.contains(r"(시|도)\S*\s*\S+(구|군|시)").mean() > 0.6 if not digits.mean() > 0.9 else False:
E:\sources\260928 data_go_mcp\pds\probe\synth.py:54: UserWarning: This pattern is interpreted as a regular expression, and has match groups. To actually get the groups, use str.extract.
  if v.str.contains(r"(시|도)\S*\s*\S+(구|군|시)").mean() > 0.6 if not digits.mean() > 0.9 else False:
E:\sources\260928 data_go_mcp\pds\probe\synth.py:54: UserWarning: This pattern is interpreted as a regular expression, and has match groups. To actually get the groups, use str.extract.
  if v.str.contains(r"(시|도)\S*\s*\S+(구|군|시)").mean() > 0.6 if not digits.mean() > 0.9 else False:
E:\sources\260928 data_go_mcp\pds\probe\synth.py:54: UserWarning: This pattern is interpreted as a regular expression, and has match groups. To actually get the groups, use str.extract.
  if v.str.contains(r"(시|도)\S*\s*\S+(구|군|시)").mean() > 0.6 if not digits.mean() > 0.9 else False:
E:\sources\260928 data_go_mcp\pds\probe\synth.py:54: UserWarning: This pattern is interpreted as a regular expression, and has match groups. To actually get the groups, use str.extract.
  if v.str.contains(r"(시|도)\S*\s*\S+(구|군|시)").mean() > 0.6 if not digits.mean() > 0.9 else False:
E:\sources\260928 data_go_mcp\pds\probe\synth.py:54: UserWarning: This pattern is interpreted as a regular expression, and has match groups. To actually get the groups, use str.extract.
  if v.str.contains(r"(시|도)\S*\s*\S+(구|군|시)").mean() > 0.6 if not digits.mean() > 0.9 else False:
E:\sources\260928 data_go_mcp\pds\probe\synth.py:54: UserWarning: This pattern is interpreted as a regular expression, and has match groups. To actually get the groups, use str.extract.
  if v.str.contains(r"(시|도)\S*\s*\S+(구|군|시)").mean() > 0.6 if not digits.mean() > 0.9 else False:
E:\sources\260928 data_go_mcp\pds\probe\synth.py:54: UserWarning: This pattern is interpreted as a regular expression, and has match groups. To actually get the groups, use str.extract.
  if v.str.contains(r"(시|도)\S*\s*\S+(구|군|시)").mean() > 0.6 if not digits.mean() > 0.9 else False:
E:\sources\260928 data_go_mcp\pds\probe\synth.py:54: UserWarning: This pattern is interpreted as a regular expression, and has match groups. To actually get the groups, use str.extract.
  if v.str.contains(r"(시|도)\S*\s*\S+(구|군|시)").mean() > 0.6 if not digits.mean() > 0.9 else False:
E:\sources\260928 data_go_mcp\pds\probe\synth.py:54: UserWarning: This pattern is interpreted as a regular expression, and has match groups. To actually get the groups, use str.extract.
  if v.str.contains(r"(시|도)\S*\s*\S+(구|군|시)").mean() > 0.6 if not digits.mean() > 0.9 else False:
E:\sources\260928 data_go_mcp\pds\probe\synth.py:54: UserWarning: This pattern is interpreted as a regular expression, and has match groups. To actually get the groups, use str.extract.
  if v.str.contains(r"(시|도)\S*\s*\S+(구|군|시)").mean() > 0.6 if not digits.mean() > 0.9 else False:
E:\sources\260928 data_go_mcp\pds\probe\synth.py:54: UserWarning: This pattern is interpreted as a regular expression, and has match groups. To actually get the groups, use str.extract.
  if v.str.contains(r"(시|도)\S*\s*\S+(구|군|시)").mean() > 0.6 if not digits.mean() > 0.9 else False:
E:\sources\260928 data_go_mcp\pds\probe\synth.py:54: UserWarning: This pattern is interpreted as a regular expression, and has match groups. To actually get the groups, use str.extract.
  if v.str.contains(r"(시|도)\S*\s*\S+(구|군|시)").mean() > 0.6 if not digits.mean() > 0.9 else False:
E:\sources\260928 data_go_mcp\pds\probe\synth.py:54: UserWarning: This pattern is interpreted as a regular expression, and has match groups. To actually get the groups, use str.extract.
  if v.str.contains(r"(시|도)\S*\s*\S+(구|군|시)").mean() > 0.6 if not digits.mean() > 0.9 else False:
E:\sources\260928 data_go_mcp\pds\probe\synth.py:54: UserWarning: This pattern is interpreted as a regular expression, and has match groups. To actually get the groups, use str.extract.
  if v.str.contains(r"(시|도)\S*\s*\S+(구|군|시)").mean() > 0.6 if not digits.mean() > 0.9 else False:
E:\sources\260928 data_go_mcp\pds\probe\synth.py:54: UserWarning: This pattern is interpreted as a regular expression, and has match groups. To actually get the groups, use str.extract.
  if v.str.contains(r"(시|도)\S*\s*\S+(구|군|시)").mean() > 0.6 if not digits.mean() > 0.9 else False:
E:\sources\260928 data_go_mcp\pds\probe\synth.py:54: UserWarning: This pattern is interpreted as a regular expression, and has match groups. To actually get the groups, use str.extract.
  if v.str.contains(r"(시|도)\S*\s*\S+(구|군|시)").mean() > 0.6 if not digits.mean() > 0.9 else False:
E:\sources\260928 data_go_mcp\pds\probe\synth.py:54: UserWarning: This pattern is interpreted as a regular expression, and has match groups. To actually get the groups, use str.extract.
  if v.str.contains(r"(시|도)\S*\s*\S+(구|군|시)").mean() > 0.6 if not digits.mean() > 0.9 else False:
E:\sources\260928 data_go_mcp\pds\probe\synth.py:54: UserWarning: This pattern is interpreted as a regular expression, and has match groups. To actually get the groups, use str.extract.
  if v.str.contains(r"(시|도)\S*\s*\S+(구|군|시)").mean() > 0.6 if not digits.mean() > 0.9 else False:
E:\sources\260928 data_go_mcp\pds\probe\synth.py:54: UserWarning: This pattern is interpreted as a regular expression, and has match groups. To actually get the groups, use str.extract.
  if v.str.contains(r"(시|도)\S*\s*\S+(구|군|시)").mean() > 0.6 if not digits.mean() > 0.9 else False:
E:\sources\260928 data_go_mcp\pds\probe\synth.py:54: UserWarning: This pattern is interpreted as a regular expression, and has match groups. To actually get the groups, use str.extract.
  if v.str.contains(r"(시|도)\S*\s*\S+(구|군|시)").mean() > 0.6 if not digits.mean() > 0.9 else False:
E:\sources\260928 data_go_mcp\pds\probe\synth.py:54: UserWarning: This pattern is interpreted as a regular expression, and has match groups. To actually get the groups, use str.extract.
  if v.str.contains(r"(시|도)\S*\s*\S+(구|군|시)").mean() > 0.6 if not digits.mean() > 0.9 else False:
E:\sources\260928 data_go_mcp\pds\probe\synth.py:54: UserWarning: This pattern is interpreted as a regular expression, and has match groups. To actually get the groups, use str.extract.
  if v.str.contains(r"(시|도)\S*\s*\S+(구|군|시)").mean() > 0.6 if not digits.mean() > 0.9 else False:
E:\sources\260928 data_go_mcp\pds\probe\synth.py:54: UserWarning: This pattern is interpreted as a regular expression, and has match groups. To actually get the groups, use str.extract.
  if v.str.contains(r"(시|도)\S*\s*\S+(구|군|시)").mean() > 0.6 if not digits.mean() > 0.9 else False:
E:\sources\260928 data_go_mcp\pds\probe\synth.py:54: UserWarning: This pattern is interpreted as a regular expression, and has match groups. To actually get the groups, use str.extract.
  if v.str.contains(r"(시|도)\S*\s*\S+(구|군|시)").mean() > 0.6 if not digits.mean() > 0.9 else False:
E:\sources\260928 data_go_mcp\pds\probe\synth.py:54: UserWarning: This pattern is interpreted as a regular expression, and has match groups. To actually get the groups, use str.extract.
  if v.str.contains(r"(시|도)\S*\s*\S+(구|군|시)").mean() > 0.6 if not digits.mean() > 0.9 else False:
E:\sources\260928 data_go_mcp\pds\probe\synth.py:54: UserWarning: This pattern is interpreted as a regular expression, and has match groups. To actually get the groups, use str.extract.
  if v.str.contains(r"(시|도)\S*\s*\S+(구|군|시)").mean() > 0.6 if not digits.mean() > 0.9 else False:
E:\sources\260928 data_go_mcp\pds\probe\synth.py:54: UserWarning: This pattern is interpreted as a regular expression, and has match groups. To actually get the groups, use str.extract.
  if v.str.contains(r"(시|도)\S*\s*\S+(구|군|시)").mean() > 0.6 if not digits.mean() > 0.9 else False:
E:\sources\260928 data_go_mcp\pds\probe\synth.py:54: UserWarning: This pattern is interpreted as a regular expression, and has match groups. To actually get the groups, use str.extract.
  if v.str.contains(r"(시|도)\S*\s*\S+(구|군|시)").mean() > 0.6 if not digits.mean() > 0.9 else False:
E:\sources\260928 data_go_mcp\pds\probe\synth.py:54: UserWarning: This pattern is interpreted as a regular expression, and has match groups. To actually get the groups, use str.extract.
  if v.str.contains(r"(시|도)\S*\s*\S+(구|군|시)").mean() > 0.6 if not digits.mean() > 0.9 else False:
E:\sources\260928 data_go_mcp\pds\probe\synth.py:54: UserWarning: This pattern is interpreted as a regular expression, and has match groups. To actually get the groups, use str.extract.
  if v.str.contains(r"(시|도)\S*\s*\S+(구|군|시)").mean() > 0.6 if not digits.mean() > 0.9 else False:
E:\sources\260928 data_go_mcp\pds\probe\synth.py:54: UserWarning: This pattern is interpreted as a regular expression, and has match groups. To actually get the groups, use str.extract.
  if v.str.contains(r"(시|도)\S*\s*\S+(구|군|시)").mean() > 0.6 if not digits.mean() > 0.9 else False:
E:\sources\260928 data_go_mcp\pds\probe\synth.py:54: UserWarning: This pattern is interpreted as a regular expression, and has match groups. To actually get the groups, use str.extract.
  if v.str.contains(r"(시|도)\S*\s*\S+(구|군|시)").mean() > 0.6 if not digits.mean() > 0.9 else False:
E:\sources\260928 data_go_mcp\pds\probe\synth.py:54: UserWarning: This pattern is interpreted as a regular expression, and has match groups. To actually get the groups, use str.extract.
  if v.str.contains(r"(시|도)\S*\s*\S+(구|군|시)").mean() > 0.6 if not digits.mean() > 0.9 else False:
E:\sources\260928 data_go_mcp\pds\probe\synth.py:54: UserWarning: This pattern is interpreted as a regular expression, and has match groups. To actually get the groups, use str.extract.
  if v.str.contains(r"(시|도)\S*\s*\S+(구|군|시)").mean() > 0.6 if not digits.mean() > 0.9 else False:
E:\sources\260928 data_go_mcp\pds\probe\synth.py:54: UserWarning: This pattern is interpreted as a regular expression, and has match groups. To actually get the groups, use str.extract.
  if v.str.contains(r"(시|도)\S*\s*\S+(구|군|시)").mean() > 0.6 if not digits.mean() > 0.9 else False:
E:\sources\260928 data_go_mcp\pds\probe\synth.py:54: UserWarning: This pattern is interpreted as a regular expression, and has match groups. To actually get the groups, use str.extract.
  if v.str.contains(r"(시|도)\S*\s*\S+(구|군|시)").mean() > 0.6 if not digits.mean() > 0.9 else False:
E:\sources\260928 data_go_mcp\pds\probe\synth.py:54: UserWarning: This pattern is interpreted as a regular expression, and has match groups. To actually get the groups, use str.extract.
  if v.str.contains(r"(시|도)\S*\s*\S+(구|군|시)").mean() > 0.6 if not digits.mean() > 0.9 else False:
E:\sources\260928 data_go_mcp\pds\probe\synth.py:54: UserWarning: This pattern is interpreted as a regular expression, and has match groups. To actually get the groups, use str.extract.
  if v.str.contains(r"(시|도)\S*\s*\S+(구|군|시)").mean() > 0.6 if not digits.mean() > 0.9 else False:
E:\sources\260928 data_go_mcp\pds\probe\synth.py:54: UserWarning: This pattern is interpreted as a regular expression, and has match groups. To actually get the groups, use str.extract.
  if v.str.contains(r"(시|도)\S*\s*\S+(구|군|시)").mean() > 0.6 if not digits.mean() > 0.9 else False:
E:\sources\260928 data_go_mcp\pds\probe\synth.py:54: UserWarning: This pattern is interpreted as a regular expression, and has match groups. To actually get the groups, use str.extract.
  if v.str.contains(r"(시|도)\S*\s*\S+(구|군|시)").mean() > 0.6 if not digits.mean() > 0.9 else False:
E:\sources\260928 data_go_mcp\pds\probe\synth.py:54: UserWarning: This pattern is interpreted as a regular expression, and has match groups. To actually get the groups, use str.extract.
  if v.str.contains(r"(시|도)\S*\s*\S+(구|군|시)").mean() > 0.6 if not digits.mean() > 0.9 else False:
E:\sources\260928 data_go_mcp\pds\probe\synth.py:54: UserWarning: This pattern is interpreted as a regular expression, and has match groups. To actually get the groups, use str.extract.
  if v.str.contains(r"(시|도)\S*\s*\S+(구|군|시)").mean() > 0.6 if not digits.mean() > 0.9 else False:
E:\sources\260928 data_go_mcp\pds\probe\synth.py:54: UserWarning: This pattern is interpreted as a regular expression, and has match groups. To actually get the groups, use str.extract.
  if v.str.contains(r"(시|도)\S*\s*\S+(구|군|시)").mean() > 0.6 if not digits.mean() > 0.9 else False:
E:\sources\260928 data_go_mcp\pds\probe\synth.py:54: UserWarning: This pattern is interpreted as a regular expression, and has match groups. To actually get the groups, use str.extract.
  if v.str.contains(r"(시|도)\S*\s*\S+(구|군|시)").mean() > 0.6 if not digits.mean() > 0.9 else False:
E:\sources\260928 data_go_mcp\pds\probe\synth.py:54: UserWarning: This pattern is interpreted as a regular expression, and has match groups. To actually get the groups, use str.extract.
  if v.str.contains(r"(시|도)\S*\s*\S+(구|군|시)").mean() > 0.6 if not digits.mean() > 0.9 else False:
E:\sources\260928 data_go_mcp\pds\probe\synth.py:54: UserWarning: This pattern is interpreted as a regular expression, and has match groups. To actually get the groups, use str.extract.
  if v.str.contains(r"(시|도)\S*\s*\S+(구|군|시)").mean() > 0.6 if not digits.mean() > 0.9 else False:
E:\sources\260928 data_go_mcp\pds\probe\synth.py:54: UserWarning: This pattern is interpreted as a regular expression, and has match groups. To actually get the groups, use str.extract.
  if v.str.contains(r"(시|도)\S*\s*\S+(구|군|시)").mean() > 0.6 if not digits.mean() > 0.9 else False:
E:\sources\260928 data_go_mcp\pds\probe\synth.py:54: UserWarning: This pattern is interpreted as a regular expression, and has match groups. To actually get the groups, use str.extract.
  if v.str.contains(r"(시|도)\S*\s*\S+(구|군|시)").mean() > 0.6 if not digits.mean() > 0.9 else False:
E:\sources\260928 data_go_mcp\pds\probe\synth.py:54: UserWarning: This pattern is interpreted as a regular expression, and has match groups. To actually get the groups, use str.extract.
  if v.str.contains(r"(시|도)\S*\s*\S+(구|군|시)").mean() > 0.6 if not digits.mean() > 0.9 else False:
E:\sources\260928 data_go_mcp\pds\probe\synth.py:54: UserWarning: This pattern is interpreted as a regular expression, and has match groups. To actually get the groups, use str.extract.
  if v.str.contains(r"(시|도)\S*\s*\S+(구|군|시)").mean() > 0.6 if not digits.mean() > 0.9 else False:
E:\sources\260928 data_go_mcp\pds\probe\synth.py:54: UserWarning: This pattern is interpreted as a regular expression, and has match groups. To actually get the groups, use str.extract.
  if v.str.contains(r"(시|도)\S*\s*\S+(구|군|시)").mean() > 0.6 if not digits.mean() > 0.9 else False:
E:\sources\260928 data_go_mcp\pds\probe\synth.py:54: UserWarning: This pattern is interpreted as a regular expression, and has match groups. To actually get the groups, use str.extract.
  if v.str.contains(r"(시|도)\S*\s*\S+(구|군|시)").mean() > 0.6 if not digits.mean() > 0.9 else False:
E:\sources\260928 data_go_mcp\pds\probe\synth.py:54: UserWarning: This pattern is interpreted as a regular expression, and has match groups. To actually get the groups, use str.extract.
  if v.str.contains(r"(시|도)\S*\s*\S+(구|군|시)").mean() > 0.6 if not digits.mean() > 0.9 else False:
E:\sources\260928 data_go_mcp\pds\probe\synth.py:54: UserWarning: This pattern is interpreted as a regular expression, and has match groups. To actually get the groups, use str.extract.
  if v.str.contains(r"(시|도)\S*\s*\S+(구|군|시)").mean() > 0.6 if not digits.mean() > 0.9 else False:
E:\sources\260928 data_go_mcp\pds\probe\synth.py:54: UserWarning: This pattern is interpreted as a regular expression, and has match groups. To actually get the groups, use str.extract.
  if v.str.contains(r"(시|도)\S*\s*\S+(구|군|시)").mean() > 0.6 if not digits.mean() > 0.9 else False:
E:\sources\260928 data_go_mcp\pds\probe\synth.py:54: UserWarning: This pattern is interpreted as a regular expression, and has match groups. To actually get the groups, use str.extract.
  if v.str.contains(r"(시|도)\S*\s*\S+(구|군|시)").mean() > 0.6 if not digits.mean() > 0.9 else False:
E:\sources\260928 data_go_mcp\pds\probe\synth.py:54: UserWarning: This pattern is interpreted as a regular expression, and has match groups. To actually get the groups, use str.extract.
  if v.str.contains(r"(시|도)\S*\s*\S+(구|군|시)").mean() > 0.6 if not digits.mean() > 0.9 else False:
E:\sources\260928 data_go_mcp\pds\probe\synth.py:54: UserWarning: This pattern is interpreted as a regular expression, and has match groups. To actually get the groups, use str.extract.
  if v.str.contains(r"(시|도)\S*\s*\S+(구|군|시)").mean() > 0.6 if not digits.mean() > 0.9 else False:
E:\sources\260928 data_go_mcp\pds\probe\synth.py:54: UserWarning: This pattern is interpreted as a regular expression, and has match groups. To actually get the groups, use str.extract.
  if v.str.contains(r"(시|도)\S*\s*\S+(구|군|시)").mean() > 0.6 if not digits.mean() > 0.9 else False:
E:\sources\260928 data_go_mcp\pds\probe\synth.py:54: UserWarning: This pattern is interpreted as a regular expression, and has match groups. To actually get the groups, use str.extract.
  if v.str.contains(r"(시|도)\S*\s*\S+(구|군|시)").mean() > 0.6 if not digits.mean() > 0.9 else False:
E:\sources\260928 data_go_mcp\pds\probe\synth.py:54: UserWarning: This pattern is interpreted as a regular expression, and has match groups. To actually get the groups, use str.extract.
  if v.str.contains(r"(시|도)\S*\s*\S+(구|군|시)").mean() > 0.6 if not digits.mean() > 0.9 else False:
E:\sources\260928 data_go_mcp\pds\probe\synth.py:54: UserWarning: This pattern is interpreted as a regular expression, and has match groups. To actually get the groups, use str.extract.
  if v.str.contains(r"(시|도)\S*\s*\S+(구|군|시)").mean() > 0.6 if not digits.mean() > 0.9 else False:
E:\sources\260928 data_go_mcp\pds\probe\synth.py:54: UserWarning: This pattern is interpreted as a regular expression, and has match groups. To actually get the groups, use str.extract.
  if v.str.contains(r"(시|도)\S*\s*\S+(구|군|시)").mean() > 0.6 if not digits.mean() > 0.9 else False:
E:\sources\260928 data_go_mcp\pds\probe\synth.py:54: UserWarning: This pattern is interpreted as a regular expression, and has match groups. To actually get the groups, use str.extract.
  if v.str.contains(r"(시|도)\S*\s*\S+(구|군|시)").mean() > 0.6 if not digits.mean() > 0.9 else False:
E:\sources\260928 data_go_mcp\pds\probe\synth.py:54: UserWarning: This pattern is interpreted as a regular expression, and has match groups. To actually get the groups, use str.extract.
  if v.str.contains(r"(시|도)\S*\s*\S+(구|군|시)").mean() > 0.6 if not digits.mean() > 0.9 else False:
E:\sources\260928 data_go_mcp\pds\probe\synth.py:54: UserWarning: This pattern is interpreted as a regular expression, and has match groups. To actually get the groups, use str.extract.
  if v.str.contains(r"(시|도)\S*\s*\S+(구|군|시)").mean() > 0.6 if not digits.mean() > 0.9 else False:
E:\sources\260928 data_go_mcp\pds\probe\synth.py:54: UserWarning: This pattern is interpreted as a regular expression, and has match groups. To actually get the groups, use str.extract.
  if v.str.contains(r"(시|도)\S*\s*\S+(구|군|시)").mean() > 0.6 if not digits.mean() > 0.9 else False:
E:\sources\260928 data_go_mcp\pds\probe\synth.py:54: UserWarning: This pattern is interpreted as a regular expression, and has match groups. To actually get the groups, use str.extract.
  if v.str.contains(r"(시|도)\S*\s*\S+(구|군|시)").mean() > 0.6 if not digits.mean() > 0.9 else False:
E:\sources\260928 data_go_mcp\pds\probe\synth.py:54: UserWarning: This pattern is interpreted as a regular expression, and has match groups. To actually get the groups, use str.extract.
  if v.str.contains(r"(시|도)\S*\s*\S+(구|군|시)").mean() > 0.6 if not digits.mean() > 0.9 else False:
E:\sources\260928 data_go_mcp\pds\probe\synth.py:54: UserWarning: This pattern is interpreted as a regular expression, and has match groups. To actually get the groups, use str.extract.
  if v.str.contains(r"(시|도)\S*\s*\S+(구|군|시)").mean() > 0.6 if not digits.mean() > 0.9 else False:
E:\sources\260928 data_go_mcp\pds\probe\synth.py:54: UserWarning: This pattern is interpreted as a regular expression, and has match groups. To actually get the groups, use str.extract.
  if v.str.contains(r"(시|도)\S*\s*\S+(구|군|시)").mean() > 0.6 if not digits.mean() > 0.9 else False:
E:\sources\260928 data_go_mcp\pds\probe\synth.py:54: UserWarning: This pattern is interpreted as a regular expression, and has match groups. To actually get the groups, use str.extract.
  if v.str.contains(r"(시|도)\S*\s*\S+(구|군|시)").mean() > 0.6 if not digits.mean() > 0.9 else False:
E:\sources\260928 data_go_mcp\pds\probe\synth.py:54: UserWarning: This pattern is interpreted as a regular expression, and has match groups. To actually get the groups, use str.extract.
  if v.str.contains(r"(시|도)\S*\s*\S+(구|군|시)").mean() > 0.6 if not digits.mean() > 0.9 else False:
E:\sources\260928 data_go_mcp\pds\probe\synth.py:54: UserWarning: This pattern is interpreted as a regular expression, and has match groups. To actually get the groups, use str.extract.
  if v.str.contains(r"(시|도)\S*\s*\S+(구|군|시)").mean() > 0.6 if not digits.mean() > 0.9 else False:
E:\sources\260928 data_go_mcp\pds\probe\synth.py:54: UserWarning: This pattern is interpreted as a regular expression, and has match groups. To actually get the groups, use str.extract.
  if v.str.contains(r"(시|도)\S*\s*\S+(구|군|시)").mean() > 0.6 if not digits.mean() > 0.9 else False:
E:\sources\260928 data_go_mcp\pds\probe\synth.py:54: UserWarning: This pattern is interpreted as a regular expression, and has match groups. To actually get the groups, use str.extract.
  if v.str.contains(r"(시|도)\S*\s*\S+(구|군|시)").mean() > 0.6 if not digits.mean() > 0.9 else False:
E:\sources\260928 data_go_mcp\pds\probe\synth.py:54: UserWarning: This pattern is interpreted as a regular expression, and has match groups. To actually get the groups, use str.extract.
  if v.str.contains(r"(시|도)\S*\s*\S+(구|군|시)").mean() > 0.6 if not digits.mean() > 0.9 else False:
E:\sources\260928 data_go_mcp\pds\probe\synth.py:54: UserWarning: This pattern is interpreted as a regular expression, and has match groups. To actually get the groups, use str.extract.
  if v.str.contains(r"(시|도)\S*\s*\S+(구|군|시)").mean() > 0.6 if not digits.mean() > 0.9 else False:
E:\sources\260928 data_go_mcp\pds\probe\synth.py:54: UserWarning: This pattern is interpreted as a regular expression, and has match groups. To actually get the groups, use str.extract.
  if v.str.contains(r"(시|도)\S*\s*\S+(구|군|시)").mean() > 0.6 if not digits.mean() > 0.9 else False:
E:\sources\260928 data_go_mcp\pds\probe\synth.py:54: UserWarning: This pattern is interpreted as a regular expression, and has match groups. To actually get the groups, use str.extract.
  if v.str.contains(r"(시|도)\S*\s*\S+(구|군|시)").mean() > 0.6 if not digits.mean() > 0.9 else False:
E:\sources\260928 data_go_mcp\pds\probe\synth.py:54: UserWarning: This pattern is interpreted as a regular expression, and has match groups. To actually get the groups, use str.extract.
  if v.str.contains(r"(시|도)\S*\s*\S+(구|군|시)").mean() > 0.6 if not digits.mean() > 0.9 else False:
E:\sources\260928 data_go_mcp\pds\probe\synth.py:54: UserWarning: This pattern is interpreted as a regular expression, and has match groups. To actually get the groups, use str.extract.
  if v.str.contains(r"(시|도)\S*\s*\S+(구|군|시)").mean() > 0.6 if not digits.mean() > 0.9 else False:
E:\sources\260928 data_go_mcp\pds\probe\synth.py:54: UserWarning: This pattern is interpreted as a regular expression, and has match groups. To actually get the groups, use str.extract.
  if v.str.contains(r"(시|도)\S*\s*\S+(구|군|시)").mean() > 0.6 if not digits.mean() > 0.9 else False:
E:\sources\260928 data_go_mcp\pds\probe\synth.py:54: UserWarning: This pattern is interpreted as a regular expression, and has match groups. To actually get the groups, use str.extract.
  if v.str.contains(r"(시|도)\S*\s*\S+(구|군|시)").mean() > 0.6 if not digits.mean() > 0.9 else False:
E:\sources\260928 data_go_mcp\pds\probe\synth.py:54: UserWarning: This pattern is interpreted as a regular expression, and has match groups. To actually get the groups, use str.extract.
  if v.str.contains(r"(시|도)\S*\s*\S+(구|군|시)").mean() > 0.6 if not digits.mean() > 0.9 else False:
E:\sources\260928 data_go_mcp\pds\probe\synth.py:54: UserWarning: This pattern is interpreted as a regular expression, and has match groups. To actually get the groups, use str.extract.
  if v.str.contains(r"(시|도)\S*\s*\S+(구|군|시)").mean() > 0.6 if not digits.mean() > 0.9 else False:
E:\sources\260928 data_go_mcp\pds\probe\synth.py:54: UserWarning: This pattern is interpreted as a regular expression, and has match groups. To actually get the groups, use str.extract.
  if v.str.contains(r"(시|도)\S*\s*\S+(구|군|시)").mean() > 0.6 if not digits.mean() > 0.9 else False:
E:\sources\260928 data_go_mcp\pds\probe\synth.py:54: UserWarning: This pattern is interpreted as a regular expression, and has match groups. To actually get the groups, use str.extract.
  if v.str.contains(r"(시|도)\S*\s*\S+(구|군|시)").mean() > 0.6 if not digits.mean() > 0.9 else False:
E:\sources\260928 data_go_mcp\pds\probe\synth.py:54: UserWarning: This pattern is interpreted as a regular expression, and has match groups. To actually get the groups, use str.extract.
  if v.str.contains(r"(시|도)\S*\s*\S+(구|군|시)").mean() > 0.6 if not digits.mean() > 0.9 else False:
E:\sources\260928 data_go_mcp\pds\probe\synth.py:54: UserWarning: This pattern is interpreted as a regular expression, and has match groups. To actually get the groups, use str.extract.
  if v.str.contains(r"(시|도)\S*\s*\S+(구|군|시)").mean() > 0.6 if not digits.mean() > 0.9 else False:
E:\sources\260928 data_go_mcp\pds\probe\synth.py:54: UserWarning: This pattern is interpreted as a regular expression, and has match groups. To actually get the groups, use str.extract.
  if v.str.contains(r"(시|도)\S*\s*\S+(구|군|시)").mean() > 0.6 if not digits.mean() > 0.9 else False:
E:\sources\260928 data_go_mcp\pds\probe\synth.py:54: UserWarning: This pattern is interpreted as a regular expression, and has match groups. To actually get the groups, use str.extract.
  if v.str.contains(r"(시|도)\S*\s*\S+(구|군|시)").mean() > 0.6 if not digits.mean() > 0.9 else False:
E:\sources\260928 data_go_mcp\pds\probe\synth.py:54: UserWarning: This pattern is interpreted as a regular expression, and has match groups. To actually get the groups, use str.extract.
  if v.str.contains(r"(시|도)\S*\s*\S+(구|군|시)").mean() > 0.6 if not digits.mean() > 0.9 else False:
E:\sources\260928 data_go_mcp\pds\probe\synth.py:54: UserWarning: This pattern is interpreted as a regular expression, and has match groups. To actually get the groups, use str.extract.
  if v.str.contains(r"(시|도)\S*\s*\S+(구|군|시)").mean() > 0.6 if not digits.mean() > 0.9 else False:
E:\sources\260928 data_go_mcp\pds\probe\synth.py:54: UserWarning: This pattern is interpreted as a regular expression, and has match groups. To actually get the groups, use str.extract.
  if v.str.contains(r"(시|도)\S*\s*\S+(구|군|시)").mean() > 0.6 if not digits.mean() > 0.9 else False:
E:\sources\260928 data_go_mcp\pds\probe\synth.py:54: UserWarning: This pattern is interpreted as a regular expression, and has match groups. To actually get the groups, use str.extract.
  if v.str.contains(r"(시|도)\S*\s*\S+(구|군|시)").mean() > 0.6 if not digits.mean() > 0.9 else False:
E:\sources\260928 data_go_mcp\pds\probe\synth.py:54: UserWarning: This pattern is interpreted as a regular expression, and has match groups. To actually get the groups, use str.extract.
  if v.str.contains(r"(시|도)\S*\s*\S+(구|군|시)").mean() > 0.6 if not digits.mean() > 0.9 else False:
E:\sources\260928 data_go_mcp\pds\probe\synth.py:54: UserWarning: This pattern is interpreted as a regular expression, and has match groups. To actually get the groups, use str.extract.
  if v.str.contains(r"(시|도)\S*\s*\S+(구|군|시)").mean() > 0.6 if not digits.mean() > 0.9 else False:
E:\sources\260928 data_go_mcp\pds\probe\synth.py:54: UserWarning: This pattern is interpreted as a regular expression, and has match groups. To actually get the groups, use str.extract.
  if v.str.contains(r"(시|도)\S*\s*\S+(구|군|시)").mean() > 0.6 if not digits.mean() > 0.9 else False:
E:\sources\260928 data_go_mcp\pds\probe\synth.py:54: UserWarning: This pattern is interpreted as a regular expression, and has match groups. To actually get the groups, use str.extract.
  if v.str.contains(r"(시|도)\S*\s*\S+(구|군|시)").mean() > 0.6 if not digits.mean() > 0.9 else False:
E:\sources\260928 data_go_mcp\pds\probe\synth.py:54: UserWarning: This pattern is interpreted as a regular expression, and has match groups. To actually get the groups, use str.extract.
  if v.str.contains(r"(시|도)\S*\s*\S+(구|군|시)").mean() > 0.6 if not digits.mean() > 0.9 else False:
E:\sources\260928 data_go_mcp\pds\probe\synth.py:54: UserWarning: This pattern is interpreted as a regular expression, and has match groups. To actually get the groups, use str.extract.
  if v.str.contains(r"(시|도)\S*\s*\S+(구|군|시)").mean() > 0.6 if not digits.mean() > 0.9 else False:
E:\sources\260928 data_go_mcp\pds\probe\synth.py:54: UserWarning: This pattern is interpreted as a regular expression, and has match groups. To actually get the groups, use str.extract.
  if v.str.contains(r"(시|도)\S*\s*\S+(구|군|시)").mean() > 0.6 if not digits.mean() > 0.9 else False:
E:\sources\260928 data_go_mcp\pds\probe\synth.py:54: UserWarning: This pattern is interpreted as a regular expression, and has match groups. To actually get the groups, use str.extract.
  if v.str.contains(r"(시|도)\S*\s*\S+(구|군|시)").mean() > 0.6 if not digits.mean() > 0.9 else False:
E:\sources\260928 data_go_mcp\pds\probe\synth.py:54: UserWarning: This pattern is interpreted as a regular expression, and has match groups. To actually get the groups, use str.extract.
  if v.str.contains(r"(시|도)\S*\s*\S+(구|군|시)").mean() > 0.6 if not digits.mean() > 0.9 else False:
E:\sources\260928 data_go_mcp\pds\probe\synth.py:54: UserWarning: This pattern is interpreted as a regular expression, and has match groups. To actually get the groups, use str.extract.
  if v.str.contains(r"(시|도)\S*\s*\S+(구|군|시)").mean() > 0.6 if not digits.mean() > 0.9 else False:
E:\sources\260928 data_go_mcp\pds\probe\synth.py:54: UserWarning: This pattern is interpreted as a regular expression, and has match groups. To actually get the groups, use str.extract.
  if v.str.contains(r"(시|도)\S*\s*\S+(구|군|시)").mean() > 0.6 if not digits.mean() > 0.9 else False:
E:\sources\260928 data_go_mcp\pds\probe\synth.py:54: UserWarning: This pattern is interpreted as a regular expression, and has match groups. To actually get the groups, use str.extract.
  if v.str.contains(r"(시|도)\S*\s*\S+(구|군|시)").mean() > 0.6 if not digits.mean() > 0.9 else False:
E:\sources\260928 data_go_mcp\pds\probe\synth.py:54: UserWarning: This pattern is interpreted as a regular expression, and has match groups. To actually get the groups, use str.extract.
  if v.str.contains(r"(시|도)\S*\s*\S+(구|군|시)").mean() > 0.6 if not digits.mean() > 0.9 else False:
E:\sources\260928 data_go_mcp\pds\probe\synth.py:54: UserWarning: This pattern is interpreted as a regular expression, and has match groups. To actually get the groups, use str.extract.
  if v.str.contains(r"(시|도)\S*\s*\S+(구|군|시)").mean() > 0.6 if not digits.mean() > 0.9 else False:
E:\sources\260928 data_go_mcp\pds\probe\synth.py:54: UserWarning: This pattern is interpreted as a regular expression, and has match groups. To actually get the groups, use str.extract.
  if v.str.contains(r"(시|도)\S*\s*\S+(구|군|시)").mean() > 0.6 if not digits.mean() > 0.9 else False:
E:\sources\260928 data_go_mcp\pds\probe\synth.py:54: UserWarning: This pattern is interpreted as a regular expression, and has match groups. To actually get the groups, use str.extract.
  if v.str.contains(r"(시|도)\S*\s*\S+(구|군|시)").mean() > 0.6 if not digits.mean() > 0.9 else False:
E:\sources\260928 data_go_mcp\pds\probe\synth.py:54: UserWarning: This pattern is interpreted as a regular expression, and has match groups. To actually get the groups, use str.extract.
  if v.str.contains(r"(시|도)\S*\s*\S+(구|군|시)").mean() > 0.6 if not digits.mean() > 0.9 else False:
E:\sources\260928 data_go_mcp\pds\probe\synth.py:54: UserWarning: This pattern is interpreted as a regular expression, and has match groups. To actually get the groups, use str.extract.
  if v.str.contains(r"(시|도)\S*\s*\S+(구|군|시)").mean() > 0.6 if not digits.mean() > 0.9 else False:
E:\sources\260928 data_go_mcp\pds\probe\synth.py:54: UserWarning: This pattern is interpreted as a regular expression, and has match groups. To actually get the groups, use str.extract.
  if v.str.contains(r"(시|도)\S*\s*\S+(구|군|시)").mean() > 0.6 if not digits.mean() > 0.9 else False:
E:\sources\260928 data_go_mcp\pds\probe\synth.py:54: UserWarning: This pattern is interpreted as a regular expression, and has match groups. To actually get the groups, use str.extract.
  if v.str.contains(r"(시|도)\S*\s*\S+(구|군|시)").mean() > 0.6 if not digits.mean() > 0.9 else False:
E:\sources\260928 data_go_mcp\pds\probe\synth.py:54: UserWarning: This pattern is interpreted as a regular expression, and has match groups. To actually get the groups, use str.extract.
  if v.str.contains(r"(시|도)\S*\s*\S+(구|군|시)").mean() > 0.6 if not digits.mean() > 0.9 else False:
E:\sources\260928 data_go_mcp\pds\probe\synth.py:54: UserWarning: This pattern is interpreted as a regular expression, and has match groups. To actually get the groups, use str.extract.
  if v.str.contains(r"(시|도)\S*\s*\S+(구|군|시)").mean() > 0.6 if not digits.mean() > 0.9 else False:
E:\sources\260928 data_go_mcp\pds\probe\synth.py:54: UserWarning: This pattern is interpreted as a regular expression, and has match groups. To actually get the groups, use str.extract.
  if v.str.contains(r"(시|도)\S*\s*\S+(구|군|시)").mean() > 0.6 if not digits.mean() > 0.9 else False:
E:\sources\260928 data_go_mcp\pds\probe\synth.py:54: UserWarning: This pattern is interpreted as a regular expression, and has match groups. To actually get the groups, use str.extract.
  if v.str.contains(r"(시|도)\S*\s*\S+(구|군|시)").mean() > 0.6 if not digits.mean() > 0.9 else False:
E:\sources\260928 data_go_mcp\pds\probe\synth.py:54: UserWarning: This pattern is interpreted as a regular expression, and has match groups. To actually get the groups, use str.extract.
  if v.str.contains(r"(시|도)\S*\s*\S+(구|군|시)").mean() > 0.6 if not digits.mean() > 0.9 else False:
E:\sources\260928 data_go_mcp\pds\probe\synth.py:54: UserWarning: This pattern is interpreted as a regular expression, and has match groups. To actually get the groups, use str.extract.
  if v.str.contains(r"(시|도)\S*\s*\S+(구|군|시)").mean() > 0.6 if not digits.mean() > 0.9 else False:
E:\sources\260928 data_go_mcp\pds\probe\synth.py:54: UserWarning: This pattern is interpreted as a regular expression, and has match groups. To actually get the groups, use str.extract.
  if v.str.contains(r"(시|도)\S*\s*\S+(구|군|시)").mean() > 0.6 if not digits.mean() > 0.9 else False:
E:\sources\260928 data_go_mcp\pds\probe\synth.py:54: UserWarning: This pattern is interpreted as a regular expression, and has match groups. To actually get the groups, use str.extract.
  if v.str.contains(r"(시|도)\S*\s*\S+(구|군|시)").mean() > 0.6 if not digits.mean() > 0.9 else False:
E:\sources\260928 data_go_mcp\pds\probe\synth.py:54: UserWarning: This pattern is interpreted as a regular expression, and has match groups. To actually get the groups, use str.extract.
  if v.str.contains(r"(시|도)\S*\s*\S+(구|군|시)").mean() > 0.6 if not digits.mean() > 0.9 else False:
E:\sources\260928 data_go_mcp\pds\probe\synth.py:54: UserWarning: This pattern is interpreted as a regular expression, and has match groups. To actually get the groups, use str.extract.
  if v.str.contains(r"(시|도)\S*\s*\S+(구|군|시)").mean() > 0.6 if not digits.mean() > 0.9 else False:
E:\sources\260928 data_go_mcp\pds\probe\synth.py:54: UserWarning: This pattern is interpreted as a regular expression, and has match groups. To actually get the groups, use str.extract.
  if v.str.contains(r"(시|도)\S*\s*\S+(구|군|시)").mean() > 0.6 if not digits.mean() > 0.9 else False:
E:\sources\260928 data_go_mcp\pds\probe\synth.py:54: UserWarning: This pattern is interpreted as a regular expression, and has match groups. To actually get the groups, use str.extract.
  if v.str.contains(r"(시|도)\S*\s*\S+(구|군|시)").mean() > 0.6 if not digits.mean() > 0.9 else False:
E:\sources\260928 data_go_mcp\pds\probe\synth.py:54: UserWarning: This pattern is interpreted as a regular expression, and has match groups. To actually get the groups, use str.extract.
  if v.str.contains(r"(시|도)\S*\s*\S+(구|군|시)").mean() > 0.6 if not digits.mean() > 0.9 else False:
E:\sources\260928 data_go_mcp\pds\probe\synth.py:54: UserWarning: This pattern is interpreted as a regular expression, and has match groups. To actually get the groups, use str.extract.
  if v.str.contains(r"(시|도)\S*\s*\S+(구|군|시)").mean() > 0.6 if not digits.mean() > 0.9 else False:
E:\sources\260928 data_go_mcp\pds\probe\synth.py:54: UserWarning: This pattern is interpreted as a regular expression, and has match groups. To actually get the groups, use str.extract.
  if v.str.contains(r"(시|도)\S*\s*\S+(구|군|시)").mean() > 0.6 if not digits.mean() > 0.9 else False:
E:\sources\260928 data_go_mcp\pds\probe\synth.py:54: UserWarning: This pattern is interpreted as a regular expression, and has match groups. To actually get the groups, use str.extract.
  if v.str.contains(r"(시|도)\S*\s*\S+(구|군|시)").mean() > 0.6 if not digits.mean() > 0.9 else False:
E:\sources\260928 data_go_mcp\pds\probe\synth.py:54: UserWarning: This pattern is interpreted as a regular expression, and has match groups. To actually get the groups, use str.extract.
  if v.str.contains(r"(시|도)\S*\s*\S+(구|군|시)").mean() > 0.6 if not digits.mean() > 0.9 else False:
E:\sources\260928 data_go_mcp\pds\probe\synth.py:54: UserWarning: This pattern is interpreted as a regular expression, and has match groups. To actually get the groups, use str.extract.
  if v.str.contains(r"(시|도)\S*\s*\S+(구|군|시)").mean() > 0.6 if not digits.mean() > 0.9 else False:
E:\sources\260928 data_go_mcp\pds\probe\synth.py:54: UserWarning: This pattern is interpreted as a regular expression, and has match groups. To actually get the groups, use str.extract.
  if v.str.contains(r"(시|도)\S*\s*\S+(구|군|시)").mean() > 0.6 if not digits.mean() > 0.9 else False:
E:\sources\260928 data_go_mcp\pds\probe\synth.py:54: UserWarning: This pattern is interpreted as a regular expression, and has match groups. To actually get the groups, use str.extract.
  if v.str.contains(r"(시|도)\S*\s*\S+(구|군|시)").mean() > 0.6 if not digits.mean() > 0.9 else False:
E:\sources\260928 data_go_mcp\pds\probe\synth.py:54: UserWarning: This pattern is interpreted as a regular expression, and has match groups. To actually get the groups, use str.extract.
  if v.str.contains(r"(시|도)\S*\s*\S+(구|군|시)").mean() > 0.6 if not digits.mean() > 0.9 else False:
E:\sources\260928 data_go_mcp\pds\probe\synth.py:54: UserWarning: This pattern is interpreted as a regular expression, and has match groups. To actually get the groups, use str.extract.
  if v.str.contains(r"(시|도)\S*\s*\S+(구|군|시)").mean() > 0.6 if not digits.mean() > 0.9 else False:
E:\sources\260928 data_go_mcp\pds\probe\synth.py:54: UserWarning: This pattern is interpreted as a regular expression, and has match groups. To actually get the groups, use str.extract.
  if v.str.contains(r"(시|도)\S*\s*\S+(구|군|시)").mean() > 0.6 if not digits.mean() > 0.9 else False:
E:\sources\260928 data_go_mcp\pds\probe\synth.py:54: UserWarning: This pattern is interpreted as a regular expression, and has match groups. To actually get the groups, use str.extract.
  if v.str.contains(r"(시|도)\S*\s*\S+(구|군|시)").mean() > 0.6 if not digits.mean() > 0.9 else False:
E:\sources\260928 data_go_mcp\pds\probe\synth.py:54: UserWarning: This pattern is interpreted as a regular expression, and has match groups. To actually get the groups, use str.extract.
  if v.str.contains(r"(시|도)\S*\s*\S+(구|군|시)").mean() > 0.6 if not digits.mean() > 0.9 else False:
E:\sources\260928 data_go_mcp\pds\probe\synth.py:54: UserWarning: This pattern is interpreted as a regular expression, and has match groups. To actually get the groups, use str.extract.
  if v.str.contains(r"(시|도)\S*\s*\S+(구|군|시)").mean() > 0.6 if not digits.mean() > 0.9 else False:
E:\sources\260928 data_go_mcp\pds\probe\synth.py:54: UserWarning: This pattern is interpreted as a regular expression, and has match groups. To actually get the groups, use str.extract.
  if v.str.contains(r"(시|도)\S*\s*\S+(구|군|시)").mean() > 0.6 if not digits.mean() > 0.9 else False:
E:\sources\260928 data_go_mcp\pds\probe\synth.py:54: UserWarning: This pattern is interpreted as a regular expression, and has match groups. To actually get the groups, use str.extract.
  if v.str.contains(r"(시|도)\S*\s*\S+(구|군|시)").mean() > 0.6 if not digits.mean() > 0.9 else False:
E:\sources\260928 data_go_mcp\pds\probe\synth.py:54: UserWarning: This pattern is interpreted as a regular expression, and has match groups. To actually get the groups, use str.extract.
  if v.str.contains(r"(시|도)\S*\s*\S+(구|군|시)").mean() > 0.6 if not digits.mean() > 0.9 else False:
E:\sources\260928 data_go_mcp\pds\probe\synth.py:54: UserWarning: This pattern is interpreted as a regular expression, and has match groups. To actually get the groups, use str.extract.
  if v.str.contains(r"(시|도)\S*\s*\S+(구|군|시)").mean() > 0.6 if not digits.mean() > 0.9 else False:
E:\sources\260928 data_go_mcp\pds\probe\synth.py:54: UserWarning: This pattern is interpreted as a regular expression, and has match groups. To actually get the groups, use str.extract.
  if v.str.contains(r"(시|도)\S*\s*\S+(구|군|시)").mean() > 0.6 if not digits.mean() > 0.9 else False:
E:\sources\260928 data_go_mcp\pds\probe\synth.py:54: UserWarning: This pattern is interpreted as a regular expression, and has match groups. To actually get the groups, use str.extract.
  if v.str.contains(r"(시|도)\S*\s*\S+(구|군|시)").mean() > 0.6 if not digits.mean() > 0.9 else False:
E:\sources\260928 data_go_mcp\pds\probe\synth.py:54: UserWarning: This pattern is interpreted as a regular expression, and has match groups. To actually get the groups, use str.extract.
  if v.str.contains(r"(시|도)\S*\s*\S+(구|군|시)").mean() > 0.6 if not digits.mean() > 0.9 else False:
E:\sources\260928 data_go_mcp\pds\probe\synth.py:54: UserWarning: This pattern is interpreted as a regular expression, and has match groups. To actually get the groups, use str.extract.
  if v.str.contains(r"(시|도)\S*\s*\S+(구|군|시)").mean() > 0.6 if not digits.mean() > 0.9 else False:
E:\sources\260928 data_go_mcp\pds\probe\synth.py:54: UserWarning: This pattern is interpreted as a regular expression, and has match groups. To actually get the groups, use str.extract.
  if v.str.contains(r"(시|도)\S*\s*\S+(구|군|시)").mean() > 0.6 if not digits.mean() > 0.9 else False:
E:\sources\260928 data_go_mcp\pds\probe\synth.py:54: UserWarning: This pattern is interpreted as a regular expression, and has match groups. To actually get the groups, use str.extract.
  if v.str.contains(r"(시|도)\S*\s*\S+(구|군|시)").mean() > 0.6 if not digits.mean() > 0.9 else False:
E:\sources\260928 data_go_mcp\pds\probe\synth.py:54: UserWarning: This pattern is interpreted as a regular expression, and has match groups. To actually get the groups, use str.extract.
  if v.str.contains(r"(시|도)\S*\s*\S+(구|군|시)").mean() > 0.6 if not digits.mean() > 0.9 else False:
E:\sources\260928 data_go_mcp\pds\probe\synth.py:54: UserWarning: This pattern is interpreted as a regular expression, and has match groups. To actually get the groups, use str.extract.
  if v.str.contains(r"(시|도)\S*\s*\S+(구|군|시)").mean() > 0.6 if not digits.mean() > 0.9 else False:
E:\sources\260928 data_go_mcp\pds\probe\synth.py:54: UserWarning: This pattern is interpreted as a regular expression, and has match groups. To actually get the groups, use str.extract.
  if v.str.contains(r"(시|도)\S*\s*\S+(구|군|시)").mean() > 0.6 if not digits.mean() > 0.9 else False:
E:\sources\260928 data_go_mcp\pds\probe\synth.py:54: UserWarning: This pattern is interpreted as a regular expression, and has match groups. To actually get the groups, use str.extract.
  if v.str.contains(r"(시|도)\S*\s*\S+(구|군|시)").mean() > 0.6 if not digits.mean() > 0.9 else False:
E:\sources\260928 data_go_mcp\pds\probe\synth.py:54: UserWarning: This pattern is interpreted as a regular expression, and has match groups. To actually get the groups, use str.extract.
  if v.str.contains(r"(시|도)\S*\s*\S+(구|군|시)").mean() > 0.6 if not digits.mean() > 0.9 else False:
E:\sources\260928 data_go_mcp\pds\probe\synth.py:54: UserWarning: This pattern is interpreted as a regular expression, and has match groups. To actually get the groups, use str.extract.
  if v.str.contains(r"(시|도)\S*\s*\S+(구|군|시)").mean() > 0.6 if not digits.mean() > 0.9 else False:
E:\sources\260928 data_go_mcp\pds\probe\synth.py:54: UserWarning: This pattern is interpreted as a regular expression, and has match groups. To actually get the groups, use str.extract.
  if v.str.contains(r"(시|도)\S*\s*\S+(구|군|시)").mean() > 0.6 if not digits.mean() > 0.9 else False:
E:\sources\260928 data_go_mcp\pds\probe\synth.py:54: UserWarning: This pattern is interpreted as a regular expression, and has match groups. To actually get the groups, use str.extract.
  if v.str.contains(r"(시|도)\S*\s*\S+(구|군|시)").mean() > 0.6 if not digits.mean() > 0.9 else False:
E:\sources\260928 data_go_mcp\pds\probe\synth.py:54: UserWarning: This pattern is interpreted as a regular expression, and has match groups. To actually get the groups, use str.extract.
  if v.str.contains(r"(시|도)\S*\s*\S+(구|군|시)").mean() > 0.6 if not digits.mean() > 0.9 else False:
E:\sources\260928 data_go_mcp\pds\probe\synth.py:54: UserWarning: This pattern is interpreted as a regular expression, and has match groups. To actually get the groups, use str.extract.
  if v.str.contains(r"(시|도)\S*\s*\S+(구|군|시)").mean() > 0.6 if not digits.mean() > 0.9 else False:
E:\sources\260928 data_go_mcp\pds\probe\synth.py:54: UserWarning: This pattern is interpreted as a regular expression, and has match groups. To actually get the groups, use str.extract.
  if v.str.contains(r"(시|도)\S*\s*\S+(구|군|시)").mean() > 0.6 if not digits.mean() > 0.9 else False:
E:\sources\260928 data_go_mcp\pds\probe\synth.py:54: UserWarning: This pattern is interpreted as a regular expression, and has match groups. To actually get the groups, use str.extract.
  if v.str.contains(r"(시|도)\S*\s*\S+(구|군|시)").mean() > 0.6 if not digits.mean() > 0.9 else False:
E:\sources\260928 data_go_mcp\pds\probe\synth.py:54: UserWarning: This pattern is interpreted as a regular expression, and has match groups. To actually get the groups, use str.extract.
  if v.str.contains(r"(시|도)\S*\s*\S+(구|군|시)").mean() > 0.6 if not digits.mean() > 0.9 else False:
E:\sources\260928 data_go_mcp\pds\probe\synth.py:54: UserWarning: This pattern is interpreted as a regular expression, and has match groups. To actually get the groups, use str.extract.
  if v.str.contains(r"(시|도)\S*\s*\S+(구|군|시)").mean() > 0.6 if not digits.mean() > 0.9 else False:
E:\sources\260928 data_go_mcp\pds\probe\synth.py:54: UserWarning: This pattern is interpreted as a regular expression, and has match groups. To actually get the groups, use str.extract.
  if v.str.contains(r"(시|도)\S*\s*\S+(구|군|시)").mean() > 0.6 if not digits.mean() > 0.9 else False:
E:\sources\260928 data_go_mcp\pds\probe\synth.py:54: UserWarning: This pattern is interpreted as a regular expression, and has match groups. To actually get the groups, use str.extract.
  if v.str.contains(r"(시|도)\S*\s*\S+(구|군|시)").mean() > 0.6 if not digits.mean() > 0.9 else False:
E:\sources\260928 data_go_mcp\pds\probe\synth.py:54: UserWarning: This pattern is interpreted as a regular expression, and has match groups. To actually get the groups, use str.extract.
  if v.str.contains(r"(시|도)\S*\s*\S+(구|군|시)").mean() > 0.6 if not digits.mean() > 0.9 else False:
E:\sources\260928 data_go_mcp\pds\probe\synth.py:54: UserWarning: This pattern is interpreted as a regular expression, and has match groups. To actually get the groups, use str.extract.
  if v.str.contains(r"(시|도)\S*\s*\S+(구|군|시)").mean() > 0.6 if not digits.mean() > 0.9 else False:
E:\sources\260928 data_go_mcp\pds\probe\synth.py:54: UserWarning: This pattern is interpreted as a regular expression, and has match groups. To actually get the groups, use str.extract.
  if v.str.contains(r"(시|도)\S*\s*\S+(구|군|시)").mean() > 0.6 if not digits.mean() > 0.9 else False:
E:\sources\260928 data_go_mcp\pds\probe\synth.py:54: UserWarning: This pattern is interpreted as a regular expression, and has match groups. To actually get the groups, use str.extract.
  if v.str.contains(r"(시|도)\S*\s*\S+(구|군|시)").mean() > 0.6 if not digits.mean() > 0.9 else False:
E:\sources\260928 data_go_mcp\pds\probe\synth.py:54: UserWarning: This pattern is interpreted as a regular expression, and has match groups. To actually get the groups, use str.extract.
  if v.str.contains(r"(시|도)\S*\s*\S+(구|군|시)").mean() > 0.6 if not digits.mean() > 0.9 else False:
E:\sources\260928 data_go_mcp\pds\probe\synth.py:54: UserWarning: This pattern is interpreted as a regular expression, and has match groups. To actually get the groups, use str.extract.
  if v.str.contains(r"(시|도)\S*\s*\S+(구|군|시)").mean() > 0.6 if not digits.mean() > 0.9 else False:
E:\sources\260928 data_go_mcp\pds\probe\synth.py:54: UserWarning: This pattern is interpreted as a regular expression, and has match groups. To actually get the groups, use str.extract.
  if v.str.contains(r"(시|도)\S*\s*\S+(구|군|시)").mean() > 0.6 if not digits.mean() > 0.9 else False:
E:\sources\260928 data_go_mcp\pds\probe\synth.py:54: UserWarning: This pattern is interpreted as a regular expression, and has match groups. To actually get the groups, use str.extract.
  if v.str.contains(r"(시|도)\S*\s*\S+(구|군|시)").mean() > 0.6 if not digits.mean() > 0.9 else False:
E:\sources\260928 data_go_mcp\pds\probe\synth.py:54: UserWarning: This pattern is interpreted as a regular expression, and has match groups. To actually get the groups, use str.extract.
  if v.str.contains(r"(시|도)\S*\s*\S+(구|군|시)").mean() > 0.6 if not digits.mean() > 0.9 else False:
E:\sources\260928 data_go_mcp\pds\probe\synth.py:54: UserWarning: This pattern is interpreted as a regular expression, and has match groups. To actually get the groups, use str.extract.
  if v.str.contains(r"(시|도)\S*\s*\S+(구|군|시)").mean() > 0.6 if not digits.mean() > 0.9 else False:
E:\sources\260928 data_go_mcp\pds\probe\synth.py:54: UserWarning: This pattern is interpreted as a regular expression, and has match groups. To actually get the groups, use str.extract.
  if v.str.contains(r"(시|도)\S*\s*\S+(구|군|시)").mean() > 0.6 if not digits.mean() > 0.9 else False:
E:\sources\260928 data_go_mcp\pds\probe\synth.py:54: UserWarning: This pattern is interpreted as a regular expression, and has match groups. To actually get the groups, use str.extract.
  if v.str.contains(r"(시|도)\S*\s*\S+(구|군|시)").mean() > 0.6 if not digits.mean() > 0.9 else False:
E:\sources\260928 data_go_mcp\pds\probe\synth.py:54: UserWarning: This pattern is interpreted as a regular expression, and has match groups. To actually get the groups, use str.extract.
  if v.str.contains(r"(시|도)\S*\s*\S+(구|군|시)").mean() > 0.6 if not digits.mean() > 0.9 else False:
E:\sources\260928 data_go_mcp\pds\probe\synth.py:54: UserWarning: This pattern is interpreted as a regular expression, and has match groups. To actually get the groups, use str.extract.
  if v.str.contains(r"(시|도)\S*\s*\S+(구|군|시)").mean() > 0.6 if not digits.mean() > 0.9 else False:
E:\sources\260928 data_go_mcp\pds\probe\synth.py:54: UserWarning: This pattern is interpreted as a regular expression, and has match groups. To actually get the groups, use str.extract.
  if v.str.contains(r"(시|도)\S*\s*\S+(구|군|시)").mean() > 0.6 if not digits.mean() > 0.9 else False:
E:\sources\260928 data_go_mcp\pds\probe\synth.py:54: UserWarning: This pattern is interpreted as a regular expression, and has match groups. To actually get the groups, use str.extract.
  if v.str.contains(r"(시|도)\S*\s*\S+(구|군|시)").mean() > 0.6 if not digits.mean() > 0.9 else False:
E:\sources\260928 data_go_mcp\pds\probe\synth.py:54: UserWarning: This pattern is interpreted as a regular expression, and has match groups. To actually get the groups, use str.extract.
  if v.str.contains(r"(시|도)\S*\s*\S+(구|군|시)").mean() > 0.6 if not digits.mean() > 0.9 else False:
E:\sources\260928 data_go_mcp\pds\probe\synth.py:54: UserWarning: This pattern is interpreted as a regular expression, and has match groups. To actually get the groups, use str.extract.
  if v.str.contains(r"(시|도)\S*\s*\S+(구|군|시)").mean() > 0.6 if not digits.mean() > 0.9 else False:
E:\sources\260928 data_go_mcp\pds\probe\synth.py:54: UserWarning: This pattern is interpreted as a regular expression, and has match groups. To actually get the groups, use str.extract.
  if v.str.contains(r"(시|도)\S*\s*\S+(구|군|시)").mean() > 0.6 if not digits.mean() > 0.9 else False:
E:\sources\260928 data_go_mcp\pds\probe\synth.py:54: UserWarning: This pattern is interpreted as a regular expression, and has match groups. To actually get the groups, use str.extract.
  if v.str.contains(r"(시|도)\S*\s*\S+(구|군|시)").mean() > 0.6 if not digits.mean() > 0.9 else False:
E:\sources\260928 data_go_mcp\pds\probe\synth.py:54: UserWarning: This pattern is interpreted as a regular expression, and has match groups. To actually get the groups, use str.extract.
  if v.str.contains(r"(시|도)\S*\s*\S+(구|군|시)").mean() > 0.6 if not digits.mean() > 0.9 else False:
E:\sources\260928 data_go_mcp\pds\probe\synth.py:54: UserWarning: This pattern is interpreted as a regular expression, and has match groups. To actually get the groups, use str.extract.
  if v.str.contains(r"(시|도)\S*\s*\S+(구|군|시)").mean() > 0.6 if not digits.mean() > 0.9 else False:
E:\sources\260928 data_go_mcp\pds\probe\synth.py:54: UserWarning: This pattern is interpreted as a regular expression, and has match groups. To actually get the groups, use str.extract.
  if v.str.contains(r"(시|도)\S*\s*\S+(구|군|시)").mean() > 0.6 if not digits.mean() > 0.9 else False:
E:\sources\260928 data_go_mcp\pds\probe\synth.py:54: UserWarning: This pattern is interpreted as a regular expression, and has match groups. To actually get the groups, use str.extract.
  if v.str.contains(r"(시|도)\S*\s*\S+(구|군|시)").mean() > 0.6 if not digits.mean() > 0.9 else False:
E:\sources\260928 data_go_mcp\pds\probe\synth.py:54: UserWarning: This pattern is interpreted as a regular expression, and has match groups. To actually get the groups, use str.extract.
  if v.str.contains(r"(시|도)\S*\s*\S+(구|군|시)").mean() > 0.6 if not digits.mean() > 0.9 else False:
E:\sources\260928 data_go_mcp\pds\probe\synth.py:54: UserWarning: This pattern is interpreted as a regular expression, and has match groups. To actually get the groups, use str.extract.
  if v.str.contains(r"(시|도)\S*\s*\S+(구|군|시)").mean() > 0.6 if not digits.mean() > 0.9 else False:
E:\sources\260928 data_go_mcp\pds\probe\synth.py:54: UserWarning: This pattern is interpreted as a regular expression, and has match groups. To actually get the groups, use str.extract.
  if v.str.contains(r"(시|도)\S*\s*\S+(구|군|시)").mean() > 0.6 if not digits.mean() > 0.9 else False:
E:\sources\260928 data_go_mcp\pds\probe\synth.py:54: UserWarning: This pattern is interpreted as a regular expression, and has match groups. To actually get the groups, use str.extract.
  if v.str.contains(r"(시|도)\S*\s*\S+(구|군|시)").mean() > 0.6 if not digits.mean() > 0.9 else False:
E:\sources\260928 data_go_mcp\pds\probe\synth.py:54: UserWarning: This pattern is interpreted as a regular expression, and has match groups. To actually get the groups, use str.extract.
  if v.str.contains(r"(시|도)\S*\s*\S+(구|군|시)").mean() > 0.6 if not digits.mean() > 0.9 else False:
E:\sources\260928 data_go_mcp\pds\probe\synth.py:54: UserWarning: This pattern is interpreted as a regular expression, and has match groups. To actually get the groups, use str.extract.
  if v.str.contains(r"(시|도)\S*\s*\S+(구|군|시)").mean() > 0.6 if not digits.mean() > 0.9 else False:
E:\sources\260928 data_go_mcp\pds\probe\synth.py:54: UserWarning: This pattern is interpreted as a regular expression, and has match groups. To actually get the groups, use str.extract.
  if v.str.contains(r"(시|도)\S*\s*\S+(구|군|시)").mean() > 0.6 if not digits.mean() > 0.9 else False:
E:\sources\260928 data_go_mcp\pds\probe\synth.py:54: UserWarning: This pattern is interpreted as a regular expression, and has match groups. To actually get the groups, use str.extract.
  if v.str.contains(r"(시|도)\S*\s*\S+(구|군|시)").mean() > 0.6 if not digits.mean() > 0.9 else False:
E:\sources\260928 data_go_mcp\pds\probe\synth.py:54: UserWarning: This pattern is interpreted as a regular expression, and has match groups. To actually get the groups, use str.extract.
  if v.str.contains(r"(시|도)\S*\s*\S+(구|군|시)").mean() > 0.6 if not digits.mean() > 0.9 else False:
E:\sources\260928 data_go_mcp\pds\probe\synth.py:54: UserWarning: This pattern is interpreted as a regular expression, and has match groups. To actually get the groups, use str.extract.
  if v.str.contains(r"(시|도)\S*\s*\S+(구|군|시)").mean() > 0.6 if not digits.mean() > 0.9 else False:
E:\sources\260928 data_go_mcp\pds\probe\synth.py:54: UserWarning: This pattern is interpreted as a regular expression, and has match groups. To actually get the groups, use str.extract.
  if v.str.contains(r"(시|도)\S*\s*\S+(구|군|시)").mean() > 0.6 if not digits.mean() > 0.9 else False:
E:\sources\260928 data_go_mcp\pds\probe\synth.py:54: UserWarning: This pattern is interpreted as a regular expression, and has match groups. To actually get the groups, use str.extract.
  if v.str.contains(r"(시|도)\S*\s*\S+(구|군|시)").mean() > 0.6 if not digits.mean() > 0.9 else False:
E:\sources\260928 data_go_mcp\pds\probe\synth.py:54: UserWarning: This pattern is interpreted as a regular expression, and has match groups. To actually get the groups, use str.extract.
  if v.str.contains(r"(시|도)\S*\s*\S+(구|군|시)").mean() > 0.6 if not digits.mean() > 0.9 else False:
E:\sources\260928 data_go_mcp\pds\probe\synth.py:54: UserWarning: This pattern is interpreted as a regular expression, and has match groups. To actually get the groups, use str.extract.
  if v.str.contains(r"(시|도)\S*\s*\S+(구|군|시)").mean() > 0.6 if not digits.mean() > 0.9 else False:
E:\sources\260928 data_go_mcp\pds\probe\synth.py:54: UserWarning: This pattern is interpreted as a regular expression, and has match groups. To actually get the groups, use str.extract.
  if v.str.contains(r"(시|도)\S*\s*\S+(구|군|시)").mean() > 0.6 if not digits.mean() > 0.9 else False:
E:\sources\260928 data_go_mcp\pds\probe\synth.py:54: UserWarning: This pattern is interpreted as a regular expression, and has match groups. To actually get the groups, use str.extract.
  if v.str.contains(r"(시|도)\S*\s*\S+(구|군|시)").mean() > 0.6 if not digits.mean() > 0.9 else False:
E:\sources\260928 data_go_mcp\pds\probe\synth.py:54: UserWarning: This pattern is interpreted as a regular expression, and has match groups. To actually get the groups, use str.extract.
  if v.str.contains(r"(시|도)\S*\s*\S+(구|군|시)").mean() > 0.6 if not digits.mean() > 0.9 else False:
E:\sources\260928 data_go_mcp\pds\probe\synth.py:54: UserWarning: This pattern is interpreted as a regular expression, and has match groups. To actually get the groups, use str.extract.
  if v.str.contains(r"(시|도)\S*\s*\S+(구|군|시)").mean() > 0.6 if not digits.mean() > 0.9 else False:
E:\sources\260928 data_go_mcp\pds\probe\synth.py:54: UserWarning: This pattern is interpreted as a regular expression, and has match groups. To actually get the groups, use str.extract.
  if v.str.contains(r"(시|도)\S*\s*\S+(구|군|시)").mean() > 0.6 if not digits.mean() > 0.9 else False:
E:\sources\260928 data_go_mcp\pds\probe\synth.py:54: UserWarning: This pattern is interpreted as a regular expression, and has match groups. To actually get the groups, use str.extract.
  if v.str.contains(r"(시|도)\S*\s*\S+(구|군|시)").mean() > 0.6 if not digits.mean() > 0.9 else False:
E:\sources\260928 data_go_mcp\pds\probe\synth.py:54: UserWarning: This pattern is interpreted as a regular expression, and has match groups. To actually get the groups, use str.extract.
  if v.str.contains(r"(시|도)\S*\s*\S+(구|군|시)").mean() > 0.6 if not digits.mean() > 0.9 else False:
E:\sources\260928 data_go_mcp\pds\probe\synth.py:54: UserWarning: This pattern is interpreted as a regular expression, and has match groups. To actually get the groups, use str.extract.
  if v.str.contains(r"(시|도)\S*\s*\S+(구|군|시)").mean() > 0.6 if not digits.mean() > 0.9 else False:
E:\sources\260928 data_go_mcp\pds\probe\synth.py:54: UserWarning: This pattern is interpreted as a regular expression, and has match groups. To actually get the groups, use str.extract.
  if v.str.contains(r"(시|도)\S*\s*\S+(구|군|시)").mean() > 0.6 if not digits.mean() > 0.9 else False:
E:\sources\260928 data_go_mcp\pds\probe\synth.py:54: UserWarning: This pattern is interpreted as a regular expression, and has match groups. To actually get the groups, use str.extract.
  if v.str.contains(r"(시|도)\S*\s*\S+(구|군|시)").mean() > 0.6 if not digits.mean() > 0.9 else False:
E:\sources\260928 data_go_mcp\pds\probe\synth.py:54: UserWarning: This pattern is interpreted as a regular expression, and has match groups. To actually get the groups, use str.extract.
  if v.str.contains(r"(시|도)\S*\s*\S+(구|군|시)").mean() > 0.6 if not digits.mean() > 0.9 else False:
E:\sources\260928 data_go_mcp\pds\probe\synth.py:54: UserWarning: This pattern is interpreted as a regular expression, and has match groups. To actually get the groups, use str.extract.
  if v.str.contains(r"(시|도)\S*\s*\S+(구|군|시)").mean() > 0.6 if not digits.mean() > 0.9 else False:
E:\sources\260928 data_go_mcp\pds\probe\synth.py:54: UserWarning: This pattern is interpreted as a regular expression, and has match groups. To actually get the groups, use str.extract.
  if v.str.contains(r"(시|도)\S*\s*\S+(구|군|시)").mean() > 0.6 if not digits.mean() > 0.9 else False:
E:\sources\260928 data_go_mcp\pds\probe\synth.py:54: UserWarning: This pattern is interpreted as a regular expression, and has match groups. To actually get the groups, use str.extract.
  if v.str.contains(r"(시|도)\S*\s*\S+(구|군|시)").mean() > 0.6 if not digits.mean() > 0.9 else False:
E:\sources\260928 data_go_mcp\pds\probe\synth.py:54: UserWarning: This pattern is interpreted as a regular expression, and has match groups. To actually get the groups, use str.extract.
  if v.str.contains(r"(시|도)\S*\s*\S+(구|군|시)").mean() > 0.6 if not digits.mean() > 0.9 else False:
E:\sources\260928 data_go_mcp\pds\probe\synth.py:54: UserWarning: This pattern is interpreted as a regular expression, and has match groups. To actually get the groups, use str.extract.
  if v.str.contains(r"(시|도)\S*\s*\S+(구|군|시)").mean() > 0.6 if not digits.mean() > 0.9 else False:
E:\sources\260928 data_go_mcp\pds\probe\synth.py:54: UserWarning: This pattern is interpreted as a regular expression, and has match groups. To actually get the groups, use str.extract.
  if v.str.contains(r"(시|도)\S*\s*\S+(구|군|시)").mean() > 0.6 if not digits.mean() > 0.9 else False:
E:\sources\260928 data_go_mcp\pds\probe\synth.py:54: UserWarning: This pattern is interpreted as a regular expression, and has match groups. To actually get the groups, use str.extract.
  if v.str.contains(r"(시|도)\S*\s*\S+(구|군|시)").mean() > 0.6 if not digits.mean() > 0.9 else False:
E:\sources\260928 data_go_mcp\pds\probe\synth.py:54: UserWarning: This pattern is interpreted as a regular expression, and has match groups. To actually get the groups, use str.extract.
  if v.str.contains(r"(시|도)\S*\s*\S+(구|군|시)").mean() > 0.6 if not digits.mean() > 0.9 else False:
E:\sources\260928 data_go_mcp\pds\probe\synth.py:54: UserWarning: This pattern is interpreted as a regular expression, and has match groups. To actually get the groups, use str.extract.
  if v.str.contains(r"(시|도)\S*\s*\S+(구|군|시)").mean() > 0.6 if not digits.mean() > 0.9 else False:
E:\sources\260928 data_go_mcp\pds\probe\synth.py:54: UserWarning: This pattern is interpreted as a regular expression, and has match groups. To actually get the groups, use str.extract.
  if v.str.contains(r"(시|도)\S*\s*\S+(구|군|시)").mean() > 0.6 if not digits.mean() > 0.9 else False:
E:\sources\260928 data_go_mcp\pds\probe\synth.py:54: UserWarning: This pattern is interpreted as a regular expression, and has match groups. To actually get the groups, use str.extract.
  if v.str.contains(r"(시|도)\S*\s*\S+(구|군|시)").mean() > 0.6 if not digits.mean() > 0.9 else False:
E:\sources\260928 data_go_mcp\pds\probe\synth.py:54: UserWarning: This pattern is interpreted as a regular expression, and has match groups. To actually get the groups, use str.extract.
  if v.str.contains(r"(시|도)\S*\s*\S+(구|군|시)").mean() > 0.6 if not digits.mean() > 0.9 else False:
E:\sources\260928 data_go_mcp\pds\probe\synth.py:54: UserWarning: This pattern is interpreted as a regular expression, and has match groups. To actually get the groups, use str.extract.
  if v.str.contains(r"(시|도)\S*\s*\S+(구|군|시)").mean() > 0.6 if not digits.mean() > 0.9 else False:
E:\sources\260928 data_go_mcp\pds\probe\synth.py:54: UserWarning: This pattern is interpreted as a regular expression, and has match groups. To actually get the groups, use str.extract.
  if v.str.contains(r"(시|도)\S*\s*\S+(구|군|시)").mean() > 0.6 if not digits.mean() > 0.9 else False:
E:\sources\260928 data_go_mcp\pds\probe\synth.py:54: UserWarning: This pattern is interpreted as a regular expression, and has match groups. To actually get the groups, use str.extract.
  if v.str.contains(r"(시|도)\S*\s*\S+(구|군|시)").mean() > 0.6 if not digits.mean() > 0.9 else False:
E:\sources\260928 data_go_mcp\pds\probe\synth.py:54: UserWarning: This pattern is interpreted as a regular expression, and has match groups. To actually get the groups, use str.extract.
  if v.str.contains(r"(시|도)\S*\s*\S+(구|군|시)").mean() > 0.6 if not digits.mean() > 0.9 else False:
E:\sources\260928 data_go_mcp\pds\probe\synth.py:54: UserWarning: This pattern is interpreted as a regular expression, and has match groups. To actually get the groups, use str.extract.
  if v.str.contains(r"(시|도)\S*\s*\S+(구|군|시)").mean() > 0.6 if not digits.mean() > 0.9 else False:
E:\sources\260928 data_go_mcp\pds\probe\synth.py:54: UserWarning: This pattern is interpreted as a regular expression, and has match groups. To actually get the groups, use str.extract.
  if v.str.contains(r"(시|도)\S*\s*\S+(구|군|시)").mean() > 0.6 if not digits.mean() > 0.9 else False:
E:\sources\260928 data_go_mcp\pds\probe\synth.py:54: UserWarning: This pattern is interpreted as a regular expression, and has match groups. To actually get the groups, use str.extract.
  if v.str.contains(r"(시|도)\S*\s*\S+(구|군|시)").mean() > 0.6 if not digits.mean() > 0.9 else False:
E:\sources\260928 data_go_mcp\pds\probe\synth.py:54: UserWarning: This pattern is interpreted as a regular expression, and has match groups. To actually get the groups, use str.extract.
  if v.str.contains(r"(시|도)\S*\s*\S+(구|군|시)").mean() > 0.6 if not digits.mean() > 0.9 else False:
E:\sources\260928 data_go_mcp\pds\probe\synth.py:54: UserWarning: This pattern is interpreted as a regular expression, and has match groups. To actually get the groups, use str.extract.
  if v.str.contains(r"(시|도)\S*\s*\S+(구|군|시)").mean() > 0.6 if not digits.mean() > 0.9 else False:
E:\sources\260928 data_go_mcp\pds\probe\synth.py:54: UserWarning: This pattern is interpreted as a regular expression, and has match groups. To actually get the groups, use str.extract.
  if v.str.contains(r"(시|도)\S*\s*\S+(구|군|시)").mean() > 0.6 if not digits.mean() > 0.9 else False:
E:\sources\260928 data_go_mcp\pds\probe\synth.py:54: UserWarning: This pattern is interpreted as a regular expression, and has match groups. To actually get the groups, use str.extract.
  if v.str.contains(r"(시|도)\S*\s*\S+(구|군|시)").mean() > 0.6 if not digits.mean() > 0.9 else False:
E:\sources\260928 data_go_mcp\pds\probe\synth.py:54: UserWarning: This pattern is interpreted as a regular expression, and has match groups. To actually get the groups, use str.extract.
  if v.str.contains(r"(시|도)\S*\s*\S+(구|군|시)").mean() > 0.6 if not digits.mean() > 0.9 else False:
E:\sources\260928 data_go_mcp\pds\probe\synth.py:54: UserWarning: This pattern is interpreted as a regular expression, and has match groups. To actually get the groups, use str.extract.
  if v.str.contains(r"(시|도)\S*\s*\S+(구|군|시)").mean() > 0.6 if not digits.mean() > 0.9 else False:
E:\sources\260928 data_go_mcp\pds\probe\synth.py:54: UserWarning: This pattern is interpreted as a regular expression, and has match groups. To actually get the groups, use str.extract.
  if v.str.contains(r"(시|도)\S*\s*\S+(구|군|시)").mean() > 0.6 if not digits.mean() > 0.9 else False:
E:\sources\260928 data_go_mcp\pds\probe\synth.py:54: UserWarning: This pattern is interpreted as a regular expression, and has match groups. To actually get the groups, use str.extract.
  if v.str.contains(r"(시|도)\S*\s*\S+(구|군|시)").mean() > 0.6 if not digits.mean() > 0.9 else False:
E:\sources\260928 data_go_mcp\pds\probe\synth.py:54: UserWarning: This pattern is interpreted as a regular expression, and has match groups. To actually get the groups, use str.extract.
  if v.str.contains(r"(시|도)\S*\s*\S+(구|군|시)").mean() > 0.6 if not digits.mean() > 0.9 else False:
E:\sources\260928 data_go_mcp\pds\probe\synth.py:54: UserWarning: This pattern is interpreted as a regular expression, and has match groups. To actually get the groups, use str.extract.
  if v.str.contains(r"(시|도)\S*\s*\S+(구|군|시)").mean() > 0.6 if not digits.mean() > 0.9 else False:
E:\sources\260928 data_go_mcp\pds\probe\synth.py:54: UserWarning: This pattern is interpreted as a regular expression, and has match groups. To actually get the groups, use str.extract.
  if v.str.contains(r"(시|도)\S*\s*\S+(구|군|시)").mean() > 0.6 if not digits.mean() > 0.9 else False:
E:\sources\260928 data_go_mcp\pds\probe\synth.py:54: UserWarning: This pattern is interpreted as a regular expression, and has match groups. To actually get the groups, use str.extract.
  if v.str.contains(r"(시|도)\S*\s*\S+(구|군|시)").mean() > 0.6 if not digits.mean() > 0.9 else False:
E:\sources\260928 data_go_mcp\pds\probe\synth.py:54: UserWarning: This pattern is interpreted as a regular expression, and has match groups. To actually get the groups, use str.extract.
  if v.str.contains(r"(시|도)\S*\s*\S+(구|군|시)").mean() > 0.6 if not digits.mean() > 0.9 else False:
E:\sources\260928 data_go_mcp\pds\probe\synth.py:54: UserWarning: This pattern is interpreted as a regular expression, and has match groups. To actually get the groups, use str.extract.
  if v.str.contains(r"(시|도)\S*\s*\S+(구|군|시)").mean() > 0.6 if not digits.mean() > 0.9 else False:
E:\sources\260928 data_go_mcp\pds\probe\synth.py:54: UserWarning: This pattern is interpreted as a regular expression, and has match groups. To actually get the groups, use str.extract.
  if v.str.contains(r"(시|도)\S*\s*\S+(구|군|시)").mean() > 0.6 if not digits.mean() > 0.9 else False:
E:\sources\260928 data_go_mcp\pds\probe\synth.py:54: UserWarning: This pattern is interpreted as a regular expression, and has match groups. To actually get the groups, use str.extract.
  if v.str.contains(r"(시|도)\S*\s*\S+(구|군|시)").mean() > 0.6 if not digits.mean() > 0.9 else False:
E:\sources\260928 data_go_mcp\pds\probe\synth.py:54: UserWarning: This pattern is interpreted as a regular expression, and has match groups. To actually get the groups, use str.extract.
  if v.str.contains(r"(시|도)\S*\s*\S+(구|군|시)").mean() > 0.6 if not digits.mean() > 0.9 else False:
E:\sources\260928 data_go_mcp\pds\probe\synth.py:54: UserWarning: This pattern is interpreted as a regular expression, and has match groups. To actually get the groups, use str.extract.
  if v.str.contains(r"(시|도)\S*\s*\S+(구|군|시)").mean() > 0.6 if not digits.mean() > 0.9 else False:
E:\sources\260928 data_go_mcp\pds\probe\synth.py:54: UserWarning: This pattern is interpreted as a regular expression, and has match groups. To actually get the groups, use str.extract.
  if v.str.contains(r"(시|도)\S*\s*\S+(구|군|시)").mean() > 0.6 if not digits.mean() > 0.9 else False:
E:\sources\260928 data_go_mcp\pds\probe\synth.py:54: UserWarning: This pattern is interpreted as a regular expression, and has match groups. To actually get the groups, use str.extract.
  if v.str.contains(r"(시|도)\S*\s*\S+(구|군|시)").mean() > 0.6 if not digits.mean() > 0.9 else False:
E:\sources\260928 data_go_mcp\pds\probe\synth.py:54: UserWarning: This pattern is interpreted as a regular expression, and has match groups. To actually get the groups, use str.extract.
  if v.str.contains(r"(시|도)\S*\s*\S+(구|군|시)").mean() > 0.6 if not digits.mean() > 0.9 else False:
E:\sources\260928 data_go_mcp\pds\probe\synth.py:54: UserWarning: This pattern is interpreted as a regular expression, and has match groups. To actually get the groups, use str.extract.
  if v.str.contains(r"(시|도)\S*\s*\S+(구|군|시)").mean() > 0.6 if not digits.mean() > 0.9 else False:
E:\sources\260928 data_go_mcp\pds\probe\synth.py:54: UserWarning: This pattern is interpreted as a regular expression, and has match groups. To actually get the groups, use str.extract.
  if v.str.contains(r"(시|도)\S*\s*\S+(구|군|시)").mean() > 0.6 if not digits.mean() > 0.9 else False:
E:\sources\260928 data_go_mcp\pds\probe\synth.py:54: UserWarning: This pattern is interpreted as a regular expression, and has match groups. To actually get the groups, use str.extract.
  if v.str.contains(r"(시|도)\S*\s*\S+(구|군|시)").mean() > 0.6 if not digits.mean() > 0.9 else False:
E:\sources\260928 data_go_mcp\pds\probe\synth.py:54: UserWarning: This pattern is interpreted as a regular expression, and has match groups. To actually get the groups, use str.extract.
  if v.str.contains(r"(시|도)\S*\s*\S+(구|군|시)").mean() > 0.6 if not digits.mean() > 0.9 else False:
E:\sources\260928 data_go_mcp\pds\probe\synth.py:54: UserWarning: This pattern is interpreted as a regular expression, and has match groups. To actually get the groups, use str.extract.
  if v.str.contains(r"(시|도)\S*\s*\S+(구|군|시)").mean() > 0.6 if not digits.mean() > 0.9 else False:
E:\sources\260928 data_go_mcp\pds\probe\synth.py:54: UserWarning: This pattern is interpreted as a regular expression, and has match groups. To actually get the groups, use str.extract.
  if v.str.contains(r"(시|도)\S*\s*\S+(구|군|시)").mean() > 0.6 if not digits.mean() > 0.9 else False:
E:\sources\260928 data_go_mcp\pds\probe\synth.py:54: UserWarning: This pattern is interpreted as a regular expression, and has match groups. To actually get the groups, use str.extract.
  if v.str.contains(r"(시|도)\S*\s*\S+(구|군|시)").mean() > 0.6 if not digits.mean() > 0.9 else False:
E:\sources\260928 data_go_mcp\pds\probe\synth.py:54: UserWarning: This pattern is interpreted as a regular expression, and has match groups. To actually get the groups, use str.extract.
  if v.str.contains(r"(시|도)\S*\s*\S+(구|군|시)").mean() > 0.6 if not digits.mean() > 0.9 else False:
E:\sources\260928 data_go_mcp\pds\probe\synth.py:54: UserWarning: This pattern is interpreted as a regular expression, and has match groups. To actually get the groups, use str.extract.
  if v.str.contains(r"(시|도)\S*\s*\S+(구|군|시)").mean() > 0.6 if not digits.mean() > 0.9 else False:
E:\sources\260928 data_go_mcp\pds\probe\synth.py:54: UserWarning: This pattern is interpreted as a regular expression, and has match groups. To actually get the groups, use str.extract.
  if v.str.contains(r"(시|도)\S*\s*\S+(구|군|시)").mean() > 0.6 if not digits.mean() > 0.9 else False:
E:\sources\260928 data_go_mcp\pds\probe\synth.py:54: UserWarning: This pattern is interpreted as a regular expression, and has match groups. To actually get the groups, use str.extract.
  if v.str.contains(r"(시|도)\S*\s*\S+(구|군|시)").mean() > 0.6 if not digits.mean() > 0.9 else False:
E:\sources\260928 data_go_mcp\pds\probe\synth.py:54: UserWarning: This pattern is interpreted as a regular expression, and has match groups. To actually get the groups, use str.extract.
  if v.str.contains(r"(시|도)\S*\s*\S+(구|군|시)").mean() > 0.6 if not digits.mean() > 0.9 else False:
E:\sources\260928 data_go_mcp\pds\probe\synth.py:54: UserWarning: This pattern is interpreted as a regular expression, and has match groups. To actually get the groups, use str.extract.
  if v.str.contains(r"(시|도)\S*\s*\S+(구|군|시)").mean() > 0.6 if not digits.mean() > 0.9 else False:
E:\sources\260928 data_go_mcp\pds\probe\synth.py:54: UserWarning: This pattern is interpreted as a regular expression, and has match groups. To actually get the groups, use str.extract.
  if v.str.contains(r"(시|도)\S*\s*\S+(구|군|시)").mean() > 0.6 if not digits.mean() > 0.9 else False:
E:\sources\260928 data_go_mcp\pds\probe\synth.py:54: UserWarning: This pattern is interpreted as a regular expression, and has match groups. To actually get the groups, use str.extract.
  if v.str.contains(r"(시|도)\S*\s*\S+(구|군|시)").mean() > 0.6 if not digits.mean() > 0.9 else False:
E:\sources\260928 data_go_mcp\pds\probe\synth.py:54: UserWarning: This pattern is interpreted as a regular expression, and has match groups. To actually get the groups, use str.extract.
  if v.str.contains(r"(시|도)\S*\s*\S+(구|군|시)").mean() > 0.6 if not digits.mean() > 0.9 else False:
E:\sources\260928 data_go_mcp\pds\probe\synth.py:54: UserWarning: This pattern is interpreted as a regular expression, and has match groups. To actually get the groups, use str.extract.
  if v.str.contains(r"(시|도)\S*\s*\S+(구|군|시)").mean() > 0.6 if not digits.mean() > 0.9 else False:
E:\sources\260928 data_go_mcp\pds\probe\synth.py:54: UserWarning: This pattern is interpreted as a regular expression, and has match groups. To actually get the groups, use str.extract.
  if v.str.contains(r"(시|도)\S*\s*\S+(구|군|시)").mean() > 0.6 if not digits.mean() > 0.9 else False:
E:\sources\260928 data_go_mcp\pds\probe\synth.py:54: UserWarning: This pattern is interpreted as a regular expression, and has match groups. To actually get the groups, use str.extract.
  if v.str.contains(r"(시|도)\S*\s*\S+(구|군|시)").mean() > 0.6 if not digits.mean() > 0.9 else False:
E:\sources\260928 data_go_mcp\pds\probe\synth.py:54: UserWarning: This pattern is interpreted as a regular expression, and has match groups. To actually get the groups, use str.extract.
  if v.str.contains(r"(시|도)\S*\s*\S+(구|군|시)").mean() > 0.6 if not digits.mean() > 0.9 else False:
E:\sources\260928 data_go_mcp\pds\probe\synth.py:54: UserWarning: This pattern is interpreted as a regular expression, and has match groups. To actually get the groups, use str.extract.
  if v.str.contains(r"(시|도)\S*\s*\S+(구|군|시)").mean() > 0.6 if not digits.mean() > 0.9 else False:
E:\sources\260928 data_go_mcp\pds\probe\synth.py:54: UserWarning: This pattern is interpreted as a regular expression, and has match groups. To actually get the groups, use str.extract.
  if v.str.contains(r"(시|도)\S*\s*\S+(구|군|시)").mean() > 0.6 if not digits.mean() > 0.9 else False:
E:\sources\260928 data_go_mcp\pds\probe\synth.py:54: UserWarning: This pattern is interpreted as a regular expression, and has match groups. To actually get the groups, use str.extract.
  if v.str.contains(r"(시|도)\S*\s*\S+(구|군|시)").mean() > 0.6 if not digits.mean() > 0.9 else False:
E:\sources\260928 data_go_mcp\pds\probe\synth.py:54: UserWarning: This pattern is interpreted as a regular expression, and has match groups. To actually get the groups, use str.extract.
  if v.str.contains(r"(시|도)\S*\s*\S+(구|군|시)").mean() > 0.6 if not digits.mean() > 0.9 else False:
E:\sources\260928 data_go_mcp\pds\probe\synth.py:54: UserWarning: This pattern is interpreted as a regular expression, and has match groups. To actually get the groups, use str.extract.
  if v.str.contains(r"(시|도)\S*\s*\S+(구|군|시)").mean() > 0.6 if not digits.mean() > 0.9 else False:
E:\sources\260928 data_go_mcp\pds\probe\synth.py:54: UserWarning: This pattern is interpreted as a regular expression, and has match groups. To actually get the groups, use str.extract.
  if v.str.contains(r"(시|도)\S*\s*\S+(구|군|시)").mean() > 0.6 if not digits.mean() > 0.9 else False:
E:\sources\260928 data_go_mcp\pds\probe\synth.py:54: UserWarning: This pattern is interpreted as a regular expression, and has match groups. To actually get the groups, use str.extract.
  if v.str.contains(r"(시|도)\S*\s*\S+(구|군|시)").mean() > 0.6 if not digits.mean() > 0.9 else False:
E:\sources\260928 data_go_mcp\pds\probe\synth.py:54: UserWarning: This pattern is interpreted as a regular expression, and has match groups. To actually get the groups, use str.extract.
  if v.str.contains(r"(시|도)\S*\s*\S+(구|군|시)").mean() > 0.6 if not digits.mean() > 0.9 else False:
E:\sources\260928 data_go_mcp\pds\probe\synth.py:54: UserWarning: This pattern is interpreted as a regular expression, and has match groups. To actually get the groups, use str.extract.
  if v.str.contains(r"(시|도)\S*\s*\S+(구|군|시)").mean() > 0.6 if not digits.mean() > 0.9 else False:
E:\sources\260928 data_go_mcp\pds\probe\synth.py:54: UserWarning: This pattern is interpreted as a regular expression, and has match groups. To actually get the groups, use str.extract.
  if v.str.contains(r"(시|도)\S*\s*\S+(구|군|시)").mean() > 0.6 if not digits.mean() > 0.9 else False:
E:\sources\260928 data_go_mcp\pds\probe\synth.py:54: UserWarning: This pattern is interpreted as a regular expression, and has match groups. To actually get the groups, use str.extract.
  if v.str.contains(r"(시|도)\S*\s*\S+(구|군|시)").mean() > 0.6 if not digits.mean() > 0.9 else False:
E:\sources\260928 data_go_mcp\pds\probe\synth.py:54: UserWarning: This pattern is interpreted as a regular expression, and has match groups. To actually get the groups, use str.extract.
  if v.str.contains(r"(시|도)\S*\s*\S+(구|군|시)").mean() > 0.6 if not digits.mean() > 0.9 else False:
E:\sources\260928 data_go_mcp\pds\probe\synth.py:54: UserWarning: This pattern is interpreted as a regular expression, and has match groups. To actually get the groups, use str.extract.
  if v.str.contains(r"(시|도)\S*\s*\S+(구|군|시)").mean() > 0.6 if not digits.mean() > 0.9 else False:
E:\sources\260928 data_go_mcp\pds\probe\synth.py:54: UserWarning: This pattern is interpreted as a regular expression, and has match groups. To actually get the groups, use str.extract.
  if v.str.contains(r"(시|도)\S*\s*\S+(구|군|시)").mean() > 0.6 if not digits.mean() > 0.9 else False:
E:\sources\260928 data_go_mcp\pds\probe\synth.py:54: UserWarning: This pattern is interpreted as a regular expression, and has match groups. To actually get the groups, use str.extract.
  if v.str.contains(r"(시|도)\S*\s*\S+(구|군|시)").mean() > 0.6 if not digits.mean() > 0.9 else False:
E:\sources\260928 data_go_mcp\pds\probe\synth.py:54: UserWarning: This pattern is interpreted as a regular expression, and has match groups. To actually get the groups, use str.extract.
  if v.str.contains(r"(시|도)\S*\s*\S+(구|군|시)").mean() > 0.6 if not digits.mean() > 0.9 else False:
E:\sources\260928 data_go_mcp\pds\probe\synth.py:54: UserWarning: This pattern is interpreted as a regular expression, and has match groups. To actually get the groups, use str.extract.
  if v.str.contains(r"(시|도)\S*\s*\S+(구|군|시)").mean() > 0.6 if not digits.mean() > 0.9 else False:
E:\sources\260928 data_go_mcp\pds\probe\synth.py:54: UserWarning: This pattern is interpreted as a regular expression, and has match groups. To actually get the groups, use str.extract.
  if v.str.contains(r"(시|도)\S*\s*\S+(구|군|시)").mean() > 0.6 if not digits.mean() > 0.9 else False:
E:\sources\260928 data_go_mcp\pds\probe\synth.py:54: UserWarning: This pattern is interpreted as a regular expression, and has match groups. To actually get the groups, use str.extract.
  if v.str.contains(r"(시|도)\S*\s*\S+(구|군|시)").mean() > 0.6 if not digits.mean() > 0.9 else False:
E:\sources\260928 data_go_mcp\pds\probe\synth.py:54: UserWarning: This pattern is interpreted as a regular expression, and has match groups. To actually get the groups, use str.extract.
  if v.str.contains(r"(시|도)\S*\s*\S+(구|군|시)").mean() > 0.6 if not digits.mean() > 0.9 else False:
E:\sources\260928 data_go_mcp\pds\probe\synth.py:54: UserWarning: This pattern is interpreted as a regular expression, and has match groups. To actually get the groups, use str.extract.
  if v.str.contains(r"(시|도)\S*\s*\S+(구|군|시)").mean() > 0.6 if not digits.mean() > 0.9 else False:
E:\sources\260928 data_go_mcp\pds\probe\synth.py:54: UserWarning: This pattern is interpreted as a regular expression, and has match groups. To actually get the groups, use str.extract.
  if v.str.contains(r"(시|도)\S*\s*\S+(구|군|시)").mean() > 0.6 if not digits.mean() > 0.9 else False:
E:\sources\260928 data_go_mcp\pds\probe\synth.py:54: UserWarning: This pattern is interpreted as a regular expression, and has match groups. To actually get the groups, use str.extract.
  if v.str.contains(r"(시|도)\S*\s*\S+(구|군|시)").mean() > 0.6 if not digits.mean() > 0.9 else False:
E:\sources\260928 data_go_mcp\pds\probe\synth.py:54: UserWarning: This pattern is interpreted as a regular expression, and has match groups. To actually get the groups, use str.extract.
  if v.str.contains(r"(시|도)\S*\s*\S+(구|군|시)").mean() > 0.6 if not digits.mean() > 0.9 else False:
E:\sources\260928 data_go_mcp\pds\probe\synth.py:54: UserWarning: This pattern is interpreted as a regular expression, and has match groups. To actually get the groups, use str.extract.
  if v.str.contains(r"(시|도)\S*\s*\S+(구|군|시)").mean() > 0.6 if not digits.mean() > 0.9 else False:
E:\sources\260928 data_go_mcp\pds\probe\synth.py:54: UserWarning: This pattern is interpreted as a regular expression, and has match groups. To actually get the groups, use str.extract.
  if v.str.contains(r"(시|도)\S*\s*\S+(구|군|시)").mean() > 0.6 if not digits.mean() > 0.9 else False:
E:\sources\260928 data_go_mcp\pds\probe\synth.py:54: UserWarning: This pattern is interpreted as a regular expression, and has match groups. To actually get the groups, use str.extract.
  if v.str.contains(r"(시|도)\S*\s*\S+(구|군|시)").mean() > 0.6 if not digits.mean() > 0.9 else False:
E:\sources\260928 data_go_mcp\pds\probe\synth.py:54: UserWarning: This pattern is interpreted as a regular expression, and has match groups. To actually get the groups, use str.extract.
  if v.str.contains(r"(시|도)\S*\s*\S+(구|군|시)").mean() > 0.6 if not digits.mean() > 0.9 else False:
E:\sources\260928 data_go_mcp\pds\probe\synth.py:54: UserWarning: This pattern is interpreted as a regular expression, and has match groups. To actually get the groups, use str.extract.
  if v.str.contains(r"(시|도)\S*\s*\S+(구|군|시)").mean() > 0.6 if not digits.mean() > 0.9 else False:
E:\sources\260928 data_go_mcp\pds\probe\synth.py:54: UserWarning: This pattern is interpreted as a regular expression, and has match groups. To actually get the groups, use str.extract.
  if v.str.contains(r"(시|도)\S*\s*\S+(구|군|시)").mean() > 0.6 if not digits.mean() > 0.9 else False:
E:\sources\260928 data_go_mcp\pds\probe\synth.py:54: UserWarning: This pattern is interpreted as a regular expression, and has match groups. To actually get the groups, use str.extract.
  if v.str.contains(r"(시|도)\S*\s*\S+(구|군|시)").mean() > 0.6 if not digits.mean() > 0.9 else False:
E:\sources\260928 data_go_mcp\pds\probe\synth.py:54: UserWarning: This pattern is interpreted as a regular expression, and has match groups. To actually get the groups, use str.extract.
  if v.str.contains(r"(시|도)\S*\s*\S+(구|군|시)").mean() > 0.6 if not digits.mean() > 0.9 else False:
E:\sources\260928 data_go_mcp\pds\probe\synth.py:54: UserWarning: This pattern is interpreted as a regular expression, and has match groups. To actually get the groups, use str.extract.
  if v.str.contains(r"(시|도)\S*\s*\S+(구|군|시)").mean() > 0.6 if not digits.mean() > 0.9 else False:
E:\sources\260928 data_go_mcp\pds\probe\synth.py:54: UserWarning: This pattern is interpreted as a regular expression, and has match groups. To actually get the groups, use str.extract.
  if v.str.contains(r"(시|도)\S*\s*\S+(구|군|시)").mean() > 0.6 if not digits.mean() > 0.9 else False:
E:\sources\260928 data_go_mcp\pds\probe\synth.py:54: UserWarning: This pattern is interpreted as a regular expression, and has match groups. To actually get the groups, use str.extract.
  if v.str.contains(r"(시|도)\S*\s*\S+(구|군|시)").mean() > 0.6 if not digits.mean() > 0.9 else False:
E:\sources\260928 data_go_mcp\pds\probe\synth.py:54: UserWarning: This pattern is interpreted as a regular expression, and has match groups. To actually get the groups, use str.extract.
  if v.str.contains(r"(시|도)\S*\s*\S+(구|군|시)").mean() > 0.6 if not digits.mean() > 0.9 else False:
E:\sources\260928 data_go_mcp\pds\probe\synth.py:54: UserWarning: This pattern is interpreted as a regular expression, and has match groups. To actually get the groups, use str.extract.
  if v.str.contains(r"(시|도)\S*\s*\S+(구|군|시)").mean() > 0.6 if not digits.mean() > 0.9 else False:
E:\sources\260928 data_go_mcp\pds\probe\synth.py:54: UserWarning: This pattern is interpreted as a regular expression, and has match groups. To actually get the groups, use str.extract.
  if v.str.contains(r"(시|도)\S*\s*\S+(구|군|시)").mean() > 0.6 if not digits.mean() > 0.9 else False:
E:\sources\260928 data_go_mcp\pds\probe\synth.py:54: UserWarning: This pattern is interpreted as a regular expression, and has match groups. To actually get the groups, use str.extract.
  if v.str.contains(r"(시|도)\S*\s*\S+(구|군|시)").mean() > 0.6 if not digits.mean() > 0.9 else False:
E:\sources\260928 data_go_mcp\pds\probe\synth.py:54: UserWarning: This pattern is interpreted as a regular expression, and has match groups. To actually get the groups, use str.extract.
  if v.str.contains(r"(시|도)\S*\s*\S+(구|군|시)").mean() > 0.6 if not digits.mean() > 0.9 else False:
E:\sources\260928 data_go_mcp\pds\probe\synth.py:54: UserWarning: This pattern is interpreted as a regular expression, and has match groups. To actually get the groups, use str.extract.
  if v.str.contains(r"(시|도)\S*\s*\S+(구|군|시)").mean() > 0.6 if not digits.mean() > 0.9 else False:
E:\sources\260928 data_go_mcp\pds\probe\synth.py:54: UserWarning: This pattern is interpreted as a regular expression, and has match groups. To actually get the groups, use str.extract.
  if v.str.contains(r"(시|도)\S*\s*\S+(구|군|시)").mean() > 0.6 if not digits.mean() > 0.9 else False:
E:\sources\260928 data_go_mcp\pds\probe\synth.py:54: UserWarning: This pattern is interpreted as a regular expression, and has match groups. To actually get the groups, use str.extract.
  if v.str.contains(r"(시|도)\S*\s*\S+(구|군|시)").mean() > 0.6 if not digits.mean() > 0.9 else False:
E:\sources\260928 data_go_mcp\pds\probe\synth.py:54: UserWarning: This pattern is interpreted as a regular expression, and has match groups. To actually get the groups, use str.extract.
  if v.str.contains(r"(시|도)\S*\s*\S+(구|군|시)").mean() > 0.6 if not digits.mean() > 0.9 else False:
E:\sources\260928 data_go_mcp\pds\probe\synth.py:54: UserWarning: This pattern is interpreted as a regular expression, and has match groups. To actually get the groups, use str.extract.
  if v.str.contains(r"(시|도)\S*\s*\S+(구|군|시)").mean() > 0.6 if not digits.mean() > 0.9 else False:
E:\sources\260928 data_go_mcp\pds\probe\synth.py:54: UserWarning: This pattern is interpreted as a regular expression, and has match groups. To actually get the groups, use str.extract.
  if v.str.contains(r"(시|도)\S*\s*\S+(구|군|시)").mean() > 0.6 if not digits.mean() > 0.9 else False:
E:\sources\260928 data_go_mcp\pds\probe\synth.py:54: UserWarning: This pattern is interpreted as a regular expression, and has match groups. To actually get the groups, use str.extract.
  if v.str.contains(r"(시|도)\S*\s*\S+(구|군|시)").mean() > 0.6 if not digits.mean() > 0.9 else False:
E:\sources\260928 data_go_mcp\pds\probe\synth.py:54: UserWarning: This pattern is interpreted as a regular expression, and has match groups. To actually get the groups, use str.extract.
  if v.str.contains(r"(시|도)\S*\s*\S+(구|군|시)").mean() > 0.6 if not digits.mean() > 0.9 else False:
E:\sources\260928 data_go_mcp\pds\probe\synth.py:54: UserWarning: This pattern is interpreted as a regular expression, and has match groups. To actually get the groups, use str.extract.
  if v.str.contains(r"(시|도)\S*\s*\S+(구|군|시)").mean() > 0.6 if not digits.mean() > 0.9 else False:
E:\sources\260928 data_go_mcp\pds\probe\synth.py:54: UserWarning: This pattern is interpreted as a regular expression, and has match groups. To actually get the groups, use str.extract.
  if v.str.contains(r"(시|도)\S*\s*\S+(구|군|시)").mean() > 0.6 if not digits.mean() > 0.9 else False:
E:\sources\260928 data_go_mcp\pds\probe\synth.py:54: UserWarning: This pattern is interpreted as a regular expression, and has match groups. To actually get the groups, use str.extract.
  if v.str.contains(r"(시|도)\S*\s*\S+(구|군|시)").mean() > 0.6 if not digits.mean() > 0.9 else False:
E:\sources\260928 data_go_mcp\pds\probe\synth.py:54: UserWarning: This pattern is interpreted as a regular expression, and has match groups. To actually get the groups, use str.extract.
  if v.str.contains(r"(시|도)\S*\s*\S+(구|군|시)").mean() > 0.6 if not digits.mean() > 0.9 else False:
E:\sources\260928 data_go_mcp\pds\probe\synth.py:54: UserWarning: This pattern is interpreted as a regular expression, and has match groups. To actually get the groups, use str.extract.
  if v.str.contains(r"(시|도)\S*\s*\S+(구|군|시)").mean() > 0.6 if not digits.mean() > 0.9 else False:
E:\sources\260928 data_go_mcp\pds\probe\synth.py:54: UserWarning: This pattern is interpreted as a regular expression, and has match groups. To actually get the groups, use str.extract.
  if v.str.contains(r"(시|도)\S*\s*\S+(구|군|시)").mean() > 0.6 if not digits.mean() > 0.9 else False:
E:\sources\260928 data_go_mcp\pds\probe\synth.py:54: UserWarning: This pattern is interpreted as a regular expression, and has match groups. To actually get the groups, use str.extract.
  if v.str.contains(r"(시|도)\S*\s*\S+(구|군|시)").mean() > 0.6 if not digits.mean() > 0.9 else False:
E:\sources\260928 data_go_mcp\pds\probe\synth.py:54: UserWarning: This pattern is interpreted as a regular expression, and has match groups. To actually get the groups, use str.extract.
  if v.str.contains(r"(시|도)\S*\s*\S+(구|군|시)").mean() > 0.6 if not digits.mean() > 0.9 else False:
E:\sources\260928 data_go_mcp\pds\probe\synth.py:54: UserWarning: This pattern is interpreted as a regular expression, and has match groups. To actually get the groups, use str.extract.
  if v.str.contains(r"(시|도)\S*\s*\S+(구|군|시)").mean() > 0.6 if not digits.mean() > 0.9 else False:
E:\sources\260928 data_go_mcp\pds\probe\synth.py:54: UserWarning: This pattern is interpreted as a regular expression, and has match groups. To actually get the groups, use str.extract.
  if v.str.contains(r"(시|도)\S*\s*\S+(구|군|시)").mean() > 0.6 if not digits.mean() > 0.9 else False:
E:\sources\260928 data_go_mcp\pds\probe\synth.py:54: UserWarning: This pattern is interpreted as a regular expression, and has match groups. To actually get the groups, use str.extract.
  if v.str.contains(r"(시|도)\S*\s*\S+(구|군|시)").mean() > 0.6 if not digits.mean() > 0.9 else False:
E:\sources\260928 data_go_mcp\pds\probe\synth.py:54: UserWarning: This pattern is interpreted as a regular expression, and has match groups. To actually get the groups, use str.extract.
  if v.str.contains(r"(시|도)\S*\s*\S+(구|군|시)").mean() > 0.6 if not digits.mean() > 0.9 else False:
E:\sources\260928 data_go_mcp\pds\probe\synth.py:54: UserWarning: This pattern is interpreted as a regular expression, and has match groups. To actually get the groups, use str.extract.
  if v.str.contains(r"(시|도)\S*\s*\S+(구|군|시)").mean() > 0.6 if not digits.mean() > 0.9 else False:
E:\sources\260928 data_go_mcp\pds\probe\synth.py:54: UserWarning: This pattern is interpreted as a regular expression, and has match groups. To actually get the groups, use str.extract.
  if v.str.contains(r"(시|도)\S*\s*\S+(구|군|시)").mean() > 0.6 if not digits.mean() > 0.9 else False:
E:\sources\260928 data_go_mcp\pds\probe\synth.py:54: UserWarning: This pattern is interpreted as a regular expression, and has match groups. To actually get the groups, use str.extract.
  if v.str.contains(r"(시|도)\S*\s*\S+(구|군|시)").mean() > 0.6 if not digits.mean() > 0.9 else False:
E:\sources\260928 data_go_mcp\pds\probe\synth.py:54: UserWarning: This pattern is interpreted as a regular expression, and has match groups. To actually get the groups, use str.extract.
  if v.str.contains(r"(시|도)\S*\s*\S+(구|군|시)").mean() > 0.6 if not digits.mean() > 0.9 else False:
E:\sources\260928 data_go_mcp\pds\probe\synth.py:54: UserWarning: This pattern is interpreted as a regular expression, and has match groups. To actually get the groups, use str.extract.
  if v.str.contains(r"(시|도)\S*\s*\S+(구|군|시)").mean() > 0.6 if not digits.mean() > 0.9 else False:
E:\sources\260928 data_go_mcp\pds\probe\synth.py:54: UserWarning: This pattern is interpreted as a regular expression, and has match groups. To actually get the groups, use str.extract.
  if v.str.contains(r"(시|도)\S*\s*\S+(구|군|시)").mean() > 0.6 if not digits.mean() > 0.9 else False:
E:\sources\260928 data_go_mcp\pds\probe\synth.py:54: UserWarning: This pattern is interpreted as a regular expression, and has match groups. To actually get the groups, use str.extract.
  if v.str.contains(r"(시|도)\S*\s*\S+(구|군|시)").mean() > 0.6 if not digits.mean() > 0.9 else False:
E:\sources\260928 data_go_mcp\pds\probe\synth.py:54: UserWarning: This pattern is interpreted as a regular expression, and has match groups. To actually get the groups, use str.extract.
  if v.str.contains(r"(시|도)\S*\s*\S+(구|군|시)").mean() > 0.6 if not digits.mean() > 0.9 else False:
E:\sources\260928 data_go_mcp\pds\probe\synth.py:54: UserWarning: This pattern is interpreted as a regular expression, and has match groups. To actually get the groups, use str.extract.
  if v.str.contains(r"(시|도)\S*\s*\S+(구|군|시)").mean() > 0.6 if not digits.mean() > 0.9 else False:
E:\sources\260928 data_go_mcp\pds\probe\synth.py:54: UserWarning: This pattern is interpreted as a regular expression, and has match groups. To actually get the groups, use str.extract.
  if v.str.contains(r"(시|도)\S*\s*\S+(구|군|시)").mean() > 0.6 if not digits.mean() > 0.9 else False:
E:\sources\260928 data_go_mcp\pds\probe\synth.py:54: UserWarning: This pattern is interpreted as a regular expression, and has match groups. To actually get the groups, use str.extract.
  if v.str.contains(r"(시|도)\S*\s*\S+(구|군|시)").mean() > 0.6 if not digits.mean() > 0.9 else False:
E:\sources\260928 data_go_mcp\pds\probe\synth.py:54: UserWarning: This pattern is interpreted as a regular expression, and has match groups. To actually get the groups, use str.extract.
  if v.str.contains(r"(시|도)\S*\s*\S+(구|군|시)").mean() > 0.6 if not digits.mean() > 0.9 else False:
E:\sources\260928 data_go_mcp\pds\probe\synth.py:54: UserWarning: This pattern is interpreted as a regular expression, and has match groups. To actually get the groups, use str.extract.
  if v.str.contains(r"(시|도)\S*\s*\S+(구|군|시)").mean() > 0.6 if not digits.mean() > 0.9 else False:
E:\sources\260928 data_go_mcp\pds\probe\synth.py:54: UserWarning: This pattern is interpreted as a regular expression, and has match groups. To actually get the groups, use str.extract.
  if v.str.contains(r"(시|도)\S*\s*\S+(구|군|시)").mean() > 0.6 if not digits.mean() > 0.9 else False:
E:\sources\260928 data_go_mcp\pds\probe\synth.py:54: UserWarning: This pattern is interpreted as a regular expression, and has match groups. To actually get the groups, use str.extract.
  if v.str.contains(r"(시|도)\S*\s*\S+(구|군|시)").mean() > 0.6 if not digits.mean() > 0.9 else False:
E:\sources\260928 data_go_mcp\pds\probe\synth.py:54: UserWarning: This pattern is interpreted as a regular expression, and has match groups. To actually get the groups, use str.extract.
  if v.str.contains(r"(시|도)\S*\s*\S+(구|군|시)").mean() > 0.6 if not digits.mean() > 0.9 else False:
E:\sources\260928 data_go_mcp\pds\probe\synth.py:54: UserWarning: This pattern is interpreted as a regular expression, and has match groups. To actually get the groups, use str.extract.
  if v.str.contains(r"(시|도)\S*\s*\S+(구|군|시)").mean() > 0.6 if not digits.mean() > 0.9 else False:
E:\sources\260928 data_go_mcp\pds\probe\synth.py:54: UserWarning: This pattern is interpreted as a regular expression, and has match groups. To actually get the groups, use str.extract.
  if v.str.contains(r"(시|도)\S*\s*\S+(구|군|시)").mean() > 0.6 if not digits.mean() > 0.9 else False:
E:\sources\260928 data_go_mcp\pds\probe\synth.py:54: UserWarning: This pattern is interpreted as a regular expression, and has match groups. To actually get the groups, use str.extract.
  if v.str.contains(r"(시|도)\S*\s*\S+(구|군|시)").mean() > 0.6 if not digits.mean() > 0.9 else False:
E:\sources\260928 data_go_mcp\pds\probe\synth.py:54: UserWarning: This pattern is interpreted as a regular expression, and has match groups. To actually get the groups, use str.extract.
  if v.str.contains(r"(시|도)\S*\s*\S+(구|군|시)").mean() > 0.6 if not digits.mean() > 0.9 else False:
E:\sources\260928 data_go_mcp\pds\probe\synth.py:54: UserWarning: This pattern is interpreted as a regular expression, and has match groups. To actually get the groups, use str.extract.
  if v.str.contains(r"(시|도)\S*\s*\S+(구|군|시)").mean() > 0.6 if not digits.mean() > 0.9 else False:
E:\sources\260928 data_go_mcp\pds\probe\synth.py:54: UserWarning: This pattern is interpreted as a regular expression, and has match groups. To actually get the groups, use str.extract.
  if v.str.contains(r"(시|도)\S*\s*\S+(구|군|시)").mean() > 0.6 if not digits.mean() > 0.9 else False:
E:\sources\260928 data_go_mcp\pds\probe\synth.py:54: UserWarning: This pattern is interpreted as a regular expression, and has match groups. To actually get the groups, use str.extract.
  if v.str.contains(r"(시|도)\S*\s*\S+(구|군|시)").mean() > 0.6 if not digits.mean() > 0.9 else False:
E:\sources\260928 data_go_mcp\pds\probe\synth.py:54: UserWarning: This pattern is interpreted as a regular expression, and has match groups. To actually get the groups, use str.extract.
  if v.str.contains(r"(시|도)\S*\s*\S+(구|군|시)").mean() > 0.6 if not digits.mean() > 0.9 else False:
E:\sources\260928 data_go_mcp\pds\probe\synth.py:54: UserWarning: This pattern is interpreted as a regular expression, and has match groups. To actually get the groups, use str.extract.
  if v.str.contains(r"(시|도)\S*\s*\S+(구|군|시)").mean() > 0.6 if not digits.mean() > 0.9 else False:
E:\sources\260928 data_go_mcp\pds\probe\synth.py:54: UserWarning: This pattern is interpreted as a regular expression, and has match groups. To actually get the groups, use str.extract.
  if v.str.contains(r"(시|도)\S*\s*\S+(구|군|시)").mean() > 0.6 if not digits.mean() > 0.9 else False:
E:\sources\260928 data_go_mcp\pds\probe\synth.py:54: UserWarning: This pattern is interpreted as a regular expression, and has match groups. To actually get the groups, use str.extract.
  if v.str.contains(r"(시|도)\S*\s*\S+(구|군|시)").mean() > 0.6 if not digits.mean() > 0.9 else False:
E:\sources\260928 data_go_mcp\pds\probe\synth.py:54: UserWarning: This pattern is interpreted as a regular expression, and has match groups. To actually get the groups, use str.extract.
  if v.str.contains(r"(시|도)\S*\s*\S+(구|군|시)").mean() > 0.6 if not digits.mean() > 0.9 else False:
E:\sources\260928 data_go_mcp\pds\probe\synth.py:54: UserWarning: This pattern is interpreted as a regular expression, and has match groups. To actually get the groups, use str.extract.
  if v.str.contains(r"(시|도)\S*\s*\S+(구|군|시)").mean() > 0.6 if not digits.mean() > 0.9 else False:
E:\sources\260928 data_go_mcp\pds\probe\synth.py:54: UserWarning: This pattern is interpreted as a regular expression, and has match groups. To actually get the groups, use str.extract.
  if v.str.contains(r"(시|도)\S*\s*\S+(구|군|시)").mean() > 0.6 if not digits.mean() > 0.9 else False:
E:\sources\260928 data_go_mcp\pds\probe\synth.py:54: UserWarning: This pattern is interpreted as a regular expression, and has match groups. To actually get the groups, use str.extract.
  if v.str.contains(r"(시|도)\S*\s*\S+(구|군|시)").mean() > 0.6 if not digits.mean() > 0.9 else False:
E:\sources\260928 data_go_mcp\pds\probe\synth.py:54: UserWarning: This pattern is interpreted as a regular expression, and has match groups. To actually get the groups, use str.extract.
  if v.str.contains(r"(시|도)\S*\s*\S+(구|군|시)").mean() > 0.6 if not digits.mean() > 0.9 else False:
E:\sources\260928 data_go_mcp\pds\probe\synth.py:54: UserWarning: This pattern is interpreted as a regular expression, and has match groups. To actually get the groups, use str.extract.
  if v.str.contains(r"(시|도)\S*\s*\S+(구|군|시)").mean() > 0.6 if not digits.mean() > 0.9 else False:
E:\sources\260928 data_go_mcp\pds\probe\synth.py:54: UserWarning: This pattern is interpreted as a regular expression, and has match groups. To actually get the groups, use str.extract.
  if v.str.contains(r"(시|도)\S*\s*\S+(구|군|시)").mean() > 0.6 if not digits.mean() > 0.9 else False:
E:\sources\260928 data_go_mcp\pds\probe\synth.py:54: UserWarning: This pattern is interpreted as a regular expression, and has match groups. To actually get the groups, use str.extract.
  if v.str.contains(r"(시|도)\S*\s*\S+(구|군|시)").mean() > 0.6 if not digits.mean() > 0.9 else False:
E:\sources\260928 data_go_mcp\pds\probe\synth.py:54: UserWarning: This pattern is interpreted as a regular expression, and has match groups. To actually get the groups, use str.extract.
  if v.str.contains(r"(시|도)\S*\s*\S+(구|군|시)").mean() > 0.6 if not digits.mean() > 0.9 else False:
E:\sources\260928 data_go_mcp\pds\probe\synth.py:54: UserWarning: This pattern is interpreted as a regular expression, and has match groups. To actually get the groups, use str.extract.
  if v.str.contains(r"(시|도)\S*\s*\S+(구|군|시)").mean() > 0.6 if not digits.mean() > 0.9 else False:
E:\sources\260928 data_go_mcp\pds\probe\synth.py:54: UserWarning: This pattern is interpreted as a regular expression, and has match groups. To actually get the groups, use str.extract.
  if v.str.contains(r"(시|도)\S*\s*\S+(구|군|시)").mean() > 0.6 if not digits.mean() > 0.9 else False:
E:\sources\260928 data_go_mcp\pds\probe\synth.py:54: UserWarning: This pattern is interpreted as a regular expression, and has match groups. To actually get the groups, use str.extract.
  if v.str.contains(r"(시|도)\S*\s*\S+(구|군|시)").mean() > 0.6 if not digits.mean() > 0.9 else False:
E:\sources\260928 data_go_mcp\pds\probe\synth.py:54: UserWarning: This pattern is interpreted as a regular expression, and has match groups. To actually get the groups, use str.extract.
  if v.str.contains(r"(시|도)\S*\s*\S+(구|군|시)").mean() > 0.6 if not digits.mean() > 0.9 else False:
E:\sources\260928 data_go_mcp\pds\probe\synth.py:54: UserWarning: This pattern is interpreted as a regular expression, and has match groups. To actually get the groups, use str.extract.
  if v.str.contains(r"(시|도)\S*\s*\S+(구|군|시)").mean() > 0.6 if not digits.mean() > 0.9 else False:
E:\sources\260928 data_go_mcp\pds\probe\synth.py:54: UserWarning: This pattern is interpreted as a regular expression, and has match groups. To actually get the groups, use str.extract.
  if v.str.contains(r"(시|도)\S*\s*\S+(구|군|시)").mean() > 0.6 if not digits.mean() > 0.9 else False:
E:\sources\260928 data_go_mcp\pds\probe\synth.py:54: UserWarning: This pattern is interpreted as a regular expression, and has match groups. To actually get the groups, use str.extract.
  if v.str.contains(r"(시|도)\S*\s*\S+(구|군|시)").mean() > 0.6 if not digits.mean() > 0.9 else False:
E:\sources\260928 data_go_mcp\pds\probe\synth.py:54: UserWarning: This pattern is interpreted as a regular expression, and has match groups. To actually get the groups, use str.extract.
  if v.str.contains(r"(시|도)\S*\s*\S+(구|군|시)").mean() > 0.6 if not digits.mean() > 0.9 else False:
E:\sources\260928 data_go_mcp\pds\probe\synth.py:54: UserWarning: This pattern is interpreted as a regular expression, and has match groups. To actually get the groups, use str.extract.
  if v.str.contains(r"(시|도)\S*\s*\S+(구|군|시)").mean() > 0.6 if not digits.mean() > 0.9 else False:
E:\sources\260928 data_go_mcp\pds\probe\synth.py:54: UserWarning: This pattern is interpreted as a regular expression, and has match groups. To actually get the groups, use str.extract.
  if v.str.contains(r"(시|도)\S*\s*\S+(구|군|시)").mean() > 0.6 if not digits.mean() > 0.9 else False:
E:\sources\260928 data_go_mcp\pds\probe\synth.py:54: UserWarning: This pattern is interpreted as a regular expression, and has match groups. To actually get the groups, use str.extract.
  if v.str.contains(r"(시|도)\S*\s*\S+(구|군|시)").mean() > 0.6 if not digits.mean() > 0.9 else False:
E:\sources\260928 data_go_mcp\pds\probe\synth.py:54: UserWarning: This pattern is interpreted as a regular expression, and has match groups. To actually get the groups, use str.extract.
  if v.str.contains(r"(시|도)\S*\s*\S+(구|군|시)").mean() > 0.6 if not digits.mean() > 0.9 else False:
E:\sources\260928 data_go_mcp\pds\probe\synth.py:54: UserWarning: This pattern is interpreted as a regular expression, and has match groups. To actually get the groups, use str.extract.
  if v.str.contains(r"(시|도)\S*\s*\S+(구|군|시)").mean() > 0.6 if not digits.mean() > 0.9 else False:
E:\sources\260928 data_go_mcp\pds\probe\synth.py:54: UserWarning: This pattern is interpreted as a regular expression, and has match groups. To actually get the groups, use str.extract.
  if v.str.contains(r"(시|도)\S*\s*\S+(구|군|시)").mean() > 0.6 if not digits.mean() > 0.9 else False:
E:\sources\260928 data_go_mcp\pds\probe\synth.py:54: UserWarning: This pattern is interpreted as a regular expression, and has match groups. To actually get the groups, use str.extract.
  if v.str.contains(r"(시|도)\S*\s*\S+(구|군|시)").mean() > 0.6 if not digits.mean() > 0.9 else False:
E:\sources\260928 data_go_mcp\pds\probe\synth.py:54: UserWarning: This pattern is interpreted as a regular expression, and has match groups. To actually get the groups, use str.extract.
  if v.str.contains(r"(시|도)\S*\s*\S+(구|군|시)").mean() > 0.6 if not digits.mean() > 0.9 else False:
E:\sources\260928 data_go_mcp\pds\probe\synth.py:54: UserWarning: This pattern is interpreted as a regular expression, and has match groups. To actually get the groups, use str.extract.
  if v.str.contains(r"(시|도)\S*\s*\S+(구|군|시)").mean() > 0.6 if not digits.mean() > 0.9 else False:
E:\sources\260928 data_go_mcp\pds\probe\synth.py:54: UserWarning: This pattern is interpreted as a regular expression, and has match groups. To actually get the groups, use str.extract.
  if v.str.contains(r"(시|도)\S*\s*\S+(구|군|시)").mean() > 0.6 if not digits.mean() > 0.9 else False:
E:\sources\260928 data_go_mcp\pds\probe\synth.py:54: UserWarning: This pattern is interpreted as a regular expression, and has match groups. To actually get the groups, use str.extract.
  if v.str.contains(r"(시|도)\S*\s*\S+(구|군|시)").mean() > 0.6 if not digits.mean() > 0.9 else False:
E:\sources\260928 data_go_mcp\pds\probe\synth.py:54: UserWarning: This pattern is interpreted as a regular expression, and has match groups. To actually get the groups, use str.extract.
  if v.str.contains(r"(시|도)\S*\s*\S+(구|군|시)").mean() > 0.6 if not digits.mean() > 0.9 else False:
E:\sources\260928 data_go_mcp\pds\probe\synth.py:54: UserWarning: This pattern is interpreted as a regular expression, and has match groups. To actually get the groups, use str.extract.
  if v.str.contains(r"(시|도)\S*\s*\S+(구|군|시)").mean() > 0.6 if not digits.mean() > 0.9 else False:
E:\sources\260928 data_go_mcp\pds\probe\synth.py:54: UserWarning: This pattern is interpreted as a regular expression, and has match groups. To actually get the groups, use str.extract.
  if v.str.contains(r"(시|도)\S*\s*\S+(구|군|시)").mean() > 0.6 if not digits.mean() > 0.9 else False:
E:\sources\260928 data_go_mcp\pds\probe\synth.py:54: UserWarning: This pattern is interpreted as a regular expression, and has match groups. To actually get the groups, use str.extract.
  if v.str.contains(r"(시|도)\S*\s*\S+(구|군|시)").mean() > 0.6 if not digits.mean() > 0.9 else False:
E:\sources\260928 data_go_mcp\pds\probe\synth.py:54: UserWarning: This pattern is interpreted as a regular expression, and has match groups. To actually get the groups, use str.extract.
  if v.str.contains(r"(시|도)\S*\s*\S+(구|군|시)").mean() > 0.6 if not digits.mean() > 0.9 else False:
E:\sources\260928 data_go_mcp\pds\probe\synth.py:54: UserWarning: This pattern is interpreted as a regular expression, and has match groups. To actually get the groups, use str.extract.
  if v.str.contains(r"(시|도)\S*\s*\S+(구|군|시)").mean() > 0.6 if not digits.mean() > 0.9 else False:
E:\sources\260928 data_go_mcp\pds\probe\synth.py:54: UserWarning: This pattern is interpreted as a regular expression, and has match groups. To actually get the groups, use str.extract.
  if v.str.contains(r"(시|도)\S*\s*\S+(구|군|시)").mean() > 0.6 if not digits.mean() > 0.9 else False:
E:\sources\260928 data_go_mcp\pds\probe\synth.py:54: UserWarning: This pattern is interpreted as a regular expression, and has match groups. To actually get the groups, use str.extract.
  if v.str.contains(r"(시|도)\S*\s*\S+(구|군|시)").mean() > 0.6 if not digits.mean() > 0.9 else False:
E:\sources\260928 data_go_mcp\pds\probe\synth.py:54: UserWarning: This pattern is interpreted as a regular expression, and has match groups. To actually get the groups, use str.extract.
  if v.str.contains(r"(시|도)\S*\s*\S+(구|군|시)").mean() > 0.6 if not digits.mean() > 0.9 else False:
E:\sources\260928 data_go_mcp\pds\probe\synth.py:54: UserWarning: This pattern is interpreted as a regular expression, and has match groups. To actually get the groups, use str.extract.
  if v.str.contains(r"(시|도)\S*\s*\S+(구|군|시)").mean() > 0.6 if not digits.mean() > 0.9 else False:
E:\sources\260928 data_go_mcp\pds\probe\synth.py:54: UserWarning: This pattern is interpreted as a regular expression, and has match groups. To actually get the groups, use str.extract.
  if v.str.contains(r"(시|도)\S*\s*\S+(구|군|시)").mean() > 0.6 if not digits.mean() > 0.9 else False:
E:\sources\260928 data_go_mcp\pds\probe\synth.py:54: UserWarning: This pattern is interpreted as a regular expression, and has match groups. To actually get the groups, use str.extract.
  if v.str.contains(r"(시|도)\S*\s*\S+(구|군|시)").mean() > 0.6 if not digits.mean() > 0.9 else False:
E:\sources\260928 data_go_mcp\pds\probe\synth.py:54: UserWarning: This pattern is interpreted as a regular expression, and has match groups. To actually get the groups, use str.extract.
  if v.str.contains(r"(시|도)\S*\s*\S+(구|군|시)").mean() > 0.6 if not digits.mean() > 0.9 else False:
E:\sources\260928 data_go_mcp\pds\probe\synth.py:54: UserWarning: This pattern is interpreted as a regular expression, and has match groups. To actually get the groups, use str.extract.
  if v.str.contains(r"(시|도)\S*\s*\S+(구|군|시)").mean() > 0.6 if not digits.mean() > 0.9 else False:
E:\sources\260928 data_go_mcp\pds\probe\synth.py:54: UserWarning: This pattern is interpreted as a regular expression, and has match groups. To actually get the groups, use str.extract.
  if v.str.contains(r"(시|도)\S*\s*\S+(구|군|시)").mean() > 0.6 if not digits.mean() > 0.9 else False:
E:\sources\260928 data_go_mcp\pds\probe\synth.py:54: UserWarning: This pattern is interpreted as a regular expression, and has match groups. To actually get the groups, use str.extract.
  if v.str.contains(r"(시|도)\S*\s*\S+(구|군|시)").mean() > 0.6 if not digits.mean() > 0.9 else False:
E:\sources\260928 data_go_mcp\pds\probe\synth.py:54: UserWarning: This pattern is interpreted as a regular expression, and has match groups. To actually get the groups, use str.extract.
  if v.str.contains(r"(시|도)\S*\s*\S+(구|군|시)").mean() > 0.6 if not digits.mean() > 0.9 else False:
E:\sources\260928 data_go_mcp\pds\probe\synth.py:54: UserWarning: This pattern is interpreted as a regular expression, and has match groups. To actually get the groups, use str.extract.
  if v.str.contains(r"(시|도)\S*\s*\S+(구|군|시)").mean() > 0.6 if not digits.mean() > 0.9 else False:
E:\sources\260928 data_go_mcp\pds\probe\synth.py:54: UserWarning: This pattern is interpreted as a regular expression, and has match groups. To actually get the groups, use str.extract.
  if v.str.contains(r"(시|도)\S*\s*\S+(구|군|시)").mean() > 0.6 if not digits.mean() > 0.9 else False:
E:\sources\260928 data_go_mcp\pds\probe\synth.py:54: UserWarning: This pattern is interpreted as a regular expression, and has match groups. To actually get the groups, use str.extract.
  if v.str.contains(r"(시|도)\S*\s*\S+(구|군|시)").mean() > 0.6 if not digits.mean() > 0.9 else False:
E:\sources\260928 data_go_mcp\pds\probe\synth.py:54: UserWarning: This pattern is interpreted as a regular expression, and has match groups. To actually get the groups, use str.extract.
  if v.str.contains(r"(시|도)\S*\s*\S+(구|군|시)").mean() > 0.6 if not digits.mean() > 0.9 else False:
E:\sources\260928 data_go_mcp\pds\probe\synth.py:54: UserWarning: This pattern is interpreted as a regular expression, and has match groups. To actually get the groups, use str.extract.
  if v.str.contains(r"(시|도)\S*\s*\S+(구|군|시)").mean() > 0.6 if not digits.mean() > 0.9 else False:
E:\sources\260928 data_go_mcp\pds\probe\synth.py:54: UserWarning: This pattern is interpreted as a regular expression, and has match groups. To actually get the groups, use str.extract.
  if v.str.contains(r"(시|도)\S*\s*\S+(구|군|시)").mean() > 0.6 if not digits.mean() > 0.9 else False:
E:\sources\260928 data_go_mcp\pds\probe\synth.py:54: UserWarning: This pattern is interpreted as a regular expression, and has match groups. To actually get the groups, use str.extract.
  if v.str.contains(r"(시|도)\S*\s*\S+(구|군|시)").mean() > 0.6 if not digits.mean() > 0.9 else False:
E:\sources\260928 data_go_mcp\pds\probe\synth.py:54: UserWarning: This pattern is interpreted as a regular expression, and has match groups. To actually get the groups, use str.extract.
  if v.str.contains(r"(시|도)\S*\s*\S+(구|군|시)").mean() > 0.6 if not digits.mean() > 0.9 else False:
E:\sources\260928 data_go_mcp\pds\probe\synth.py:54: UserWarning: This pattern is interpreted as a regular expression, and has match groups. To actually get the groups, use str.extract.
  if v.str.contains(r"(시|도)\S*\s*\S+(구|군|시)").mean() > 0.6 if not digits.mean() > 0.9 else False:
E:\sources\260928 data_go_mcp\pds\probe\synth.py:54: UserWarning: This pattern is interpreted as a regular expression, and has match groups. To actually get the groups, use str.extract.
  if v.str.contains(r"(시|도)\S*\s*\S+(구|군|시)").mean() > 0.6 if not digits.mean() > 0.9 else False:
E:\sources\260928 data_go_mcp\pds\probe\synth.py:54: UserWarning: This pattern is interpreted as a regular expression, and has match groups. To actually get the groups, use str.extract.
  if v.str.contains(r"(시|도)\S*\s*\S+(구|군|시)").mean() > 0.6 if not digits.mean() > 0.9 else False:
E:\sources\260928 data_go_mcp\pds\probe\synth.py:54: UserWarning: This pattern is interpreted as a regular expression, and has match groups. To actually get the groups, use str.extract.
  if v.str.contains(r"(시|도)\S*\s*\S+(구|군|시)").mean() > 0.6 if not digits.mean() > 0.9 else False:
E:\sources\260928 data_go_mcp\pds\probe\synth.py:54: UserWarning: This pattern is interpreted as a regular expression, and has match groups. To actually get the groups, use str.extract.
  if v.str.contains(r"(시|도)\S*\s*\S+(구|군|시)").mean() > 0.6 if not digits.mean() > 0.9 else False:
E:\sources\260928 data_go_mcp\pds\probe\synth.py:54: UserWarning: This pattern is interpreted as a regular expression, and has match groups. To actually get the groups, use str.extract.
  if v.str.contains(r"(시|도)\S*\s*\S+(구|군|시)").mean() > 0.6 if not digits.mean() > 0.9 else False:
E:\sources\260928 data_go_mcp\pds\probe\synth.py:54: UserWarning: This pattern is interpreted as a regular expression, and has match groups. To actually get the groups, use str.extract.
  if v.str.contains(r"(시|도)\S*\s*\S+(구|군|시)").mean() > 0.6 if not digits.mean() > 0.9 else False:
E:\sources\260928 data_go_mcp\pds\probe\synth.py:54: UserWarning: This pattern is interpreted as a regular expression, and has match groups. To actually get the groups, use str.extract.
  if v.str.contains(r"(시|도)\S*\s*\S+(구|군|시)").mean() > 0.6 if not digits.mean() > 0.9 else False:
E:\sources\260928 data_go_mcp\pds\probe\synth.py:54: UserWarning: This pattern is interpreted as a regular expression, and has match groups. To actually get the groups, use str.extract.
  if v.str.contains(r"(시|도)\S*\s*\S+(구|군|시)").mean() > 0.6 if not digits.mean() > 0.9 else False:
E:\sources\260928 data_go_mcp\pds\probe\synth.py:54: UserWarning: This pattern is interpreted as a regular expression, and has match groups. To actually get the groups, use str.extract.
  if v.str.contains(r"(시|도)\S*\s*\S+(구|군|시)").mean() > 0.6 if not digits.mean() > 0.9 else False:
E:\sources\260928 data_go_mcp\pds\probe\synth.py:54: UserWarning: This pattern is interpreted as a regular expression, and has match groups. To actually get the groups, use str.extract.
  if v.str.contains(r"(시|도)\S*\s*\S+(구|군|시)").mean() > 0.6 if not digits.mean() > 0.9 else False:
E:\sources\260928 data_go_mcp\pds\probe\synth.py:54: UserWarning: This pattern is interpreted as a regular expression, and has match groups. To actually get the groups, use str.extract.
  if v.str.contains(r"(시|도)\S*\s*\S+(구|군|시)").mean() > 0.6 if not digits.mean() > 0.9 else False:
E:\sources\260928 data_go_mcp\pds\probe\synth.py:54: UserWarning: This pattern is interpreted as a regular expression, and has match groups. To actually get the groups, use str.extract.
  if v.str.contains(r"(시|도)\S*\s*\S+(구|군|시)").mean() > 0.6 if not digits.mean() > 0.9 else False:
E:\sources\260928 data_go_mcp\pds\probe\synth.py:54: UserWarning: This pattern is interpreted as a regular expression, and has match groups. To actually get the groups, use str.extract.
  if v.str.contains(r"(시|도)\S*\s*\S+(구|군|시)").mean() > 0.6 if not digits.mean() > 0.9 else False:
E:\sources\260928 data_go_mcp\pds\probe\synth.py:54: UserWarning: This pattern is interpreted as a regular expression, and has match groups. To actually get the groups, use str.extract.
  if v.str.contains(r"(시|도)\S*\s*\S+(구|군|시)").mean() > 0.6 if not digits.mean() > 0.9 else False:
E:\sources\260928 data_go_mcp\pds\probe\synth.py:54: UserWarning: This pattern is interpreted as a regular expression, and has match groups. To actually get the groups, use str.extract.
  if v.str.contains(r"(시|도)\S*\s*\S+(구|군|시)").mean() > 0.6 if not digits.mean() > 0.9 else False:
E:\sources\260928 data_go_mcp\pds\probe\synth.py:54: UserWarning: This pattern is interpreted as a regular expression, and has match groups. To actually get the groups, use str.extract.
  if v.str.contains(r"(시|도)\S*\s*\S+(구|군|시)").mean() > 0.6 if not digits.mean() > 0.9 else False:
E:\sources\260928 data_go_mcp\pds\probe\synth.py:54: UserWarning: This pattern is interpreted as a regular expression, and has match groups. To actually get the groups, use str.extract.
  if v.str.contains(r"(시|도)\S*\s*\S+(구|군|시)").mean() > 0.6 if not digits.mean() > 0.9 else False:
E:\sources\260928 data_go_mcp\pds\probe\synth.py:54: UserWarning: This pattern is interpreted as a regular expression, and has match groups. To actually get the groups, use str.extract.
  if v.str.contains(r"(시|도)\S*\s*\S+(구|군|시)").mean() > 0.6 if not digits.mean() > 0.9 else False:
E:\sources\260928 data_go_mcp\pds\probe\synth.py:54: UserWarning: This pattern is interpreted as a regular expression, and has match groups. To actually get the groups, use str.extract.
  if v.str.contains(r"(시|도)\S*\s*\S+(구|군|시)").mean() > 0.6 if not digits.mean() > 0.9 else False:
E:\sources\260928 data_go_mcp\pds\probe\synth.py:54: UserWarning: This pattern is interpreted as a regular expression, and has match groups. To actually get the groups, use str.extract.
  if v.str.contains(r"(시|도)\S*\s*\S+(구|군|시)").mean() > 0.6 if not digits.mean() > 0.9 else False:
E:\sources\260928 data_go_mcp\pds\probe\synth.py:54: UserWarning: This pattern is interpreted as a regular expression, and has match groups. To actually get the groups, use str.extract.
  if v.str.contains(r"(시|도)\S*\s*\S+(구|군|시)").mean() > 0.6 if not digits.mean() > 0.9 else False:
E:\sources\260928 data_go_mcp\pds\probe\synth.py:54: UserWarning: This pattern is interpreted as a regular expression, and has match groups. To actually get the groups, use str.extract.
  if v.str.contains(r"(시|도)\S*\s*\S+(구|군|시)").mean() > 0.6 if not digits.mean() > 0.9 else False:
E:\sources\260928 data_go_mcp\pds\probe\synth.py:54: UserWarning: This pattern is interpreted as a regular expression, and has match groups. To actually get the groups, use str.extract.
  if v.str.contains(r"(시|도)\S*\s*\S+(구|군|시)").mean() > 0.6 if not digits.mean() > 0.9 else False:
E:\sources\260928 data_go_mcp\pds\probe\synth.py:54: UserWarning: This pattern is interpreted as a regular expression, and has match groups. To actually get the groups, use str.extract.
  if v.str.contains(r"(시|도)\S*\s*\S+(구|군|시)").mean() > 0.6 if not digits.mean() > 0.9 else False:
E:\sources\260928 data_go_mcp\pds\probe\synth.py:54: UserWarning: This pattern is interpreted as a regular expression, and has match groups. To actually get the groups, use str.extract.
  if v.str.contains(r"(시|도)\S*\s*\S+(구|군|시)").mean() > 0.6 if not digits.mean() > 0.9 else False:
E:\sources\260928 data_go_mcp\pds\probe\synth.py:54: UserWarning: This pattern is interpreted as a regular expression, and has match groups. To actually get the groups, use str.extract.
  if v.str.contains(r"(시|도)\S*\s*\S+(구|군|시)").mean() > 0.6 if not digits.mean() > 0.9 else False:
E:\sources\260928 data_go_mcp\pds\probe\synth.py:54: UserWarning: This pattern is interpreted as a regular expression, and has match groups. To actually get the groups, use str.extract.
  if v.str.contains(r"(시|도)\S*\s*\S+(구|군|시)").mean() > 0.6 if not digits.mean() > 0.9 else False:
E:\sources\260928 data_go_mcp\pds\probe\synth.py:54: UserWarning: This pattern is interpreted as a regular expression, and has match groups. To actually get the groups, use str.extract.
  if v.str.contains(r"(시|도)\S*\s*\S+(구|군|시)").mean() > 0.6 if not digits.mean() > 0.9 else False:
E:\sources\260928 data_go_mcp\pds\probe\synth.py:54: UserWarning: This pattern is interpreted as a regular expression, and has match groups. To actually get the groups, use str.extract.
  if v.str.contains(r"(시|도)\S*\s*\S+(구|군|시)").mean() > 0.6 if not digits.mean() > 0.9 else False:
E:\sources\260928 data_go_mcp\pds\probe\synth.py:54: UserWarning: This pattern is interpreted as a regular expression, and has match groups. To actually get the groups, use str.extract.
  if v.str.contains(r"(시|도)\S*\s*\S+(구|군|시)").mean() > 0.6 if not digits.mean() > 0.9 else False:
E:\sources\260928 data_go_mcp\pds\probe\synth.py:54: UserWarning: This pattern is interpreted as a regular expression, and has match groups. To actually get the groups, use str.extract.
  if v.str.contains(r"(시|도)\S*\s*\S+(구|군|시)").mean() > 0.6 if not digits.mean() > 0.9 else False:
E:\sources\260928 data_go_mcp\pds\probe\synth.py:54: UserWarning: This pattern is interpreted as a regular expression, and has match groups. To actually get the groups, use str.extract.
  if v.str.contains(r"(시|도)\S*\s*\S+(구|군|시)").mean() > 0.6 if not digits.mean() > 0.9 else False:
E:\sources\260928 data_go_mcp\pds\probe\synth.py:54: UserWarning: This pattern is interpreted as a regular expression, and has match groups. To actually get the groups, use str.extract.
  if v.str.contains(r"(시|도)\S*\s*\S+(구|군|시)").mean() > 0.6 if not digits.mean() > 0.9 else False:
E:\sources\260928 data_go_mcp\pds\probe\synth.py:54: UserWarning: This pattern is interpreted as a regular expression, and has match groups. To actually get the groups, use str.extract.
  if v.str.contains(r"(시|도)\S*\s*\S+(구|군|시)").mean() > 0.6 if not digits.mean() > 0.9 else False:
E:\sources\260928 data_go_mcp\pds\probe\synth.py:54: UserWarning: This pattern is interpreted as a regular expression, and has match groups. To actually get the groups, use str.extract.
  if v.str.contains(r"(시|도)\S*\s*\S+(구|군|시)").mean() > 0.6 if not digits.mean() > 0.9 else False:
E:\sources\260928 data_go_mcp\pds\probe\synth.py:54: UserWarning: This pattern is interpreted as a regular expression, and has match groups. To actually get the groups, use str.extract.
  if v.str.contains(r"(시|도)\S*\s*\S+(구|군|시)").mean() > 0.6 if not digits.mean() > 0.9 else False:
E:\sources\260928 data_go_mcp\pds\probe\synth.py:54: UserWarning: This pattern is interpreted as a regular expression, and has match groups. To actually get the groups, use str.extract.
  if v.str.contains(r"(시|도)\S*\s*\S+(구|군|시)").mean() > 0.6 if not digits.mean() > 0.9 else False:
E:\sources\260928 data_go_mcp\pds\probe\synth.py:54: UserWarning: This pattern is interpreted as a regular expression, and has match groups. To actually get the groups, use str.extract.
  if v.str.contains(r"(시|도)\S*\s*\S+(구|군|시)").mean() > 0.6 if not digits.mean() > 0.9 else False:
E:\sources\260928 data_go_mcp\pds\probe\synth.py:54: UserWarning: This pattern is interpreted as a regular expression, and has match groups. To actually get the groups, use str.extract.
  if v.str.contains(r"(시|도)\S*\s*\S+(구|군|시)").mean() > 0.6 if not digits.mean() > 0.9 else False:
E:\sources\260928 data_go_mcp\pds\probe\synth.py:54: UserWarning: This pattern is interpreted as a regular expression, and has match groups. To actually get the groups, use str.extract.
  if v.str.contains(r"(시|도)\S*\s*\S+(구|군|시)").mean() > 0.6 if not digits.mean() > 0.9 else False:
E:\sources\260928 data_go_mcp\pds\probe\synth.py:54: UserWarning: This pattern is interpreted as a regular expression, and has match groups. To actually get the groups, use str.extract.
  if v.str.contains(r"(시|도)\S*\s*\S+(구|군|시)").mean() > 0.6 if not digits.mean() > 0.9 else False:
E:\sources\260928 data_go_mcp\pds\probe\synth.py:54: UserWarning: This pattern is interpreted as a regular expression, and has match groups. To actually get the groups, use str.extract.
  if v.str.contains(r"(시|도)\S*\s*\S+(구|군|시)").mean() > 0.6 if not digits.mean() > 0.9 else False:
E:\sources\260928 data_go_mcp\pds\probe\synth.py:54: UserWarning: This pattern is interpreted as a regular expression, and has match groups. To actually get the groups, use str.extract.
  if v.str.contains(r"(시|도)\S*\s*\S+(구|군|시)").mean() > 0.6 if not digits.mean() > 0.9 else False:
E:\sources\260928 data_go_mcp\pds\probe\synth.py:54: UserWarning: This pattern is interpreted as a regular expression, and has match groups. To actually get the groups, use str.extract.
  if v.str.contains(r"(시|도)\S*\s*\S+(구|군|시)").mean() > 0.6 if not digits.mean() > 0.9 else False:
E:\sources\260928 data_go_mcp\pds\probe\synth.py:54: UserWarning: This pattern is interpreted as a regular expression, and has match groups. To actually get the groups, use str.extract.
  if v.str.contains(r"(시|도)\S*\s*\S+(구|군|시)").mean() > 0.6 if not digits.mean() > 0.9 else False:
E:\sources\260928 data_go_mcp\pds\probe\synth.py:54: UserWarning: This pattern is interpreted as a regular expression, and has match groups. To actually get the groups, use str.extract.
  if v.str.contains(r"(시|도)\S*\s*\S+(구|군|시)").mean() > 0.6 if not digits.mean() > 0.9 else False:
E:\sources\260928 data_go_mcp\pds\probe\synth.py:54: UserWarning: This pattern is interpreted as a regular expression, and has match groups. To actually get the groups, use str.extract.
  if v.str.contains(r"(시|도)\S*\s*\S+(구|군|시)").mean() > 0.6 if not digits.mean() > 0.9 else False:
E:\sources\260928 data_go_mcp\pds\probe\synth.py:54: UserWarning: This pattern is interpreted as a regular expression, and has match groups. To actually get the groups, use str.extract.
  if v.str.contains(r"(시|도)\S*\s*\S+(구|군|시)").mean() > 0.6 if not digits.mean() > 0.9 else False:
E:\sources\260928 data_go_mcp\pds\probe\synth.py:54: UserWarning: This pattern is interpreted as a regular expression, and has match groups. To actually get the groups, use str.extract.
  if v.str.contains(r"(시|도)\S*\s*\S+(구|군|시)").mean() > 0.6 if not digits.mean() > 0.9 else False:
E:\sources\260928 data_go_mcp\pds\probe\synth.py:54: UserWarning: This pattern is interpreted as a regular expression, and has match groups. To actually get the groups, use str.extract.
  if v.str.contains(r"(시|도)\S*\s*\S+(구|군|시)").mean() > 0.6 if not digits.mean() > 0.9 else False:
E:\sources\260928 data_go_mcp\pds\probe\synth.py:54: UserWarning: This pattern is interpreted as a regular expression, and has match groups. To actually get the groups, use str.extract.
  if v.str.contains(r"(시|도)\S*\s*\S+(구|군|시)").mean() > 0.6 if not digits.mean() > 0.9 else False:
E:\sources\260928 data_go_mcp\pds\probe\synth.py:54: UserWarning: This pattern is interpreted as a regular expression, and has match groups. To actually get the groups, use str.extract.
  if v.str.contains(r"(시|도)\S*\s*\S+(구|군|시)").mean() > 0.6 if not digits.mean() > 0.9 else False:
E:\sources\260928 data_go_mcp\pds\probe\synth.py:54: UserWarning: This pattern is interpreted as a regular expression, and has match groups. To actually get the groups, use str.extract.
  if v.str.contains(r"(시|도)\S*\s*\S+(구|군|시)").mean() > 0.6 if not digits.mean() > 0.9 else False:
E:\sources\260928 data_go_mcp\pds\probe\synth.py:54: UserWarning: This pattern is interpreted as a regular expression, and has match groups. To actually get the groups, use str.extract.
  if v.str.contains(r"(시|도)\S*\s*\S+(구|군|시)").mean() > 0.6 if not digits.mean() > 0.9 else False:
E:\sources\260928 data_go_mcp\pds\probe\synth.py:54: UserWarning: This pattern is interpreted as a regular expression, and has match groups. To actually get the groups, use str.extract.
  if v.str.contains(r"(시|도)\S*\s*\S+(구|군|시)").mean() > 0.6 if not digits.mean() > 0.9 else False:
E:\sources\260928 data_go_mcp\pds\probe\synth.py:54: UserWarning: This pattern is interpreted as a regular expression, and has match groups. To actually get the groups, use str.extract.
  if v.str.contains(r"(시|도)\S*\s*\S+(구|군|시)").mean() > 0.6 if not digits.mean() > 0.9 else False:
E:\sources\260928 data_go_mcp\pds\probe\synth.py:54: UserWarning: This pattern is interpreted as a regular expression, and has match groups. To actually get the groups, use str.extract.
  if v.str.contains(r"(시|도)\S*\s*\S+(구|군|시)").mean() > 0.6 if not digits.mean() > 0.9 else False:
E:\sources\260928 data_go_mcp\pds\probe\synth.py:54: UserWarning: This pattern is interpreted as a regular expression, and has match groups. To actually get the groups, use str.extract.
  if v.str.contains(r"(시|도)\S*\s*\S+(구|군|시)").mean() > 0.6 if not digits.mean() > 0.9 else False:
E:\sources\260928 data_go_mcp\pds\probe\synth.py:54: UserWarning: This pattern is interpreted as a regular expression, and has match groups. To actually get the groups, use str.extract.
  if v.str.contains(r"(시|도)\S*\s*\S+(구|군|시)").mean() > 0.6 if not digits.mean() > 0.9 else False:
E:\sources\260928 data_go_mcp\pds\probe\synth.py:54: UserWarning: This pattern is interpreted as a regular expression, and has match groups. To actually get the groups, use str.extract.
  if v.str.contains(r"(시|도)\S*\s*\S+(구|군|시)").mean() > 0.6 if not digits.mean() > 0.9 else False:
E:\sources\260928 data_go_mcp\pds\probe\synth.py:54: UserWarning: This pattern is interpreted as a regular expression, and has match groups. To actually get the groups, use str.extract.
  if v.str.contains(r"(시|도)\S*\s*\S+(구|군|시)").mean() > 0.6 if not digits.mean() > 0.9 else False:
E:\sources\260928 data_go_mcp\pds\probe\synth.py:54: UserWarning: This pattern is interpreted as a regular expression, and has match groups. To actually get the groups, use str.extract.
  if v.str.contains(r"(시|도)\S*\s*\S+(구|군|시)").mean() > 0.6 if not digits.mean() > 0.9 else False:
E:\sources\260928 data_go_mcp\pds\probe\synth.py:54: UserWarning: This pattern is interpreted as a regular expression, and has match groups. To actually get the groups, use str.extract.
  if v.str.contains(r"(시|도)\S*\s*\S+(구|군|시)").mean() > 0.6 if not digits.mean() > 0.9 else False:
E:\sources\260928 data_go_mcp\pds\probe\synth.py:54: UserWarning: This pattern is interpreted as a regular expression, and has match groups. To actually get the groups, use str.extract.
  if v.str.contains(r"(시|도)\S*\s*\S+(구|군|시)").mean() > 0.6 if not digits.mean() > 0.9 else False:
E:\sources\260928 data_go_mcp\pds\probe\synth.py:54: UserWarning: This pattern is interpreted as a regular expression, and has match groups. To actually get the groups, use str.extract.
  if v.str.contains(r"(시|도)\S*\s*\S+(구|군|시)").mean() > 0.6 if not digits.mean() > 0.9 else False:
E:\sources\260928 data_go_mcp\pds\probe\synth.py:54: UserWarning: This pattern is interpreted as a regular expression, and has match groups. To actually get the groups, use str.extract.
  if v.str.contains(r"(시|도)\S*\s*\S+(구|군|시)").mean() > 0.6 if not digits.mean() > 0.9 else False:
E:\sources\260928 data_go_mcp\pds\probe\synth.py:54: UserWarning: This pattern is interpreted as a regular expression, and has match groups. To actually get the groups, use str.extract.
  if v.str.contains(r"(시|도)\S*\s*\S+(구|군|시)").mean() > 0.6 if not digits.mean() > 0.9 else False:
E:\sources\260928 data_go_mcp\pds\probe\synth.py:54: UserWarning: This pattern is interpreted as a regular expression, and has match groups. To actually get the groups, use str.extract.
  if v.str.contains(r"(시|도)\S*\s*\S+(구|군|시)").mean() > 0.6 if not digits.mean() > 0.9 else False:
E:\sources\260928 data_go_mcp\pds\probe\synth.py:54: UserWarning: This pattern is interpreted as a regular expression, and has match groups. To actually get the groups, use str.extract.
  if v.str.contains(r"(시|도)\S*\s*\S+(구|군|시)").mean() > 0.6 if not digits.mean() > 0.9 else False:
E:\sources\260928 data_go_mcp\pds\probe\synth.py:54: UserWarning: This pattern is interpreted as a regular expression, and has match groups. To actually get the groups, use str.extract.
  if v.str.contains(r"(시|도)\S*\s*\S+(구|군|시)").mean() > 0.6 if not digits.mean() > 0.9 else False:
E:\sources\260928 data_go_mcp\pds\probe\synth.py:54: UserWarning: This pattern is interpreted as a regular expression, and has match groups. To actually get the groups, use str.extract.
  if v.str.contains(r"(시|도)\S*\s*\S+(구|군|시)").mean() > 0.6 if not digits.mean() > 0.9 else False:
E:\sources\260928 data_go_mcp\pds\probe\synth.py:54: UserWarning: This pattern is interpreted as a regular expression, and has match groups. To actually get the groups, use str.extract.
  if v.str.contains(r"(시|도)\S*\s*\S+(구|군|시)").mean() > 0.6 if not digits.mean() > 0.9 else False:
E:\sources\260928 data_go_mcp\pds\probe\synth.py:54: UserWarning: This pattern is interpreted as a regular expression, and has match groups. To actually get the groups, use str.extract.
  if v.str.contains(r"(시|도)\S*\s*\S+(구|군|시)").mean() > 0.6 if not digits.mean() > 0.9 else False:
E:\sources\260928 data_go_mcp\pds\probe\synth.py:54: UserWarning: This pattern is interpreted as a regular expression, and has match groups. To actually get the groups, use str.extract.
  if v.str.contains(r"(시|도)\S*\s*\S+(구|군|시)").mean() > 0.6 if not digits.mean() > 0.9 else False:
E:\sources\260928 data_go_mcp\pds\probe\synth.py:54: UserWarning: This pattern is interpreted as a regular expression, and has match groups. To actually get the groups, use str.extract.
  if v.str.contains(r"(시|도)\S*\s*\S+(구|군|시)").mean() > 0.6 if not digits.mean() > 0.9 else False:
E:\sources\260928 data_go_mcp\pds\probe\synth.py:54: UserWarning: This pattern is interpreted as a regular expression, and has match groups. To actually get the groups, use str.extract.
  if v.str.contains(r"(시|도)\S*\s*\S+(구|군|시)").mean() > 0.6 if not digits.mean() > 0.9 else False:
E:\sources\260928 data_go_mcp\pds\probe\synth.py:54: UserWarning: This pattern is interpreted as a regular expression, and has match groups. To actually get the groups, use str.extract.
  if v.str.contains(r"(시|도)\S*\s*\S+(구|군|시)").mean() > 0.6 if not digits.mean() > 0.9 else False:
E:\sources\260928 data_go_mcp\pds\probe\synth.py:54: UserWarning: This pattern is interpreted as a regular expression, and has match groups. To actually get the groups, use str.extract.
  if v.str.contains(r"(시|도)\S*\s*\S+(구|군|시)").mean() > 0.6 if not digits.mean() > 0.9 else False:
E:\sources\260928 data_go_mcp\pds\probe\synth.py:54: UserWarning: This pattern is interpreted as a regular expression, and has match groups. To actually get the groups, use str.extract.
  if v.str.contains(r"(시|도)\S*\s*\S+(구|군|시)").mean() > 0.6 if not digits.mean() > 0.9 else False:
E:\sources\260928 data_go_mcp\pds\probe\synth.py:54: UserWarning: This pattern is interpreted as a regular expression, and has match groups. To actually get the groups, use str.extract.
  if v.str.contains(r"(시|도)\S*\s*\S+(구|군|시)").mean() > 0.6 if not digits.mean() > 0.9 else False:
E:\sources\260928 data_go_mcp\pds\probe\synth.py:54: UserWarning: This pattern is interpreted as a regular expression, and has match groups. To actually get the groups, use str.extract.
  if v.str.contains(r"(시|도)\S*\s*\S+(구|군|시)").mean() > 0.6 if not digits.mean() > 0.9 else False:
E:\sources\260928 data_go_mcp\pds\probe\synth.py:54: UserWarning: This pattern is interpreted as a regular expression, and has match groups. To actually get the groups, use str.extract.
  if v.str.contains(r"(시|도)\S*\s*\S+(구|군|시)").mean() > 0.6 if not digits.mean() > 0.9 else False:
E:\sources\260928 data_go_mcp\pds\probe\synth.py:54: UserWarning: This pattern is interpreted as a regular expression, and has match groups. To actually get the groups, use str.extract.
  if v.str.contains(r"(시|도)\S*\s*\S+(구|군|시)").mean() > 0.6 if not digits.mean() > 0.9 else False:
E:\sources\260928 data_go_mcp\pds\probe\synth.py:54: UserWarning: This pattern is interpreted as a regular expression, and has match groups. To actually get the groups, use str.extract.
  if v.str.contains(r"(시|도)\S*\s*\S+(구|군|시)").mean() > 0.6 if not digits.mean() > 0.9 else False:
E:\sources\260928 data_go_mcp\pds\probe\synth.py:54: UserWarning: This pattern is interpreted as a regular expression, and has match groups. To actually get the groups, use str.extract.
  if v.str.contains(r"(시|도)\S*\s*\S+(구|군|시)").mean() > 0.6 if not digits.mean() > 0.9 else False:
E:\sources\260928 data_go_mcp\pds\probe\synth.py:54: UserWarning: This pattern is interpreted as a regular expression, and has match groups. To actually get the groups, use str.extract.
  if v.str.contains(r"(시|도)\S*\s*\S+(구|군|시)").mean() > 0.6 if not digits.mean() > 0.9 else False:
E:\sources\260928 data_go_mcp\pds\probe\synth.py:54: UserWarning: This pattern is interpreted as a regular expression, and has match groups. To actually get the groups, use str.extract.
  if v.str.contains(r"(시|도)\S*\s*\S+(구|군|시)").mean() > 0.6 if not digits.mean() > 0.9 else False:
E:\sources\260928 data_go_mcp\pds\probe\synth.py:54: UserWarning: This pattern is interpreted as a regular expression, and has match groups. To actually get the groups, use str.extract.
  if v.str.contains(r"(시|도)\S*\s*\S+(구|군|시)").mean() > 0.6 if not digits.mean() > 0.9 else False:
E:\sources\260928 data_go_mcp\pds\probe\synth.py:54: UserWarning: This pattern is interpreted as a regular expression, and has match groups. To actually get the groups, use str.extract.
  if v.str.contains(r"(시|도)\S*\s*\S+(구|군|시)").mean() > 0.6 if not digits.mean() > 0.9 else False:
E:\sources\260928 data_go_mcp\pds\probe\synth.py:54: UserWarning: This pattern is interpreted as a regular expression, and has match groups. To actually get the groups, use str.extract.
  if v.str.contains(r"(시|도)\S*\s*\S+(구|군|시)").mean() > 0.6 if not digits.mean() > 0.9 else False:
E:\sources\260928 data_go_mcp\pds\probe\synth.py:54: UserWarning: This pattern is interpreted as a regular expression, and has match groups. To actually get the groups, use str.extract.
  if v.str.contains(r"(시|도)\S*\s*\S+(구|군|시)").mean() > 0.6 if not digits.mean() > 0.9 else False:
E:\sources\260928 data_go_mcp\pds\probe\synth.py:54: UserWarning: This pattern is interpreted as a regular expression, and has match groups. To actually get the groups, use str.extract.
  if v.str.contains(r"(시|도)\S*\s*\S+(구|군|시)").mean() > 0.6 if not digits.mean() > 0.9 else False:
E:\sources\260928 data_go_mcp\pds\probe\synth.py:54: UserWarning: This pattern is interpreted as a regular expression, and has match groups. To actually get the groups, use str.extract.
  if v.str.contains(r"(시|도)\S*\s*\S+(구|군|시)").mean() > 0.6 if not digits.mean() > 0.9 else False:
E:\sources\260928 data_go_mcp\pds\probe\synth.py:54: UserWarning: This pattern is interpreted as a regular expression, and has match groups. To actually get the groups, use str.extract.
  if v.str.contains(r"(시|도)\S*\s*\S+(구|군|시)").mean() > 0.6 if not digits.mean() > 0.9 else False:
E:\sources\260928 data_go_mcp\pds\probe\synth.py:54: UserWarning: This pattern is interpreted as a regular expression, and has match groups. To actually get the groups, use str.extract.
  if v.str.contains(r"(시|도)\S*\s*\S+(구|군|시)").mean() > 0.6 if not digits.mean() > 0.9 else False:
E:\sources\260928 data_go_mcp\pds\probe\synth.py:54: UserWarning: This pattern is interpreted as a regular expression, and has match groups. To actually get the groups, use str.extract.
  if v.str.contains(r"(시|도)\S*\s*\S+(구|군|시)").mean() > 0.6 if not digits.mean() > 0.9 else False:
E:\sources\260928 data_go_mcp\pds\probe\synth.py:54: UserWarning: This pattern is interpreted as a regular expression, and has match groups. To actually get the groups, use str.extract.
  if v.str.contains(r"(시|도)\S*\s*\S+(구|군|시)").mean() > 0.6 if not digits.mean() > 0.9 else False:
E:\sources\260928 data_go_mcp\pds\probe\synth.py:54: UserWarning: This pattern is interpreted as a regular expression, and has match groups. To actually get the groups, use str.extract.
  if v.str.contains(r"(시|도)\S*\s*\S+(구|군|시)").mean() > 0.6 if not digits.mean() > 0.9 else False:
E:\sources\260928 data_go_mcp\pds\probe\synth.py:54: UserWarning: This pattern is interpreted as a regular expression, and has match groups. To actually get the groups, use str.extract.
  if v.str.contains(r"(시|도)\S*\s*\S+(구|군|시)").mean() > 0.6 if not digits.mean() > 0.9 else False:
E:\sources\260928 data_go_mcp\pds\probe\synth.py:54: UserWarning: This pattern is interpreted as a regular expression, and has match groups. To actually get the groups, use str.extract.
  if v.str.contains(r"(시|도)\S*\s*\S+(구|군|시)").mean() > 0.6 if not digits.mean() > 0.9 else False:
E:\sources\260928 data_go_mcp\pds\probe\synth.py:54: UserWarning: This pattern is interpreted as a regular expression, and has match groups. To actually get the groups, use str.extract.
  if v.str.contains(r"(시|도)\S*\s*\S+(구|군|시)").mean() > 0.6 if not digits.mean() > 0.9 else False:
E:\sources\260928 data_go_mcp\pds\probe\synth.py:54: UserWarning: This pattern is interpreted as a regular expression, and has match groups. To actually get the groups, use str.extract.
  if v.str.contains(r"(시|도)\S*\s*\S+(구|군|시)").mean() > 0.6 if not digits.mean() > 0.9 else False:
E:\sources\260928 data_go_mcp\pds\probe\synth.py:54: UserWarning: This pattern is interpreted as a regular expression, and has match groups. To actually get the groups, use str.extract.
  if v.str.contains(r"(시|도)\S*\s*\S+(구|군|시)").mean() > 0.6 if not digits.mean() > 0.9 else False:
E:\sources\260928 data_go_mcp\pds\probe\synth.py:54: UserWarning: This pattern is interpreted as a regular expression, and has match groups. To actually get the groups, use str.extract.
  if v.str.contains(r"(시|도)\S*\s*\S+(구|군|시)").mean() > 0.6 if not digits.mean() > 0.9 else False:
E:\sources\260928 data_go_mcp\pds\probe\synth.py:54: UserWarning: This pattern is interpreted as a regular expression, and has match groups. To actually get the groups, use str.extract.
  if v.str.contains(r"(시|도)\S*\s*\S+(구|군|시)").mean() > 0.6 if not digits.mean() > 0.9 else False:
E:\sources\260928 data_go_mcp\pds\probe\synth.py:54: UserWarning: This pattern is interpreted as a regular expression, and has match groups. To actually get the groups, use str.extract.
  if v.str.contains(r"(시|도)\S*\s*\S+(구|군|시)").mean() > 0.6 if not digits.mean() > 0.9 else False:
E:\sources\260928 data_go_mcp\pds\probe\synth.py:54: UserWarning: This pattern is interpreted as a regular expression, and has match groups. To actually get the groups, use str.extract.
  if v.str.contains(r"(시|도)\S*\s*\S+(구|군|시)").mean() > 0.6 if not digits.mean() > 0.9 else False:
E:\sources\260928 data_go_mcp\pds\probe\synth.py:54: UserWarning: This pattern is interpreted as a regular expression, and has match groups. To actually get the groups, use str.extract.
  if v.str.contains(r"(시|도)\S*\s*\S+(구|군|시)").mean() > 0.6 if not digits.mean() > 0.9 else False:
E:\sources\260928 data_go_mcp\pds\probe\synth.py:54: UserWarning: This pattern is interpreted as a regular expression, and has match groups. To actually get the groups, use str.extract.
  if v.str.contains(r"(시|도)\S*\s*\S+(구|군|시)").mean() > 0.6 if not digits.mean() > 0.9 else False:
E:\sources\260928 data_go_mcp\pds\probe\synth.py:54: UserWarning: This pattern is interpreted as a regular expression, and has match groups. To actually get the groups, use str.extract.
  if v.str.contains(r"(시|도)\S*\s*\S+(구|군|시)").mean() > 0.6 if not digits.mean() > 0.9 else False:
E:\sources\260928 data_go_mcp\pds\probe\synth.py:54: UserWarning: This pattern is interpreted as a regular expression, and has match groups. To actually get the groups, use str.extract.
  if v.str.contains(r"(시|도)\S*\s*\S+(구|군|시)").mean() > 0.6 if not digits.mean() > 0.9 else False:
E:\sources\260928 data_go_mcp\pds\probe\synth.py:54: UserWarning: This pattern is interpreted as a regular expression, and has match groups. To actually get the groups, use str.extract.
  if v.str.contains(r"(시|도)\S*\s*\S+(구|군|시)").mean() > 0.6 if not digits.mean() > 0.9 else False:
E:\sources\260928 data_go_mcp\pds\probe\synth.py:54: UserWarning: This pattern is interpreted as a regular expression, and has match groups. To actually get the groups, use str.extract.
  if v.str.contains(r"(시|도)\S*\s*\S+(구|군|시)").mean() > 0.6 if not digits.mean() > 0.9 else False:
E:\sources\260928 data_go_mcp\pds\probe\synth.py:54: UserWarning: This pattern is interpreted as a regular expression, and has match groups. To actually get the groups, use str.extract.
  if v.str.contains(r"(시|도)\S*\s*\S+(구|군|시)").mean() > 0.6 if not digits.mean() > 0.9 else False:
E:\sources\260928 data_go_mcp\pds\probe\synth.py:54: UserWarning: This pattern is interpreted as a regular expression, and has match groups. To actually get the groups, use str.extract.
  if v.str.contains(r"(시|도)\S*\s*\S+(구|군|시)").mean() > 0.6 if not digits.mean() > 0.9 else False:
E:\sources\260928 data_go_mcp\pds\probe\synth.py:54: UserWarning: This pattern is interpreted as a regular expression, and has match groups. To actually get the groups, use str.extract.
  if v.str.contains(r"(시|도)\S*\s*\S+(구|군|시)").mean() > 0.6 if not digits.mean() > 0.9 else False:
E:\sources\260928 data_go_mcp\pds\probe\synth.py:54: UserWarning: This pattern is interpreted as a regular expression, and has match groups. To actually get the groups, use str.extract.
  if v.str.contains(r"(시|도)\S*\s*\S+(구|군|시)").mean() > 0.6 if not digits.mean() > 0.9 else False:
E:\sources\260928 data_go_mcp\pds\probe\synth.py:54: UserWarning: This pattern is interpreted as a regular expression, and has match groups. To actually get the groups, use str.extract.
  if v.str.contains(r"(시|도)\S*\s*\S+(구|군|시)").mean() > 0.6 if not digits.mean() > 0.9 else False:
E:\sources\260928 data_go_mcp\pds\probe\synth.py:54: UserWarning: This pattern is interpreted as a regular expression, and has match groups. To actually get the groups, use str.extract.
  if v.str.contains(r"(시|도)\S*\s*\S+(구|군|시)").mean() > 0.6 if not digits.mean() > 0.9 else False:
E:\sources\260928 data_go_mcp\pds\probe\synth.py:54: UserWarning: This pattern is interpreted as a regular expression, and has match groups. To actually get the groups, use str.extract.
  if v.str.contains(r"(시|도)\S*\s*\S+(구|군|시)").mean() > 0.6 if not digits.mean() > 0.9 else False:
E:\sources\260928 data_go_mcp\pds\probe\synth.py:54: UserWarning: This pattern is interpreted as a regular expression, and has match groups. To actually get the groups, use str.extract.
  if v.str.contains(r"(시|도)\S*\s*\S+(구|군|시)").mean() > 0.6 if not digits.mean() > 0.9 else False:
E:\sources\260928 data_go_mcp\pds\probe\synth.py:54: UserWarning: This pattern is interpreted as a regular expression, and has match groups. To actually get the groups, use str.extract.
  if v.str.contains(r"(시|도)\S*\s*\S+(구|군|시)").mean() > 0.6 if not digits.mean() > 0.9 else False:
E:\sources\260928 data_go_mcp\pds\probe\synth.py:54: UserWarning: This pattern is interpreted as a regular expression, and has match groups. To actually get the groups, use str.extract.
  if v.str.contains(r"(시|도)\S*\s*\S+(구|군|시)").mean() > 0.6 if not digits.mean() > 0.9 else False:
E:\sources\260928 data_go_mcp\pds\probe\synth.py:54: UserWarning: This pattern is interpreted as a regular expression, and has match groups. To actually get the groups, use str.extract.
  if v.str.contains(r"(시|도)\S*\s*\S+(구|군|시)").mean() > 0.6 if not digits.mean() > 0.9 else False:
E:\sources\260928 data_go_mcp\pds\probe\synth.py:54: UserWarning: This pattern is interpreted as a regular expression, and has match groups. To actually get the groups, use str.extract.
  if v.str.contains(r"(시|도)\S*\s*\S+(구|군|시)").mean() > 0.6 if not digits.mean() > 0.9 else False:
E:\sources\260928 data_go_mcp\pds\probe\synth.py:54: UserWarning: This pattern is interpreted as a regular expression, and has match groups. To actually get the groups, use str.extract.
  if v.str.contains(r"(시|도)\S*\s*\S+(구|군|시)").mean() > 0.6 if not digits.mean() > 0.9 else False:
E:\sources\260928 data_go_mcp\pds\probe\synth.py:54: UserWarning: This pattern is interpreted as a regular expression, and has match groups. To actually get the groups, use str.extract.
  if v.str.contains(r"(시|도)\S*\s*\S+(구|군|시)").mean() > 0.6 if not digits.mean() > 0.9 else False:
E:\sources\260928 data_go_mcp\pds\probe\synth.py:54: UserWarning: This pattern is interpreted as a regular expression, and has match groups. To actually get the groups, use str.extract.
  if v.str.contains(r"(시|도)\S*\s*\S+(구|군|시)").mean() > 0.6 if not digits.mean() > 0.9 else False:
E:\sources\260928 data_go_mcp\pds\probe\synth.py:54: UserWarning: This pattern is interpreted as a regular expression, and has match groups. To actually get the groups, use str.extract.
  if v.str.contains(r"(시|도)\S*\s*\S+(구|군|시)").mean() > 0.6 if not digits.mean() > 0.9 else False:
E:\sources\260928 data_go_mcp\pds\probe\synth.py:54: UserWarning: This pattern is interpreted as a regular expression, and has match groups. To actually get the groups, use str.extract.
  if v.str.contains(r"(시|도)\S*\s*\S+(구|군|시)").mean() > 0.6 if not digits.mean() > 0.9 else False:
E:\sources\260928 data_go_mcp\pds\probe\synth.py:54: UserWarning: This pattern is interpreted as a regular expression, and has match groups. To actually get the groups, use str.extract.
  if v.str.contains(r"(시|도)\S*\s*\S+(구|군|시)").mean() > 0.6 if not digits.mean() > 0.9 else False:
E:\sources\260928 data_go_mcp\pds\probe\synth.py:54: UserWarning: This pattern is interpreted as a regular expression, and has match groups. To actually get the groups, use str.extract.
  if v.str.contains(r"(시|도)\S*\s*\S+(구|군|시)").mean() > 0.6 if not digits.mean() > 0.9 else False:
E:\sources\260928 data_go_mcp\pds\probe\synth.py:54: UserWarning: This pattern is interpreted as a regular expression, and has match groups. To actually get the groups, use str.extract.
  if v.str.contains(r"(시|도)\S*\s*\S+(구|군|시)").mean() > 0.6 if not digits.mean() > 0.9 else False:
E:\sources\260928 data_go_mcp\pds\probe\synth.py:54: UserWarning: This pattern is interpreted as a regular expression, and has match groups. To actually get the groups, use str.extract.
  if v.str.contains(r"(시|도)\S*\s*\S+(구|군|시)").mean() > 0.6 if not digits.mean() > 0.9 else False:
E:\sources\260928 data_go_mcp\pds\probe\synth.py:54: UserWarning: This pattern is interpreted as a regular expression, and has match groups. To actually get the groups, use str.extract.
  if v.str.contains(r"(시|도)\S*\s*\S+(구|군|시)").mean() > 0.6 if not digits.mean() > 0.9 else False:
E:\sources\260928 data_go_mcp\pds\probe\synth.py:54: UserWarning: This pattern is interpreted as a regular expression, and has match groups. To actually get the groups, use str.extract.
  if v.str.contains(r"(시|도)\S*\s*\S+(구|군|시)").mean() > 0.6 if not digits.mean() > 0.9 else False:
E:\sources\260928 data_go_mcp\pds\probe\synth.py:54: UserWarning: This pattern is interpreted as a regular expression, and has match groups. To actually get the groups, use str.extract.
  if v.str.contains(r"(시|도)\S*\s*\S+(구|군|시)").mean() > 0.6 if not digits.mean() > 0.9 else False:
E:\sources\260928 data_go_mcp\pds\probe\synth.py:54: UserWarning: This pattern is interpreted as a regular expression, and has match groups. To actually get the groups, use str.extract.
  if v.str.contains(r"(시|도)\S*\s*\S+(구|군|시)").mean() > 0.6 if not digits.mean() > 0.9 else False:
E:\sources\260928 data_go_mcp\pds\probe\synth.py:54: UserWarning: This pattern is interpreted as a regular expression, and has match groups. To actually get the groups, use str.extract.
  if v.str.contains(r"(시|도)\S*\s*\S+(구|군|시)").mean() > 0.6 if not digits.mean() > 0.9 else False:
E:\sources\260928 data_go_mcp\pds\probe\synth.py:54: UserWarning: This pattern is interpreted as a regular expression, and has match groups. To actually get the groups, use str.extract.
  if v.str.contains(r"(시|도)\S*\s*\S+(구|군|시)").mean() > 0.6 if not digits.mean() > 0.9 else False:
E:\sources\260928 data_go_mcp\pds\probe\synth.py:54: UserWarning: This pattern is interpreted as a regular expression, and has match groups. To actually get the groups, use str.extract.
  if v.str.contains(r"(시|도)\S*\s*\S+(구|군|시)").mean() > 0.6 if not digits.mean() > 0.9 else False:
E:\sources\260928 data_go_mcp\pds\probe\synth.py:54: UserWarning: This pattern is interpreted as a regular expression, and has match groups. To actually get the groups, use str.extract.
  if v.str.contains(r"(시|도)\S*\s*\S+(구|군|시)").mean() > 0.6 if not digits.mean() > 0.9 else False:
E:\sources\260928 data_go_mcp\pds\probe\synth.py:54: UserWarning: This pattern is interpreted as a regular expression, and has match groups. To actually get the groups, use str.extract.
  if v.str.contains(r"(시|도)\S*\s*\S+(구|군|시)").mean() > 0.6 if not digits.mean() > 0.9 else False:
E:\sources\260928 data_go_mcp\pds\probe\synth.py:54: UserWarning: This pattern is interpreted as a regular expression, and has match groups. To actually get the groups, use str.extract.
  if v.str.contains(r"(시|도)\S*\s*\S+(구|군|시)").mean() > 0.6 if not digits.mean() > 0.9 else False:
E:\sources\260928 data_go_mcp\pds\probe\synth.py:54: UserWarning: This pattern is interpreted as a regular expression, and has match groups. To actually get the groups, use str.extract.
  if v.str.contains(r"(시|도)\S*\s*\S+(구|군|시)").mean() > 0.6 if not digits.mean() > 0.9 else False:
E:\sources\260928 data_go_mcp\pds\probe\synth.py:54: UserWarning: This pattern is interpreted as a regular expression, and has match groups. To actually get the groups, use str.extract.
  if v.str.contains(r"(시|도)\S*\s*\S+(구|군|시)").mean() > 0.6 if not digits.mean() > 0.9 else False:
E:\sources\260928 data_go_mcp\pds\probe\synth.py:54: UserWarning: This pattern is interpreted as a regular expression, and has match groups. To actually get the groups, use str.extract.
  if v.str.contains(r"(시|도)\S*\s*\S+(구|군|시)").mean() > 0.6 if not digits.mean() > 0.9 else False:
E:\sources\260928 data_go_mcp\pds\probe\synth.py:54: UserWarning: This pattern is interpreted as a regular expression, and has match groups. To actually get the groups, use str.extract.
  if v.str.contains(r"(시|도)\S*\s*\S+(구|군|시)").mean() > 0.6 if not digits.mean() > 0.9 else False:
E:\sources\260928 data_go_mcp\pds\probe\synth.py:54: UserWarning: This pattern is interpreted as a regular expression, and has match groups. To actually get the groups, use str.extract.
  if v.str.contains(r"(시|도)\S*\s*\S+(구|군|시)").mean() > 0.6 if not digits.mean() > 0.9 else False:
E:\sources\260928 data_go_mcp\pds\probe\synth.py:54: UserWarning: This pattern is interpreted as a regular expression, and has match groups. To actually get the groups, use str.extract.
  if v.str.contains(r"(시|도)\S*\s*\S+(구|군|시)").mean() > 0.6 if not digits.mean() > 0.9 else False:
E:\sources\260928 data_go_mcp\pds\probe\synth.py:54: UserWarning: This pattern is interpreted as a regular expression, and has match groups. To actually get the groups, use str.extract.
  if v.str.contains(r"(시|도)\S*\s*\S+(구|군|시)").mean() > 0.6 if not digits.mean() > 0.9 else False:
E:\sources\260928 data_go_mcp\pds\probe\synth.py:54: UserWarning: This pattern is interpreted as a regular expression, and has match groups. To actually get the groups, use str.extract.
  if v.str.contains(r"(시|도)\S*\s*\S+(구|군|시)").mean() > 0.6 if not digits.mean() > 0.9 else False:
E:\sources\260928 data_go_mcp\pds\probe\synth.py:54: UserWarning: This pattern is interpreted as a regular expression, and has match groups. To actually get the groups, use str.extract.
  if v.str.contains(r"(시|도)\S*\s*\S+(구|군|시)").mean() > 0.6 if not digits.mean() > 0.9 else False:
E:\sources\260928 data_go_mcp\pds\probe\synth.py:54: UserWarning: This pattern is interpreted as a regular expression, and has match groups. To actually get the groups, use str.extract.
  if v.str.contains(r"(시|도)\S*\s*\S+(구|군|시)").mean() > 0.6 if not digits.mean() > 0.9 else False:
E:\sources\260928 data_go_mcp\pds\probe\synth.py:54: UserWarning: This pattern is interpreted as a regular expression, and has match groups. To actually get the groups, use str.extract.
  if v.str.contains(r"(시|도)\S*\s*\S+(구|군|시)").mean() > 0.6 if not digits.mean() > 0.9 else False:
E:\sources\260928 data_go_mcp\pds\probe\synth.py:54: UserWarning: This pattern is interpreted as a regular expression, and has match groups. To actually get the groups, use str.extract.
  if v.str.contains(r"(시|도)\S*\s*\S+(구|군|시)").mean() > 0.6 if not digits.mean() > 0.9 else False:
E:\sources\260928 data_go_mcp\pds\probe\synth.py:54: UserWarning: This pattern is interpreted as a regular expression, and has match groups. To actually get the groups, use str.extract.
  if v.str.contains(r"(시|도)\S*\s*\S+(구|군|시)").mean() > 0.6 if not digits.mean() > 0.9 else False:
E:\sources\260928 data_go_mcp\pds\probe\synth.py:54: UserWarning: This pattern is interpreted as a regular expression, and has match groups. To actually get the groups, use str.extract.
  if v.str.contains(r"(시|도)\S*\s*\S+(구|군|시)").mean() > 0.6 if not digits.mean() > 0.9 else False:
E:\sources\260928 data_go_mcp\pds\probe\synth.py:54: UserWarning: This pattern is interpreted as a regular expression, and has match groups. To actually get the groups, use str.extract.
  if v.str.contains(r"(시|도)\S*\s*\S+(구|군|시)").mean() > 0.6 if not digits.mean() > 0.9 else False:
E:\sources\260928 data_go_mcp\pds\probe\synth.py:54: UserWarning: This pattern is interpreted as a regular expression, and has match groups. To actually get the groups, use str.extract.
  if v.str.contains(r"(시|도)\S*\s*\S+(구|군|시)").mean() > 0.6 if not digits.mean() > 0.9 else False:
E:\sources\260928 data_go_mcp\pds\probe\synth.py:54: UserWarning: This pattern is interpreted as a regular expression, and has match groups. To actually get the groups, use str.extract.
  if v.str.contains(r"(시|도)\S*\s*\S+(구|군|시)").mean() > 0.6 if not digits.mean() > 0.9 else False:
E:\sources\260928 data_go_mcp\pds\probe\synth.py:54: UserWarning: This pattern is interpreted as a regular expression, and has match groups. To actually get the groups, use str.extract.
  if v.str.contains(r"(시|도)\S*\s*\S+(구|군|시)").mean() > 0.6 if not digits.mean() > 0.9 else False:
E:\sources\260928 data_go_mcp\pds\probe\synth.py:54: UserWarning: This pattern is interpreted as a regular expression, and has match groups. To actually get the groups, use str.extract.
  if v.str.contains(r"(시|도)\S*\s*\S+(구|군|시)").mean() > 0.6 if not digits.mean() > 0.9 else False:
E:\sources\260928 data_go_mcp\pds\probe\synth.py:54: UserWarning: This pattern is interpreted as a regular expression, and has match groups. To actually get the groups, use str.extract.
  if v.str.contains(r"(시|도)\S*\s*\S+(구|군|시)").mean() > 0.6 if not digits.mean() > 0.9 else False:
E:\sources\260928 data_go_mcp\pds\probe\synth.py:54: UserWarning: This pattern is interpreted as a regular expression, and has match groups. To actually get the groups, use str.extract.
  if v.str.contains(r"(시|도)\S*\s*\S+(구|군|시)").mean() > 0.6 if not digits.mean() > 0.9 else False:
E:\sources\260928 data_go_mcp\pds\probe\synth.py:54: UserWarning: This pattern is interpreted as a regular expression, and has match groups. To actually get the groups, use str.extract.
  if v.str.contains(r"(시|도)\S*\s*\S+(구|군|시)").mean() > 0.6 if not digits.mean() > 0.9 else False:
E:\sources\260928 data_go_mcp\pds\probe\synth.py:54: UserWarning: This pattern is interpreted as a regular expression, and has match groups. To actually get the groups, use str.extract.
  if v.str.contains(r"(시|도)\S*\s*\S+(구|군|시)").mean() > 0.6 if not digits.mean() > 0.9 else False:
E:\sources\260928 data_go_mcp\pds\probe\synth.py:54: UserWarning: This pattern is interpreted as a regular expression, and has match groups. To actually get the groups, use str.extract.
  if v.str.contains(r"(시|도)\S*\s*\S+(구|군|시)").mean() > 0.6 if not digits.mean() > 0.9 else False:
E:\sources\260928 data_go_mcp\pds\probe\synth.py:54: UserWarning: This pattern is interpreted as a regular expression, and has match groups. To actually get the groups, use str.extract.
  if v.str.contains(r"(시|도)\S*\s*\S+(구|군|시)").mean() > 0.6 if not digits.mean() > 0.9 else False:
E:\sources\260928 data_go_mcp\pds\probe\synth.py:54: UserWarning: This pattern is interpreted as a regular expression, and has match groups. To actually get the groups, use str.extract.
  if v.str.contains(r"(시|도)\S*\s*\S+(구|군|시)").mean() > 0.6 if not digits.mean() > 0.9 else False:
E:\sources\260928 data_go_mcp\pds\probe\synth.py:54: UserWarning: This pattern is interpreted as a regular expression, and has match groups. To actually get the groups, use str.extract.
  if v.str.contains(r"(시|도)\S*\s*\S+(구|군|시)").mean() > 0.6 if not digits.mean() > 0.9 else False:
E:\sources\260928 data_go_mcp\pds\probe\synth.py:54: UserWarning: This pattern is interpreted as a regular expression, and has match groups. To actually get the groups, use str.extract.
  if v.str.contains(r"(시|도)\S*\s*\S+(구|군|시)").mean() > 0.6 if not digits.mean() > 0.9 else False:
E:\sources\260928 data_go_mcp\pds\probe\synth.py:54: UserWarning: This pattern is interpreted as a regular expression, and has match groups. To actually get the groups, use str.extract.
  if v.str.contains(r"(시|도)\S*\s*\S+(구|군|시)").mean() > 0.6 if not digits.mean() > 0.9 else False:
E:\sources\260928 data_go_mcp\pds\probe\synth.py:54: UserWarning: This pattern is interpreted as a regular expression, and has match groups. To actually get the groups, use str.extract.
  if v.str.contains(r"(시|도)\S*\s*\S+(구|군|시)").mean() > 0.6 if not digits.mean() > 0.9 else False:
E:\sources\260928 data_go_mcp\pds\probe\synth.py:54: UserWarning: This pattern is interpreted as a regular expression, and has match groups. To actually get the groups, use str.extract.
  if v.str.contains(r"(시|도)\S*\s*\S+(구|군|시)").mean() > 0.6 if not digits.mean() > 0.9 else False:
E:\sources\260928 data_go_mcp\pds\probe\synth.py:54: UserWarning: This pattern is interpreted as a regular expression, and has match groups. To actually get the groups, use str.extract.
  if v.str.contains(r"(시|도)\S*\s*\S+(구|군|시)").mean() > 0.6 if not digits.mean() > 0.9 else False:
E:\sources\260928 data_go_mcp\pds\probe\synth.py:54: UserWarning: This pattern is interpreted as a regular expression, and has match groups. To actually get the groups, use str.extract.
  if v.str.contains(r"(시|도)\S*\s*\S+(구|군|시)").mean() > 0.6 if not digits.mean() > 0.9 else False:
E:\sources\260928 data_go_mcp\pds\probe\synth.py:54: UserWarning: This pattern is interpreted as a regular expression, and has match groups. To actually get the groups, use str.extract.
  if v.str.contains(r"(시|도)\S*\s*\S+(구|군|시)").mean() > 0.6 if not digits.mean() > 0.9 else False:
E:\sources\260928 data_go_mcp\pds\probe\synth.py:54: UserWarning: This pattern is interpreted as a regular expression, and has match groups. To actually get the groups, use str.extract.
  if v.str.contains(r"(시|도)\S*\s*\S+(구|군|시)").mean() > 0.6 if not digits.mean() > 0.9 else False:
E:\sources\260928 data_go_mcp\pds\probe\synth.py:54: UserWarning: This pattern is interpreted as a regular expression, and has match groups. To actually get the groups, use str.extract.
  if v.str.contains(r"(시|도)\S*\s*\S+(구|군|시)").mean() > 0.6 if not digits.mean() > 0.9 else False:
E:\sources\260928 data_go_mcp\pds\probe\synth.py:54: UserWarning: This pattern is interpreted as a regular expression, and has match groups. To actually get the groups, use str.extract.
  if v.str.contains(r"(시|도)\S*\s*\S+(구|군|시)").mean() > 0.6 if not digits.mean() > 0.9 else False:
E:\sources\260928 data_go_mcp\pds\probe\synth.py:54: UserWarning: This pattern is interpreted as a regular expression, and has match groups. To actually get the groups, use str.extract.
  if v.str.contains(r"(시|도)\S*\s*\S+(구|군|시)").mean() > 0.6 if not digits.mean() > 0.9 else False:
E:\sources\260928 data_go_mcp\pds\probe\synth.py:54: UserWarning: This pattern is interpreted as a regular expression, and has match groups. To actually get the groups, use str.extract.
  if v.str.contains(r"(시|도)\S*\s*\S+(구|군|시)").mean() > 0.6 if not digits.mean() > 0.9 else False:
E:\sources\260928 data_go_mcp\pds\probe\synth.py:54: UserWarning: This pattern is interpreted as a regular expression, and has match groups. To actually get the groups, use str.extract.
  if v.str.contains(r"(시|도)\S*\s*\S+(구|군|시)").mean() > 0.6 if not digits.mean() > 0.9 else False:
E:\sources\260928 data_go_mcp\pds\probe\synth.py:54: UserWarning: This pattern is interpreted as a regular expression, and has match groups. To actually get the groups, use str.extract.
  if v.str.contains(r"(시|도)\S*\s*\S+(구|군|시)").mean() > 0.6 if not digits.mean() > 0.9 else False:
E:\sources\260928 data_go_mcp\pds\probe\synth.py:54: UserWarning: This pattern is interpreted as a regular expression, and has match groups. To actually get the groups, use str.extract.
  if v.str.contains(r"(시|도)\S*\s*\S+(구|군|시)").mean() > 0.6 if not digits.mean() > 0.9 else False:
E:\sources\260928 data_go_mcp\pds\probe\synth.py:54: UserWarning: This pattern is interpreted as a regular expression, and has match groups. To actually get the groups, use str.extract.
  if v.str.contains(r"(시|도)\S*\s*\S+(구|군|시)").mean() > 0.6 if not digits.mean() > 0.9 else False:
E:\sources\260928 data_go_mcp\pds\probe\synth.py:54: UserWarning: This pattern is interpreted as a regular expression, and has match groups. To actually get the groups, use str.extract.
  if v.str.contains(r"(시|도)\S*\s*\S+(구|군|시)").mean() > 0.6 if not digits.mean() > 0.9 else False:
E:\sources\260928 data_go_mcp\pds\probe\synth.py:54: UserWarning: This pattern is interpreted as a regular expression, and has match groups. To actually get the groups, use str.extract.
  if v.str.contains(r"(시|도)\S*\s*\S+(구|군|시)").mean() > 0.6 if not digits.mean() > 0.9 else False:
E:\sources\260928 data_go_mcp\pds\probe\synth.py:54: UserWarning: This pattern is interpreted as a regular expression, and has match groups. To actually get the groups, use str.extract.
  if v.str.contains(r"(시|도)\S*\s*\S+(구|군|시)").mean() > 0.6 if not digits.mean() > 0.9 else False:
E:\sources\260928 data_go_mcp\pds\probe\synth.py:54: UserWarning: This pattern is interpreted as a regular expression, and has match groups. To actually get the groups, use str.extract.
  if v.str.contains(r"(시|도)\S*\s*\S+(구|군|시)").mean() > 0.6 if not digits.mean() > 0.9 else False:
E:\sources\260928 data_go_mcp\pds\probe\synth.py:54: UserWarning: This pattern is interpreted as a regular expression, and has match groups. To actually get the groups, use str.extract.
  if v.str.contains(r"(시|도)\S*\s*\S+(구|군|시)").mean() > 0.6 if not digits.mean() > 0.9 else False:
E:\sources\260928 data_go_mcp\pds\probe\synth.py:54: UserWarning: This pattern is interpreted as a regular expression, and has match groups. To actually get the groups, use str.extract.
  if v.str.contains(r"(시|도)\S*\s*\S+(구|군|시)").mean() > 0.6 if not digits.mean() > 0.9 else False:
E:\sources\260928 data_go_mcp\pds\probe\synth.py:54: UserWarning: This pattern is interpreted as a regular expression, and has match groups. To actually get the groups, use str.extract.
  if v.str.contains(r"(시|도)\S*\s*\S+(구|군|시)").mean() > 0.6 if not digits.mean() > 0.9 else False:
E:\sources\260928 data_go_mcp\pds\probe\synth.py:54: UserWarning: This pattern is interpreted as a regular expression, and has match groups. To actually get the groups, use str.extract.
  if v.str.contains(r"(시|도)\S*\s*\S+(구|군|시)").mean() > 0.6 if not digits.mean() > 0.9 else False:
E:\sources\260928 data_go_mcp\pds\probe\synth.py:54: UserWarning: This pattern is interpreted as a regular expression, and has match groups. To actually get the groups, use str.extract.
  if v.str.contains(r"(시|도)\S*\s*\S+(구|군|시)").mean() > 0.6 if not digits.mean() > 0.9 else False:
E:\sources\260928 data_go_mcp\pds\probe\synth.py:54: UserWarning: This pattern is interpreted as a regular expression, and has match groups. To actually get the groups, use str.extract.
  if v.str.contains(r"(시|도)\S*\s*\S+(구|군|시)").mean() > 0.6 if not digits.mean() > 0.9 else False:
E:\sources\260928 data_go_mcp\pds\probe\synth.py:54: UserWarning: This pattern is interpreted as a regular expression, and has match groups. To actually get the groups, use str.extract.
  if v.str.contains(r"(시|도)\S*\s*\S+(구|군|시)").mean() > 0.6 if not digits.mean() > 0.9 else False:
E:\sources\260928 data_go_mcp\pds\probe\synth.py:54: UserWarning: This pattern is interpreted as a regular expression, and has match groups. To actually get the groups, use str.extract.
  if v.str.contains(r"(시|도)\S*\s*\S+(구|군|시)").mean() > 0.6 if not digits.mean() > 0.9 else False:
E:\sources\260928 data_go_mcp\pds\probe\synth.py:54: UserWarning: This pattern is interpreted as a regular expression, and has match groups. To actually get the groups, use str.extract.
  if v.str.contains(r"(시|도)\S*\s*\S+(구|군|시)").mean() > 0.6 if not digits.mean() > 0.9 else False:
E:\sources\260928 data_go_mcp\pds\probe\synth.py:54: UserWarning: This pattern is interpreted as a regular expression, and has match groups. To actually get the groups, use str.extract.
  if v.str.contains(r"(시|도)\S*\s*\S+(구|군|시)").mean() > 0.6 if not digits.mean() > 0.9 else False:
E:\sources\260928 data_go_mcp\pds\probe\synth.py:54: UserWarning: This pattern is interpreted as a regular expression, and has match groups. To actually get the groups, use str.extract.
  if v.str.contains(r"(시|도)\S*\s*\S+(구|군|시)").mean() > 0.6 if not digits.mean() > 0.9 else False:
E:\sources\260928 data_go_mcp\pds\probe\synth.py:54: UserWarning: This pattern is interpreted as a regular expression, and has match groups. To actually get the groups, use str.extract.
  if v.str.contains(r"(시|도)\S*\s*\S+(구|군|시)").mean() > 0.6 if not digits.mean() > 0.9 else False:
E:\sources\260928 data_go_mcp\pds\probe\synth.py:54: UserWarning: This pattern is interpreted as a regular expression, and has match groups. To actually get the groups, use str.extract.
  if v.str.contains(r"(시|도)\S*\s*\S+(구|군|시)").mean() > 0.6 if not digits.mean() > 0.9 else False:
E:\sources\260928 data_go_mcp\pds\probe\synth.py:54: UserWarning: This pattern is interpreted as a regular expression, and has match groups. To actually get the groups, use str.extract.
  if v.str.contains(r"(시|도)\S*\s*\S+(구|군|시)").mean() > 0.6 if not digits.mean() > 0.9 else False:
E:\sources\260928 data_go_mcp\pds\probe\synth.py:54: UserWarning: This pattern is interpreted as a regular expression, and has match groups. To actually get the groups, use str.extract.
  if v.str.contains(r"(시|도)\S*\s*\S+(구|군|시)").mean() > 0.6 if not digits.mean() > 0.9 else False:
E:\sources\260928 data_go_mcp\pds\probe\synth.py:54: UserWarning: This pattern is interpreted as a regular expression, and has match groups. To actually get the groups, use str.extract.
  if v.str.contains(r"(시|도)\S*\s*\S+(구|군|시)").mean() > 0.6 if not digits.mean() > 0.9 else False:
E:\sources\260928 data_go_mcp\pds\probe\synth.py:54: UserWarning: This pattern is interpreted as a regular expression, and has match groups. To actually get the groups, use str.extract.
  if v.str.contains(r"(시|도)\S*\s*\S+(구|군|시)").mean() > 0.6 if not digits.mean() > 0.9 else False:
E:\sources\260928 data_go_mcp\pds\probe\synth.py:54: UserWarning: This pattern is interpreted as a regular expression, and has match groups. To actually get the groups, use str.extract.
  if v.str.contains(r"(시|도)\S*\s*\S+(구|군|시)").mean() > 0.6 if not digits.mean() > 0.9 else False:
E:\sources\260928 data_go_mcp\pds\probe\synth.py:54: UserWarning: This pattern is interpreted as a regular expression, and has match groups. To actually get the groups, use str.extract.
  if v.str.contains(r"(시|도)\S*\s*\S+(구|군|시)").mean() > 0.6 if not digits.mean() > 0.9 else False:
E:\sources\260928 data_go_mcp\pds\probe\synth.py:54: UserWarning: This pattern is interpreted as a regular expression, and has match groups. To actually get the groups, use str.extract.
  if v.str.contains(r"(시|도)\S*\s*\S+(구|군|시)").mean() > 0.6 if not digits.mean() > 0.9 else False:
E:\sources\260928 data_go_mcp\pds\probe\synth.py:54: UserWarning: This pattern is interpreted as a regular expression, and has match groups. To actually get the groups, use str.extract.
  if v.str.contains(r"(시|도)\S*\s*\S+(구|군|시)").mean() > 0.6 if not digits.mean() > 0.9 else False:
E:\sources\260928 data_go_mcp\pds\probe\synth.py:54: UserWarning: This pattern is interpreted as a regular expression, and has match groups. To actually get the groups, use str.extract.
  if v.str.contains(r"(시|도)\S*\s*\S+(구|군|시)").mean() > 0.6 if not digits.mean() > 0.9 else False:
E:\sources\260928 data_go_mcp\pds\probe\synth.py:54: UserWarning: This pattern is interpreted as a regular expression, and has match groups. To actually get the groups, use str.extract.
  if v.str.contains(r"(시|도)\S*\s*\S+(구|군|시)").mean() > 0.6 if not digits.mean() > 0.9 else False:
E:\sources\260928 data_go_mcp\pds\probe\synth.py:54: UserWarning: This pattern is interpreted as a regular expression, and has match groups. To actually get the groups, use str.extract.
  if v.str.contains(r"(시|도)\S*\s*\S+(구|군|시)").mean() > 0.6 if not digits.mean() > 0.9 else False:
E:\sources\260928 data_go_mcp\pds\probe\synth.py:54: UserWarning: This pattern is interpreted as a regular expression, and has match groups. To actually get the groups, use str.extract.
  if v.str.contains(r"(시|도)\S*\s*\S+(구|군|시)").mean() > 0.6 if not digits.mean() > 0.9 else False:
E:\sources\260928 data_go_mcp\pds\probe\synth.py:54: UserWarning: This pattern is interpreted as a regular expression, and has match groups. To actually get the groups, use str.extract.
  if v.str.contains(r"(시|도)\S*\s*\S+(구|군|시)").mean() > 0.6 if not digits.mean() > 0.9 else False:
E:\sources\260928 data_go_mcp\pds\probe\synth.py:54: UserWarning: This pattern is interpreted as a regular expression, and has match groups. To actually get the groups, use str.extract.
  if v.str.contains(r"(시|도)\S*\s*\S+(구|군|시)").mean() > 0.6 if not digits.mean() > 0.9 else False:
E:\sources\260928 data_go_mcp\pds\probe\synth.py:54: UserWarning: This pattern is interpreted as a regular expression, and has match groups. To actually get the groups, use str.extract.
  if v.str.contains(r"(시|도)\S*\s*\S+(구|군|시)").mean() > 0.6 if not digits.mean() > 0.9 else False:
E:\sources\260928 data_go_mcp\pds\probe\synth.py:54: UserWarning: This pattern is interpreted as a regular expression, and has match groups. To actually get the groups, use str.extract.
  if v.str.contains(r"(시|도)\S*\s*\S+(구|군|시)").mean() > 0.6 if not digits.mean() > 0.9 else False:
E:\sources\260928 data_go_mcp\pds\probe\synth.py:54: UserWarning: This pattern is interpreted as a regular expression, and has match groups. To actually get the groups, use str.extract.
  if v.str.contains(r"(시|도)\S*\s*\S+(구|군|시)").mean() > 0.6 if not digits.mean() > 0.9 else False:
E:\sources\260928 data_go_mcp\pds\probe\synth.py:54: UserWarning: This pattern is interpreted as a regular expression, and has match groups. To actually get the groups, use str.extract.
  if v.str.contains(r"(시|도)\S*\s*\S+(구|군|시)").mean() > 0.6 if not digits.mean() > 0.9 else False:
E:\sources\260928 data_go_mcp\pds\probe\synth.py:54: UserWarning: This pattern is interpreted as a regular expression, and has match groups. To actually get the groups, use str.extract.
  if v.str.contains(r"(시|도)\S*\s*\S+(구|군|시)").mean() > 0.6 if not digits.mean() > 0.9 else False:
E:\sources\260928 data_go_mcp\pds\probe\synth.py:54: UserWarning: This pattern is interpreted as a regular expression, and has match groups. To actually get the groups, use str.extract.
  if v.str.contains(r"(시|도)\S*\s*\S+(구|군|시)").mean() > 0.6 if not digits.mean() > 0.9 else False:
E:\sources\260928 data_go_mcp\pds\probe\synth.py:54: UserWarning: This pattern is interpreted as a regular expression, and has match groups. To actually get the groups, use str.extract.
  if v.str.contains(r"(시|도)\S*\s*\S+(구|군|시)").mean() > 0.6 if not digits.mean() > 0.9 else False:
E:\sources\260928 data_go_mcp\pds\probe\synth.py:54: UserWarning: This pattern is interpreted as a regular expression, and has match groups. To actually get the groups, use str.extract.
  if v.str.contains(r"(시|도)\S*\s*\S+(구|군|시)").mean() > 0.6 if not digits.mean() > 0.9 else False:
E:\sources\260928 data_go_mcp\pds\probe\synth.py:54: UserWarning: This pattern is interpreted as a regular expression, and has match groups. To actually get the groups, use str.extract.
  if v.str.contains(r"(시|도)\S*\s*\S+(구|군|시)").mean() > 0.6 if not digits.mean() > 0.9 else False:
E:\sources\260928 data_go_mcp\pds\probe\synth.py:54: UserWarning: This pattern is interpreted as a regular expression, and has match groups. To actually get the groups, use str.extract.
  if v.str.contains(r"(시|도)\S*\s*\S+(구|군|시)").mean() > 0.6 if not digits.mean() > 0.9 else False:
E:\sources\260928 data_go_mcp\pds\probe\synth.py:54: UserWarning: This pattern is interpreted as a regular expression, and has match groups. To actually get the groups, use str.extract.
  if v.str.contains(r"(시|도)\S*\s*\S+(구|군|시)").mean() > 0.6 if not digits.mean() > 0.9 else False:
E:\sources\260928 data_go_mcp\pds\probe\synth.py:54: UserWarning: This pattern is interpreted as a regular expression, and has match groups. To actually get the groups, use str.extract.
  if v.str.contains(r"(시|도)\S*\s*\S+(구|군|시)").mean() > 0.6 if not digits.mean() > 0.9 else False:
E:\sources\260928 data_go_mcp\pds\probe\synth.py:54: UserWarning: This pattern is interpreted as a regular expression, and has match groups. To actually get the groups, use str.extract.
  if v.str.contains(r"(시|도)\S*\s*\S+(구|군|시)").mean() > 0.6 if not digits.mean() > 0.9 else False:
E:\sources\260928 data_go_mcp\pds\probe\synth.py:54: UserWarning: This pattern is interpreted as a regular expression, and has match groups. To actually get the groups, use str.extract.
  if v.str.contains(r"(시|도)\S*\s*\S+(구|군|시)").mean() > 0.6 if not digits.mean() > 0.9 else False:
E:\sources\260928 data_go_mcp\pds\probe\synth.py:54: UserWarning: This pattern is interpreted as a regular expression, and has match groups. To actually get the groups, use str.extract.
  if v.str.contains(r"(시|도)\S*\s*\S+(구|군|시)").mean() > 0.6 if not digits.mean() > 0.9 else False:
E:\sources\260928 data_go_mcp\pds\probe\synth.py:54: UserWarning: This pattern is interpreted as a regular expression, and has match groups. To actually get the groups, use str.extract.
  if v.str.contains(r"(시|도)\S*\s*\S+(구|군|시)").mean() > 0.6 if not digits.mean() > 0.9 else False:
E:\sources\260928 data_go_mcp\pds\probe\synth.py:54: UserWarning: This pattern is interpreted as a regular expression, and has match groups. To actually get the groups, use str.extract.
  if v.str.contains(r"(시|도)\S*\s*\S+(구|군|시)").mean() > 0.6 if not digits.mean() > 0.9 else False:
E:\sources\260928 data_go_mcp\pds\probe\synth.py:54: UserWarning: This pattern is interpreted as a regular expression, and has match groups. To actually get the groups, use str.extract.
  if v.str.contains(r"(시|도)\S*\s*\S+(구|군|시)").mean() > 0.6 if not digits.mean() > 0.9 else False:
E:\sources\260928 data_go_mcp\pds\probe\synth.py:54: UserWarning: This pattern is interpreted as a regular expression, and has match groups. To actually get the groups, use str.extract.
  if v.str.contains(r"(시|도)\S*\s*\S+(구|군|시)").mean() > 0.6 if not digits.mean() > 0.9 else False:
E:\sources\260928 data_go_mcp\pds\probe\synth.py:54: UserWarning: This pattern is interpreted as a regular expression, and has match groups. To actually get the groups, use str.extract.
  if v.str.contains(r"(시|도)\S*\s*\S+(구|군|시)").mean() > 0.6 if not digits.mean() > 0.9 else False:
E:\sources\260928 data_go_mcp\pds\probe\synth.py:54: UserWarning: This pattern is interpreted as a regular expression, and has match groups. To actually get the groups, use str.extract.
  if v.str.contains(r"(시|도)\S*\s*\S+(구|군|시)").mean() > 0.6 if not digits.mean() > 0.9 else False:
E:\sources\260928 data_go_mcp\pds\probe\synth.py:54: UserWarning: This pattern is interpreted as a regular expression, and has match groups. To actually get the groups, use str.extract.
  if v.str.contains(r"(시|도)\S*\s*\S+(구|군|시)").mean() > 0.6 if not digits.mean() > 0.9 else False:
E:\sources\260928 data_go_mcp\pds\probe\synth.py:54: UserWarning: This pattern is interpreted as a regular expression, and has match groups. To actually get the groups, use str.extract.
  if v.str.contains(r"(시|도)\S*\s*\S+(구|군|시)").mean() > 0.6 if not digits.mean() > 0.9 else False:
E:\sources\260928 data_go_mcp\pds\probe\synth.py:54: UserWarning: This pattern is interpreted as a regular expression, and has match groups. To actually get the groups, use str.extract.
  if v.str.contains(r"(시|도)\S*\s*\S+(구|군|시)").mean() > 0.6 if not digits.mean() > 0.9 else False:
E:\sources\260928 data_go_mcp\pds\probe\synth.py:54: UserWarning: This pattern is interpreted as a regular expression, and has match groups. To actually get the groups, use str.extract.
  if v.str.contains(r"(시|도)\S*\s*\S+(구|군|시)").mean() > 0.6 if not digits.mean() > 0.9 else False:
E:\sources\260928 data_go_mcp\pds\probe\synth.py:54: UserWarning: This pattern is interpreted as a regular expression, and has match groups. To actually get the groups, use str.extract.
  if v.str.contains(r"(시|도)\S*\s*\S+(구|군|시)").mean() > 0.6 if not digits.mean() > 0.9 else False:
E:\sources\260928 data_go_mcp\pds\probe\synth.py:54: UserWarning: This pattern is interpreted as a regular expression, and has match groups. To actually get the groups, use str.extract.
  if v.str.contains(r"(시|도)\S*\s*\S+(구|군|시)").mean() > 0.6 if not digits.mean() > 0.9 else False:
E:\sources\260928 data_go_mcp\pds\probe\synth.py:54: UserWarning: This pattern is interpreted as a regular expression, and has match groups. To actually get the groups, use str.extract.
  if v.str.contains(r"(시|도)\S*\s*\S+(구|군|시)").mean() > 0.6 if not digits.mean() > 0.9 else False:
E:\sources\260928 data_go_mcp\pds\probe\synth.py:54: UserWarning: This pattern is interpreted as a regular expression, and has match groups. To actually get the groups, use str.extract.
  if v.str.contains(r"(시|도)\S*\s*\S+(구|군|시)").mean() > 0.6 if not digits.mean() > 0.9 else False:
E:\sources\260928 data_go_mcp\pds\probe\synth.py:54: UserWarning: This pattern is interpreted as a regular expression, and has match groups. To actually get the groups, use str.extract.
  if v.str.contains(r"(시|도)\S*\s*\S+(구|군|시)").mean() > 0.6 if not digits.mean() > 0.9 else False:
E:\sources\260928 data_go_mcp\pds\probe\synth.py:54: UserWarning: This pattern is interpreted as a regular expression, and has match groups. To actually get the groups, use str.extract.
  if v.str.contains(r"(시|도)\S*\s*\S+(구|군|시)").mean() > 0.6 if not digits.mean() > 0.9 else False:
E:\sources\260928 data_go_mcp\pds\probe\synth.py:54: UserWarning: This pattern is interpreted as a regular expression, and has match groups. To actually get the groups, use str.extract.
  if v.str.contains(r"(시|도)\S*\s*\S+(구|군|시)").mean() > 0.6 if not digits.mean() > 0.9 else False:
E:\sources\260928 data_go_mcp\pds\probe\synth.py:54: UserWarning: This pattern is interpreted as a regular expression, and has match groups. To actually get the groups, use str.extract.
  if v.str.contains(r"(시|도)\S*\s*\S+(구|군|시)").mean() > 0.6 if not digits.mean() > 0.9 else False:
E:\sources\260928 data_go_mcp\pds\probe\synth.py:54: UserWarning: This pattern is interpreted as a regular expression, and has match groups. To actually get the groups, use str.extract.
  if v.str.contains(r"(시|도)\S*\s*\S+(구|군|시)").mean() > 0.6 if not digits.mean() > 0.9 else False:
E:\sources\260928 data_go_mcp\pds\probe\synth.py:54: UserWarning: This pattern is interpreted as a regular expression, and has match groups. To actually get the groups, use str.extract.
  if v.str.contains(r"(시|도)\S*\s*\S+(구|군|시)").mean() > 0.6 if not digits.mean() > 0.9 else False:
E:\sources\260928 data_go_mcp\pds\probe\synth.py:54: UserWarning: This pattern is interpreted as a regular expression, and has match groups. To actually get the groups, use str.extract.
  if v.str.contains(r"(시|도)\S*\s*\S+(구|군|시)").mean() > 0.6 if not digits.mean() > 0.9 else False:
E:\sources\260928 data_go_mcp\pds\probe\synth.py:54: UserWarning: This pattern is interpreted as a regular expression, and has match groups. To actually get the groups, use str.extract.
  if v.str.contains(r"(시|도)\S*\s*\S+(구|군|시)").mean() > 0.6 if not digits.mean() > 0.9 else False:
E:\sources\260928 data_go_mcp\pds\probe\synth.py:54: UserWarning: This pattern is interpreted as a regular expression, and has match groups. To actually get the groups, use str.extract.
  if v.str.contains(r"(시|도)\S*\s*\S+(구|군|시)").mean() > 0.6 if not digits.mean() > 0.9 else False:
E:\sources\260928 data_go_mcp\pds\probe\synth.py:54: UserWarning: This pattern is interpreted as a regular expression, and has match groups. To actually get the groups, use str.extract.
  if v.str.contains(r"(시|도)\S*\s*\S+(구|군|시)").mean() > 0.6 if not digits.mean() > 0.9 else False:
E:\sources\260928 data_go_mcp\pds\probe\synth.py:54: UserWarning: This pattern is interpreted as a regular expression, and has match groups. To actually get the groups, use str.extract.
  if v.str.contains(r"(시|도)\S*\s*\S+(구|군|시)").mean() > 0.6 if not digits.mean() > 0.9 else False:
E:\sources\260928 data_go_mcp\pds\probe\synth.py:54: UserWarning: This pattern is interpreted as a regular expression, and has match groups. To actually get the groups, use str.extract.
  if v.str.contains(r"(시|도)\S*\s*\S+(구|군|시)").mean() > 0.6 if not digits.mean() > 0.9 else False:
E:\sources\260928 data_go_mcp\pds\probe\synth.py:54: UserWarning: This pattern is interpreted as a regular expression, and has match groups. To actually get the groups, use str.extract.
  if v.str.contains(r"(시|도)\S*\s*\S+(구|군|시)").mean() > 0.6 if not digits.mean() > 0.9 else False:
E:\sources\260928 data_go_mcp\pds\probe\synth.py:54: UserWarning: This pattern is interpreted as a regular expression, and has match groups. To actually get the groups, use str.extract.
  if v.str.contains(r"(시|도)\S*\s*\S+(구|군|시)").mean() > 0.6 if not digits.mean() > 0.9 else False:
E:\sources\260928 data_go_mcp\pds\probe\synth.py:54: UserWarning: This pattern is interpreted as a regular expression, and has match groups. To actually get the groups, use str.extract.
  if v.str.contains(r"(시|도)\S*\s*\S+(구|군|시)").mean() > 0.6 if not digits.mean() > 0.9 else False:
E:\sources\260928 data_go_mcp\pds\probe\synth.py:54: UserWarning: This pattern is interpreted as a regular expression, and has match groups. To actually get the groups, use str.extract.
  if v.str.contains(r"(시|도)\S*\s*\S+(구|군|시)").mean() > 0.6 if not digits.mean() > 0.9 else False:
E:\sources\260928 data_go_mcp\pds\probe\synth.py:54: UserWarning: This pattern is interpreted as a regular expression, and has match groups. To actually get the groups, use str.extract.
  if v.str.contains(r"(시|도)\S*\s*\S+(구|군|시)").mean() > 0.6 if not digits.mean() > 0.9 else False:
E:\sources\260928 data_go_mcp\pds\probe\synth.py:54: UserWarning: This pattern is interpreted as a regular expression, and has match groups. To actually get the groups, use str.extract.
  if v.str.contains(r"(시|도)\S*\s*\S+(구|군|시)").mean() > 0.6 if not digits.mean() > 0.9 else False:
E:\sources\260928 data_go_mcp\pds\probe\synth.py:54: UserWarning: This pattern is interpreted as a regular expression, and has match groups. To actually get the groups, use str.extract.
  if v.str.contains(r"(시|도)\S*\s*\S+(구|군|시)").mean() > 0.6 if not digits.mean() > 0.9 else False:
E:\sources\260928 data_go_mcp\pds\probe\synth.py:54: UserWarning: This pattern is interpreted as a regular expression, and has match groups. To actually get the groups, use str.extract.
  if v.str.contains(r"(시|도)\S*\s*\S+(구|군|시)").mean() > 0.6 if not digits.mean() > 0.9 else False:
E:\sources\260928 data_go_mcp\pds\probe\synth.py:54: UserWarning: This pattern is interpreted as a regular expression, and has match groups. To actually get the groups, use str.extract.
  if v.str.contains(r"(시|도)\S*\s*\S+(구|군|시)").mean() > 0.6 if not digits.mean() > 0.9 else False:
E:\sources\260928 data_go_mcp\pds\probe\synth.py:54: UserWarning: This pattern is interpreted as a regular expression, and has match groups. To actually get the groups, use str.extract.
  if v.str.contains(r"(시|도)\S*\s*\S+(구|군|시)").mean() > 0.6 if not digits.mean() > 0.9 else False:
E:\sources\260928 data_go_mcp\pds\probe\synth.py:54: UserWarning: This pattern is interpreted as a regular expression, and has match groups. To actually get the groups, use str.extract.
  if v.str.contains(r"(시|도)\S*\s*\S+(구|군|시)").mean() > 0.6 if not digits.mean() > 0.9 else False:
E:\sources\260928 data_go_mcp\pds\probe\synth.py:54: UserWarning: This pattern is interpreted as a regular expression, and has match groups. To actually get the groups, use str.extract.
  if v.str.contains(r"(시|도)\S*\s*\S+(구|군|시)").mean() > 0.6 if not digits.mean() > 0.9 else False:
E:\sources\260928 data_go_mcp\pds\probe\synth.py:54: UserWarning: This pattern is interpreted as a regular expression, and has match groups. To actually get the groups, use str.extract.
  if v.str.contains(r"(시|도)\S*\s*\S+(구|군|시)").mean() > 0.6 if not digits.mean() > 0.9 else False:
E:\sources\260928 data_go_mcp\pds\probe\synth.py:54: UserWarning: This pattern is interpreted as a regular expression, and has match groups. To actually get the groups, use str.extract.
  if v.str.contains(r"(시|도)\S*\s*\S+(구|군|시)").mean() > 0.6 if not digits.mean() > 0.9 else False:
E:\sources\260928 data_go_mcp\pds\probe\synth.py:54: UserWarning: This pattern is interpreted as a regular expression, and has match groups. To actually get the groups, use str.extract.
  if v.str.contains(r"(시|도)\S*\s*\S+(구|군|시)").mean() > 0.6 if not digits.mean() > 0.9 else False:
E:\sources\260928 data_go_mcp\pds\probe\synth.py:54: UserWarning: This pattern is interpreted as a regular expression, and has match groups. To actually get the groups, use str.extract.
  if v.str.contains(r"(시|도)\S*\s*\S+(구|군|시)").mean() > 0.6 if not digits.mean() > 0.9 else False:
E:\sources\260928 data_go_mcp\pds\probe\synth.py:54: UserWarning: This pattern is interpreted as a regular expression, and has match groups. To actually get the groups, use str.extract.
  if v.str.contains(r"(시|도)\S*\s*\S+(구|군|시)").mean() > 0.6 if not digits.mean() > 0.9 else False:
E:\sources\260928 data_go_mcp\pds\probe\synth.py:54: UserWarning: This pattern is interpreted as a regular expression, and has match groups. To actually get the groups, use str.extract.
  if v.str.contains(r"(시|도)\S*\s*\S+(구|군|시)").mean() > 0.6 if not digits.mean() > 0.9 else False:
E:\sources\260928 data_go_mcp\pds\probe\synth.py:54: UserWarning: This pattern is interpreted as a regular expression, and has match groups. To actually get the groups, use str.extract.
  if v.str.contains(r"(시|도)\S*\s*\S+(구|군|시)").mean() > 0.6 if not digits.mean() > 0.9 else False:
E:\sources\260928 data_go_mcp\pds\probe\synth.py:54: UserWarning: This pattern is interpreted as a regular expression, and has match groups. To actually get the groups, use str.extract.
  if v.str.contains(r"(시|도)\S*\s*\S+(구|군|시)").mean() > 0.6 if not digits.mean() > 0.9 else False:
E:\sources\260928 data_go_mcp\pds\probe\synth.py:54: UserWarning: This pattern is interpreted as a regular expression, and has match groups. To actually get the groups, use str.extract.
  if v.str.contains(r"(시|도)\S*\s*\S+(구|군|시)").mean() > 0.6 if not digits.mean() > 0.9 else False:
E:\sources\260928 data_go_mcp\pds\probe\synth.py:54: UserWarning: This pattern is interpreted as a regular expression, and has match groups. To actually get the groups, use str.extract.
  if v.str.contains(r"(시|도)\S*\s*\S+(구|군|시)").mean() > 0.6 if not digits.mean() > 0.9 else False:
E:\sources\260928 data_go_mcp\pds\probe\synth.py:54: UserWarning: This pattern is interpreted as a regular expression, and has match groups. To actually get the groups, use str.extract.
  if v.str.contains(r"(시|도)\S*\s*\S+(구|군|시)").mean() > 0.6 if not digits.mean() > 0.9 else False:
E:\sources\260928 data_go_mcp\pds\probe\synth.py:54: UserWarning: This pattern is interpreted as a regular expression, and has match groups. To actually get the groups, use str.extract.
  if v.str.contains(r"(시|도)\S*\s*\S+(구|군|시)").mean() > 0.6 if not digits.mean() > 0.9 else False:
E:\sources\260928 data_go_mcp\pds\probe\synth.py:54: UserWarning: This pattern is interpreted as a regular expression, and has match groups. To actually get the groups, use str.extract.
  if v.str.contains(r"(시|도)\S*\s*\S+(구|군|시)").mean() > 0.6 if not digits.mean() > 0.9 else False:
E:\sources\260928 data_go_mcp\pds\probe\synth.py:54: UserWarning: This pattern is interpreted as a regular expression, and has match groups. To actually get the groups, use str.extract.
  if v.str.contains(r"(시|도)\S*\s*\S+(구|군|시)").mean() > 0.6 if not digits.mean() > 0.9 else False:
E:\sources\260928 data_go_mcp\pds\probe\synth.py:54: UserWarning: This pattern is interpreted as a regular expression, and has match groups. To actually get the groups, use str.extract.
  if v.str.contains(r"(시|도)\S*\s*\S+(구|군|시)").mean() > 0.6 if not digits.mean() > 0.9 else False:
E:\sources\260928 data_go_mcp\pds\probe\synth.py:54: UserWarning: This pattern is interpreted as a regular expression, and has match groups. To actually get the groups, use str.extract.
  if v.str.contains(r"(시|도)\S*\s*\S+(구|군|시)").mean() > 0.6 if not digits.mean() > 0.9 else False:
E:\sources\260928 data_go_mcp\pds\probe\synth.py:54: UserWarning: This pattern is interpreted as a regular expression, and has match groups. To actually get the groups, use str.extract.
  if v.str.contains(r"(시|도)\S*\s*\S+(구|군|시)").mean() > 0.6 if not digits.mean() > 0.9 else False:
E:\sources\260928 data_go_mcp\pds\probe\synth.py:54: UserWarning: This pattern is interpreted as a regular expression, and has match groups. To actually get the groups, use str.extract.
  if v.str.contains(r"(시|도)\S*\s*\S+(구|군|시)").mean() > 0.6 if not digits.mean() > 0.9 else False:
E:\sources\260928 data_go_mcp\pds\probe\synth.py:54: UserWarning: This pattern is interpreted as a regular expression, and has match groups. To actually get the groups, use str.extract.
  if v.str.contains(r"(시|도)\S*\s*\S+(구|군|시)").mean() > 0.6 if not digits.mean() > 0.9 else False:
E:\sources\260928 data_go_mcp\pds\probe\synth.py:54: UserWarning: This pattern is interpreted as a regular expression, and has match groups. To actually get the groups, use str.extract.
  if v.str.contains(r"(시|도)\S*\s*\S+(구|군|시)").mean() > 0.6 if not digits.mean() > 0.9 else False:
E:\sources\260928 data_go_mcp\pds\probe\synth.py:54: UserWarning: This pattern is interpreted as a regular expression, and has match groups. To actually get the groups, use str.extract.
  if v.str.contains(r"(시|도)\S*\s*\S+(구|군|시)").mean() > 0.6 if not digits.mean() > 0.9 else False:
E:\sources\260928 data_go_mcp\pds\probe\synth.py:54: UserWarning: This pattern is interpreted as a regular expression, and has match groups. To actually get the groups, use str.extract.
  if v.str.contains(r"(시|도)\S*\s*\S+(구|군|시)").mean() > 0.6 if not digits.mean() > 0.9 else False:
E:\sources\260928 data_go_mcp\pds\probe\synth.py:54: UserWarning: This pattern is interpreted as a regular expression, and has match groups. To actually get the groups, use str.extract.
  if v.str.contains(r"(시|도)\S*\s*\S+(구|군|시)").mean() > 0.6 if not digits.mean() > 0.9 else False:
E:\sources\260928 data_go_mcp\pds\probe\synth.py:54: UserWarning: This pattern is interpreted as a regular expression, and has match groups. To actually get the groups, use str.extract.
  if v.str.contains(r"(시|도)\S*\s*\S+(구|군|시)").mean() > 0.6 if not digits.mean() > 0.9 else False:
E:\sources\260928 data_go_mcp\pds\probe\synth.py:54: UserWarning: This pattern is interpreted as a regular expression, and has match groups. To actually get the groups, use str.extract.
  if v.str.contains(r"(시|도)\S*\s*\S+(구|군|시)").mean() > 0.6 if not digits.mean() > 0.9 else False:
E:\sources\260928 data_go_mcp\pds\probe\synth.py:54: UserWarning: This pattern is interpreted as a regular expression, and has match groups. To actually get the groups, use str.extract.
  if v.str.contains(r"(시|도)\S*\s*\S+(구|군|시)").mean() > 0.6 if not digits.mean() > 0.9 else False:
E:\sources\260928 data_go_mcp\pds\probe\synth.py:54: UserWarning: This pattern is interpreted as a regular expression, and has match groups. To actually get the groups, use str.extract.
  if v.str.contains(r"(시|도)\S*\s*\S+(구|군|시)").mean() > 0.6 if not digits.mean() > 0.9 else False:
E:\sources\260928 data_go_mcp\pds\probe\synth.py:54: UserWarning: This pattern is interpreted as a regular expression, and has match groups. To actually get the groups, use str.extract.
  if v.str.contains(r"(시|도)\S*\s*\S+(구|군|시)").mean() > 0.6 if not digits.mean() > 0.9 else False:
E:\sources\260928 data_go_mcp\pds\probe\synth.py:54: UserWarning: This pattern is interpreted as a regular expression, and has match groups. To actually get the groups, use str.extract.
  if v.str.contains(r"(시|도)\S*\s*\S+(구|군|시)").mean() > 0.6 if not digits.mean() > 0.9 else False:
E:\sources\260928 data_go_mcp\reports\phase2_round2_synthesis.md
+ echo DONE
DONE
